method,family,response,calibration,update,subject,seed,relative_LEW_AUC,LEW_initial,LEW_final,relative_LEW_final,LEW_reduction_pct,divergence,nan,solver_failure,optimization_ms,evaluation_ms,diagnostic_ms
ebsw_full_b1,ebsw,full,b1,normalized,1,1788,0.7118993862942405,7.00240537723237,4.396293693930881,0.6278262192910161,37.217378070898384,False,False,False,2064.5248217042536,240.662305848673,377.11544893682
ebsw_full_b1,ebsw,full,b1,normalized,3,1788,0.6414610820336673,10.198606317621376,5.480701113425585,0.5373970661026408,46.260293389735914,False,False,False,2109.888187609613,251.4774992596358,377.7299281209707
ebsw_full_b1,ebsw,full,b1,normalized,8,1788,0.6430611214034155,10.270850778196136,5.826136113372746,0.567249611467531,43.27503885324691,False,False,False,2035.4246217757463,245.73289137333632,381.6913673654199
ebsw_full_b1,ebsw,full,b1,normalized,1,3654,0.7191769013331151,7.00240537723237,4.465847201211602,0.6377590214545223,36.224097854547765,False,False,False,1924.3779247626665,234.77620212361217,367.7420374006033
ebsw_full_b1,ebsw,full,b1,normalized,3,3654,0.640545635818321,10.198606317621376,5.479818076021713,0.5373104819776761,46.2689518022324,False,False,False,2021.499238209799,248.8303494174033,409.7028321120888
ebsw_full_b1,ebsw,full,b1,normalized,8,3654,0.6440576847174438,10.270850778196136,5.890454479693424,0.5735118352803058,42.64881647196941,False,False,False,1998.1274295132607,236.76181794144213,378.6029410548508
ebsw_full_b1,ebsw,full,b1,normalized,1,6398,0.7105868905259958,7.00240537723237,4.369099865573622,0.6239427211368423,37.60572788631577,False,False,False,2588.76235736534,264.8771989624948,397.3033442161977
ebsw_full_b1,ebsw,full,b1,normalized,3,6398,0.6404217283571129,10.198606317621376,5.414849224002374,0.5309401162633838,46.905988373661614,False,False,False,1990.5305469874293,230.33519461750984,373.7044301815331
ebsw_full_b1,ebsw,full,b1,normalized,8,6398,0.6404977096035116,10.270850778196136,5.78788643745341,0.5635255114153195,43.64744885846805,False,False,False,2041.9804493431,245.56714529171583,352.72916057147086
ebsw_full_bscale,ebsw,full,bscale,normalized,1,1788,0.719058816299188,7.00240537723237,4.451484279393703,0.6357078803045685,36.42921196954315,False,False,False,1973.5845671966672,239.84752921387556,363.2807701360434
ebsw_full_bscale,ebsw,full,bscale,normalized,3,1788,0.6469231961690209,10.198606317621376,5.486650832582559,0.5379804516135311,46.20195483864689,False,False,False,2069.1244485788047,255.6179000530392,372.4346763920039
ebsw_full_bscale,ebsw,full,bscale,normalized,8,1788,0.6446252529622011,10.270850778196136,5.782818917624292,0.5630321228987737,43.696787710122635,False,False,False,1954.4666511937976,242.604203755036,372.1098017413169
ebsw_full_bscale,ebsw,full,bscale,normalized,1,3654,0.7197684398783901,7.00240537723237,4.485704404724725,0.6405947903715414,35.94052096284585,False,False,False,2005.6579834781587,247.7214268874377,376.76313309930265
ebsw_full_bscale,ebsw,full,bscale,normalized,3,3654,0.6502548420703073,10.198606317621376,5.552517284719471,0.5444388293649212,45.556117063507884,False,False,False,1978.9765984751284,244.2842565942556,377.7804053388536
ebsw_full_bscale,ebsw,full,bscale,normalized,8,3654,0.6503534896876128,10.270850778196136,5.883739523969702,0.5728580475981815,42.71419524018185,False,False,False,2004.5220979955047,248.43463255092504,348.0214481242001
ebsw_full_bscale,ebsw,full,bscale,normalized,1,6398,0.7157370416189403,7.00240537723237,4.436180298842183,0.6335223483727442,36.64776516272557,False,False,False,3629.829799756408,342.174879508093,515.8571731299162
ebsw_full_bscale,ebsw,full,bscale,normalized,3,6398,0.6470952180423759,10.198606317621376,5.49616322468151,0.5389131665162051,46.108683348379486,False,False,False,1968.6346834059805,235.678605735302,371.89328437671065
ebsw_full_bscale,ebsw,full,bscale,normalized,8,6398,0.6512803661316385,10.270850778196136,5.876523919065408,0.5721555152510451,42.784448474895484,False,False,False,1943.4455845039336,241.20204779319465,358.9696439448744
ebsw_full_ess025,ebsw,full,ess025,normalized,1,1788,0.8264850529383776,7.00240537723237,5.689276715469354,0.8124746296419051,18.752537035809496,False,False,False,3070.5921268090606,262.9026903305203,397.6468744222075
ebsw_full_ess025,ebsw,full,ess025,normalized,3,1788,0.7580754299295348,10.198606317621376,7.410366745725128,0.7266058238684371,27.339417613156286,False,False,False,3032.176616601646,283.77768071368337,409.387520281598
ebsw_full_ess025,ebsw,full,ess025,normalized,8,1788,0.7277568457696327,10.270850778196136,7.304796940220685,0.7112163439982936,28.87836560017064,False,False,False,2926.618254976347,263.8444530311972,399.8756441287696
ebsw_full_ess025,ebsw,full,ess025,normalized,1,3654,0.8232088896783023,7.00240537723237,5.644530369448436,0.8060844903097254,19.391550969027453,False,False,False,2989.0210337471217,274.760585045442,420.6615316215903
ebsw_full_ess025,ebsw,full,ess025,normalized,3,3654,0.75401806952368,10.198606317621376,7.341986407409473,0.7199009530080426,28.009904699195737,False,False,False,2917.0114560984075,265.78323845751584,402.2279910277575
ebsw_full_ess025,ebsw,full,ess025,normalized,8,3654,0.728498247561882,10.270850778196136,7.263573185360385,0.7072026789426379,29.279732105736212,False,False,False,3011.96052483283,278.3961882814765,411.81615903042257
ebsw_full_ess025,ebsw,full,ess025,normalized,1,6398,0.8260427823576847,7.00240537723237,5.662092697052976,0.8085925324264589,19.14074675735411,False,False,False,6379.584342939779,355.5240745190531,623.8454582635313
ebsw_full_ess025,ebsw,full,ess025,normalized,3,6398,0.7564806604078539,10.198606317621376,7.411434990629198,0.7267105680727727,27.328943192722736,False,False,False,2951.8925982993096,263.8549387920648,399.7391180600971
ebsw_full_ess025,ebsw,full,ess025,normalized,8,6398,0.7297625040151198,10.270850778196136,7.303045334143595,0.711045802519801,28.895419748019897,False,False,False,2864.6253489423543,255.99999609403312,378.00663243979216
ebsw_full_ess050,ebsw,full,ess050,normalized,1,1788,0.7948231133116805,7.00240537723237,5.352106175281856,0.7643239554059096,23.56760445940904,False,False,False,2907.916707918048,261.0671503935009,396.4303322136402
ebsw_full_ess050,ebsw,full,ess050,normalized,3,1788,0.7248098912157219,10.198606317621376,6.968959675813257,0.6833247071977017,31.66752928022984,False,False,False,2833.2598044071347,245.7571488339454,403.19912414997816
ebsw_full_ess050,ebsw,full,ess050,normalized,8,1788,0.7067087300361184,10.270850778196136,6.974453324814543,0.6790531257274738,32.09468742725262,False,False,False,2908.1796703394502,258.76203505322337,398.869609227404
ebsw_full_ess050,ebsw,full,ess050,normalized,1,3654,0.7940271432135251,7.00240537723237,5.403280004630434,0.771631991229566,22.836800877043395,False,False,False,2913.0234867334366,257.12638907134533,380.6725300382823
ebsw_full_ess050,ebsw,full,ess050,normalized,3,3654,0.7277153571090702,10.198606317621376,7.005973987683866,0.6869540572008148,31.30459427991852,False,False,False,2848.5990518238395,261.0535454005003,388.2339370902628
ebsw_full_ess050,ebsw,full,ess050,normalized,8,3654,0.70687487759034,10.270850778196136,6.941695950510473,0.6758637721859337,32.41362278140664,False,False,False,2854.4113975949585,263.231490040198,423.8633259665221
ebsw_full_ess050,ebsw,full,ess050,normalized,1,6398,0.7971061655257857,7.00240537723237,5.365573290904609,0.7662471682016927,23.37528317983073,False,False,False,6464.956757379696,368.9435699488968,646.0828690323979
ebsw_full_ess050,ebsw,full,ess050,normalized,3,6398,0.7247728536652198,10.198606317621376,6.935513215263214,0.6800451943399248,31.995480566007522,False,False,False,2831.978910136968,241.63770955055952,381.0059982351959
ebsw_full_ess050,ebsw,full,ess050,normalized,8,6398,0.7068778095545889,10.270850778196136,6.993216721593057,0.6808799847855711,31.91200152144289,False,False,False,2933.032043976709,260.97810198552907,369.0702819731087
ebsw_full_ess075,ebsw,full,ess075,normalized,1,1788,0.7640636625541568,7.00240537723237,5.04608854665291,0.7206221683565719,27.937783164342807,False,False,False,2891.692786477506,243.86101122945547,369.259741390124
ebsw_full_ess075,ebsw,full,ess075,normalized,3,1788,0.6922948614064345,10.198606317621376,6.453453320327824,0.6327779619434281,36.722203805657195,False,False,False,2850.957050221041,236.58627271652225,361.40513559803367
ebsw_full_ess075,ebsw,full,ess075,normalized,8,1788,0.6803999397847007,10.270850778196136,6.535063775277908,0.6362728771360514,36.37271228639486,False,False,False,2951.7271330114454,262.6609434373677,352.5778071489185
ebsw_full_ess075,ebsw,full,ess075,normalized,1,3654,0.7651640336319054,7.00240537723237,5.066769705247946,0.7235756047089258,27.642439529107417,False,False,False,2866.046705748886,242.06181848421693,351.9550929777324
ebsw_full_ess075,ebsw,full,ess075,normalized,3,3654,0.6920045438473745,10.198606317621376,6.412244777738134,0.6287373566581266,37.12626433418735,False,False,False,2870.637689484284,258.33596964366734,371.0291755851358
ebsw_full_ess075,ebsw,full,ess075,normalized,8,3654,0.6797055843319073,10.270850778196136,6.523461363518077,0.6351432324736578,36.48567675263422,False,False,False,2870.0735848397017,254.4546935241669,381.1974367126823
ebsw_full_ess075,ebsw,full,ess075,normalized,1,6398,0.7606906608530329,7.00240537723237,5.036824810613387,0.7192992320881801,28.070076791181986,False,False,False,6953.841819195077,351.4449864160269,596.6206060256809
ebsw_full_ess075,ebsw,full,ess075,normalized,3,6398,0.6955125719899112,10.198606317621376,6.472651588598064,0.63466040231541,36.533959768459,False,False,False,2892.9434660822158,239.9725574068725,359.8926439881325
ebsw_full_ess075,ebsw,full,ess075,normalized,8,6398,0.6816255670523556,10.270850778196136,6.5731630784774,0.639982336461502,36.001766353849796,False,False,False,2840.5285202898085,239.6095443982631,366.73807306215167
ebsw_full_essmatch,ebsw,full,essmatch,normalized,1,1788,0.8068964479920104,7.00240537723237,5.493772931722935,0.7845551115314454,21.54448884685546,False,False,False,3017.391230678186,285.7555588707328,393.8410943374038
ebsw_full_essmatch,ebsw,full,essmatch,normalized,3,1788,0.7400027980012893,10.198606317621376,7.183829633099768,0.7043932679985293,29.56067320014707,False,False,False,2972.835070686415,262.40748004056513,425.8670697454363
ebsw_full_essmatch,ebsw,full,essmatch,normalized,8,1788,0.7159187165750976,10.270850778196136,7.101694481306238,0.6914416959870878,30.85583040129121,False,False,False,3074.8812796082348,277.3319708649069,406.3259388785809
ebsw_full_essmatch,ebsw,full,essmatch,normalized,1,3654,0.8069027647931152,7.00240537723237,5.446540274430567,0.777809906884205,22.21900931157949,False,False,False,2888.6496166232973,253.90842836350205,358.46023028716445
ebsw_full_essmatch,ebsw,full,essmatch,normalized,3,3654,0.7416032739127822,10.198606317621376,7.184934939310267,0.7045016461608071,29.549835383919284,False,False,False,2937.686746707186,259.16540157049894,388.9433841686696
ebsw_full_essmatch,ebsw,full,essmatch,normalized,8,3654,0.7180074291839785,10.270850778196136,7.102110680370084,0.6914822183423275,30.851778165767257,False,False,False,2937.59824661538,263.78021109849215,406.6045260988176
ebsw_full_essmatch,ebsw,full,essmatch,normalized,1,6398,0.8073932174536715,7.00240537723237,5.5118311485656655,0.7871339706334113,21.286602936658873,False,False,False,6993.381678592414,391.5556108113378,654.3169107753783
ebsw_full_essmatch,ebsw,full,essmatch,normalized,3,6398,0.7392676522555403,10.198606317621376,7.224541273758265,0.7083851507509947,29.161484924900535,False,False,False,3013.6421779170632,263.6517875362188,370.48072600737214
ebsw_full_essmatch,ebsw,full,essmatch,normalized,8,6398,0.7177863919764274,10.270850778196136,7.09291535959492,0.6905869350815984,30.94130649184016,False,False,False,2885.3192317765206,262.2228260152042,394.1251302603632
ebsw_stop_b1,ebsw,stop,b1,normalized,1,1788,0.7170974607711609,7.00240537723237,4.469413594208369,0.6382683311566374,36.17316688433626,False,False,False,2014.578321250156,248.6147277522832,0.0
ebsw_stop_b1,ebsw,stop,b1,normalized,3,1788,0.6425656608968001,10.198606317621376,5.541901738932852,0.5433979473604577,45.660205263954225,False,False,False,1993.983834516257,242.62498831376436,0.0
ebsw_stop_b1,ebsw,stop,b1,normalized,8,1788,0.6431166356128952,10.270850778196136,5.781778307975885,0.5629308061071193,43.70691938928807,False,False,False,1893.432135693729,250.00212504528463,0.0
ebsw_stop_b1,ebsw,stop,b1,normalized,1,3654,0.7173310288141145,7.00240537723237,4.421043725950788,0.6313607236058306,36.863927639416936,False,False,False,1931.567823281512,237.00019298121333,0.0
ebsw_stop_b1,ebsw,stop,b1,normalized,3,3654,0.644727385103309,10.198606317621376,5.538539781903776,0.543068298688436,45.69317013115641,False,False,False,1974.918740335852,239.5931601058692,0.0
ebsw_stop_b1,ebsw,stop,b1,normalized,8,3654,0.6424355276666776,10.270850778196136,5.805308425324345,0.565221766988219,43.4778233011781,False,False,False,1996.963365469128,253.6492741201073,0.0
ebsw_stop_b1,ebsw,stop,b1,normalized,1,6398,0.716011164108249,7.00240537723237,4.457958163676801,0.6366324032269556,36.336759677304435,False,False,False,5187.633475055918,383.3503967616707,0.0
ebsw_stop_b1,ebsw,stop,b1,normalized,3,6398,0.6400950842524101,10.198606317621376,5.42987987847364,0.5324139112117481,46.75860887882519,False,False,False,1877.0569008775053,235.6020910665393,0.0
ebsw_stop_b1,ebsw,stop,b1,normalized,8,6398,0.6415097204280472,10.270850778196136,5.779013473595297,0.562661613764606,43.7338386235394,False,False,False,1898.9931251853704,235.6556297745556,0.0
ebsw_stop_bscale,ebsw,stop,bscale,normalized,1,1788,0.7144869913385304,7.00240537723237,4.400689855231034,0.6284540266034073,37.15459733965927,False,False,False,1880.3116322960705,228.05379214696583,0.0
ebsw_stop_bscale,ebsw,stop,bscale,normalized,3,1788,0.6417434249649149,10.198606317621376,5.461091630833415,0.5354743050918263,46.452569490817375,False,False,False,1954.534089192748,238.7101722415537,0.0
ebsw_stop_bscale,ebsw,stop,bscale,normalized,8,1788,0.6386077123901418,10.270850778196136,5.687059114515755,0.5537086690606725,44.62913309393276,False,False,False,1902.579746209085,246.5447273571044,0.0
ebsw_stop_bscale,ebsw,stop,bscale,normalized,1,3654,0.7201855479920353,7.00240537723237,4.472348256731334,0.6386874246487833,36.13125753512167,False,False,False,1946.6473292559383,241.2233620416373,0.0
ebsw_stop_bscale,ebsw,stop,bscale,normalized,3,3654,0.6438631453857877,10.198606317621376,5.459953719986232,0.5353627299597205,46.46372700402795,False,False,False,1968.842526897788,233.73681982047856,0.0
ebsw_stop_bscale,ebsw,stop,bscale,normalized,8,3654,0.6467900758967448,10.270850778196136,5.822563647076779,0.5669017857252321,43.309821427476784,False,False,False,1996.6246753465384,248.04096133448184,0.0
ebsw_stop_bscale,ebsw,stop,bscale,normalized,1,6398,0.7126166107785838,7.00240537723237,4.385452180048692,0.6262779636134116,37.37220363865884,False,False,False,3630.319530609995,307.6461981981993,0.0
ebsw_stop_bscale,ebsw,stop,bscale,normalized,3,6398,0.6457735762411146,10.198606317621376,5.516446933162227,0.5409020371372497,45.90979628627503,False,False,False,2022.6229613181204,247.5096140988171,0.0
ebsw_stop_bscale,ebsw,stop,bscale,normalized,8,6398,0.6456273465442532,10.270850778196136,5.840107223686573,0.568609879532518,43.139012046748206,False,False,False,1872.372979996726,234.8579426761717,0.0
ebsw_stop_ess025,ebsw,stop,ess025,normalized,1,1788,0.7782240153740011,7.00240537723237,5.1814066547130055,0.7399466862572449,26.005331374275507,False,False,False,2906.9744457956403,270.4527829773724,0.0
ebsw_stop_ess025,ebsw,stop,ess025,normalized,3,1788,0.7077572802730367,10.198606317621376,6.699409413975153,0.6568945996473818,34.310540035261816,False,False,False,2909.1605052817613,246.28173978999257,0.0
ebsw_stop_ess025,ebsw,stop,ess025,normalized,8,1788,0.6923513344133008,10.270850778196136,6.784745606641127,0.6605826287579195,33.941737124208046,False,False,False,2900.494540343061,256.9462873507291,0.0
ebsw_stop_ess025,ebsw,stop,ess025,normalized,1,3654,0.7806142171688266,7.00240537723237,5.192846260074939,0.7415803542249876,25.841964577501244,False,False,False,2780.2703753113747,258.2303574308753,0.0
ebsw_stop_ess025,ebsw,stop,ess025,normalized,3,3654,0.7038752905986486,10.198606317621376,6.626454578572914,0.6497411873937696,35.02588126062303,False,False,False,2814.829051028937,248.6104317940772,0.0
ebsw_stop_ess025,ebsw,stop,ess025,normalized,8,3654,0.690118311625622,10.270850778196136,6.711920944253641,0.6534922071404539,34.65077928595462,False,False,False,2927.870920859277,250.8055241778493,0.0
ebsw_stop_ess025,ebsw,stop,ess025,normalized,1,6398,0.773778426964101,7.00240537723237,5.133462126348967,0.733099820675894,26.690017932410598,False,False,False,4125.412775436416,293.7703679781407,0.0
ebsw_stop_ess025,ebsw,stop,ess025,normalized,3,6398,0.70930578382268,10.198606317621376,6.701027422077032,0.6570532495698799,34.29467504301201,False,False,False,2843.710630433634,251.2013225350529,0.0
ebsw_stop_ess025,ebsw,stop,ess025,normalized,8,6398,0.6899961643802062,10.270850778196136,6.69976249370099,0.6523084249187842,34.76915750812158,False,False,False,2981.850675074384,257.74575187824667,0.0
ebsw_stop_ess050,ebsw,stop,ess050,normalized,1,1788,0.7500309296891396,7.00240537723237,4.905058477708098,0.7004819363438186,29.951806365618136,False,False,False,2870.839182520285,236.7596672847867,0.0
ebsw_stop_ess050,ebsw,stop,ess050,normalized,3,1788,0.6763259916846899,10.198606317621376,6.174308760856354,0.6054071084387528,39.45928915612472,False,False,False,2686.7900150828063,230.39826191961765,0.0
ebsw_stop_ess050,ebsw,stop,ess050,normalized,8,1788,0.6680623092412867,10.270850778196136,6.322159963551799,0.6155439408167662,38.44560591832338,False,False,False,2806.44863541238,243.2239733170718,0.0
ebsw_stop_ess050,ebsw,stop,ess050,normalized,1,3654,0.748506518773429,7.00240537723237,4.839810544362133,0.6911640048858495,30.883599511415046,False,False,False,2834.7393795847893,245.59083627536893,0.0
ebsw_stop_ess050,ebsw,stop,ess050,normalized,3,3654,0.6782964909334177,10.198606317621376,6.17711080039111,0.6056818557373043,39.43181442626958,False,False,False,2879.983827471733,243.6857137363404,0.0
ebsw_stop_ess050,ebsw,stop,ess050,normalized,8,3654,0.669573202274371,10.270850778196136,6.33504403972046,0.6167983720656371,38.32016279343628,False,False,False,2798.0648884549737,251.7536880914122,0.0
ebsw_stop_ess050,ebsw,stop,ess050,normalized,1,6398,0.7478080695306856,7.00240537723237,4.889292803582949,0.6982304708436334,30.176952915636654,False,False,False,3809.220157098025,293.2619450148195,0.0
ebsw_stop_ess050,ebsw,stop,ess050,normalized,3,6398,0.6788985161096988,10.198606317621376,6.197910465067657,0.6077213172116244,39.22786827883757,False,False,False,2879.2830519378185,248.14513279125092,0.0
ebsw_stop_ess050,ebsw,stop,ess050,normalized,8,6398,0.6645205154548202,10.270850778196136,6.263310851300817,0.6098142195383778,39.01857804616222,False,False,False,2856.411868473515,248.38857166469097,0.0
ebsw_stop_ess075,ebsw,stop,ess075,normalized,1,1788,0.7271701641870326,7.00240537723237,4.621478836826477,0.6599844750280752,34.00155249719248,False,False,False,2995.2503088861704,242.9494271054864,0.0
ebsw_stop_ess075,ebsw,stop,ess075,normalized,3,1788,0.6457476561606961,10.198606317621376,5.630462995300378,0.5520816099717409,44.7918390028259,False,False,False,2745.9252232220024,245.12655148282647,0.0
ebsw_stop_ess075,ebsw,stop,ess075,normalized,8,1788,0.6475814476425422,10.270850778196136,5.9017145158926905,0.5746081452591414,42.53918547408586,False,False,False,2907.9719504807144,248.3269625809044,0.0
ebsw_stop_ess075,ebsw,stop,ess075,normalized,1,3654,0.7251885014869824,7.00240537723237,4.597686705511615,0.656586766664572,34.341323333542796,False,False,False,2858.0831738654524,238.70066925883293,0.0
ebsw_stop_ess075,ebsw,stop,ess075,normalized,3,3654,0.6516522101078966,10.198606317621376,5.720753856170025,0.5609348648241849,43.90651351758151,False,False,False,2863.657131791115,240.50470837391916,0.0
ebsw_stop_ess075,ebsw,stop,ess075,normalized,8,3654,0.6512846001956449,10.270850778196136,5.987423762844559,0.582953047624369,41.70469523756311,False,False,False,2931.533309398219,259.9215931259096,0.0
ebsw_stop_ess075,ebsw,stop,ess075,normalized,1,6398,0.7253210820294682,7.00240537723237,4.565961655770959,0.6520561735281326,34.794382647186744,False,False,False,4276.065825484693,285.29274743050337,0.0
ebsw_stop_ess075,ebsw,stop,ess075,normalized,3,6398,0.6539644779910194,10.198606317621376,5.694840294934958,0.5583939724288884,44.16060275711115,False,False,False,2794.687227346003,237.64967336319387,0.0
ebsw_stop_ess075,ebsw,stop,ess075,normalized,8,6398,0.6532885608309864,10.270850778196136,6.044756205251276,0.5885351015013883,41.146489849861176,False,False,False,2809.033111669123,243.01686510443687,0.0
ebsw_stop_essmatch,ebsw,stop,essmatch,normalized,1,1788,0.7611163095695711,7.00240537723237,5.006890016796447,0.715024301945708,28.497569805429208,False,False,False,2988.2015981711447,253.1400320585817,0.0
ebsw_stop_essmatch,ebsw,stop,essmatch,normalized,3,1788,0.6892083655949492,10.198606317621376,6.378433670702362,0.6254220892595457,37.45779107404544,False,False,False,2864.853005623445,248.75506735406816,0.0
ebsw_stop_essmatch,ebsw,stop,essmatch,normalized,8,1788,0.6788607677454375,10.270850778196136,6.471503332405475,0.6300844469616627,36.991555303833735,False,False,False,2944.2965392954648,251.50701170787212,0.0
ebsw_stop_essmatch,ebsw,stop,essmatch,normalized,1,3654,0.7621740071813198,7.00240537723237,5.03844911271549,0.7195311955371093,28.04688044628907,False,False,False,2934.4160796608776,257.64524564147,0.0
ebsw_stop_essmatch,ebsw,stop,essmatch,normalized,3,3654,0.6941175260461869,10.198606317621376,6.488026213770083,0.6361679244898324,36.38320755101676,False,False,False,3032.2772131767124,248.2387088239193,0.0
ebsw_stop_essmatch,ebsw,stop,essmatch,normalized,8,3654,0.6771097788121744,10.270850778196136,6.4684803509693385,0.629790120668601,37.02098793313991,False,False,False,2951.0760551784188,258.1250590737909,0.0
ebsw_stop_essmatch,ebsw,stop,essmatch,normalized,1,6398,0.7635665003475449,7.00240537723237,5.069723556624624,0.7239974385242434,27.60025614757566,False,False,False,5150.673063471913,320.486988639459,0.0
ebsw_stop_essmatch,ebsw,stop,essmatch,normalized,3,6398,0.687362188842212,10.198606317621376,6.351562082995898,0.6227872598652552,37.72127401347448,False,False,False,2812.133059371263,247.29469045996663,0.0
ebsw_stop_essmatch,ebsw,stop,essmatch,normalized,8,6398,0.6784200167622568,10.270850778196136,6.490550272289688,0.6319389126038515,36.80610873961485,False,False,False,2829.619880532846,253.91597300767896,0.0
lpwp_q2,lpwp,none,none,normalized,1,1788,0.7159184581355176,7.00240537723237,4.39989664606304,0.6283407499327117,37.165925006728834,False,False,False,2053.4534524194896,231.0041720047593,0.0
lpwp_q2,lpwp,none,none,normalized,3,1788,0.6404969809440425,10.198606317621376,5.488428351794185,0.5381547420171674,46.18452579828327,False,False,False,2072.6624915841967,226.2473716400564,0.0
lpwp_q2,lpwp,none,none,normalized,8,1788,0.641772949864053,10.270850778196136,5.805446163480999,0.5652351775770426,43.47648224229574,False,False,False,2164.7471415344626,266.4326436351985,0.0
lpwp_q2,lpwp,none,none,normalized,1,3654,0.7141461770351402,7.00240537723237,4.4120817159916434,0.6300808762567633,36.99191237432366,False,False,False,2168.1355799082667,240.3187109157443,0.0
lpwp_q2,lpwp,none,none,normalized,3,3654,0.6402196119118605,10.198606317621376,5.4659834489272425,0.5359539606390136,46.40460393609864,False,False,False,2159.4466564711183,235.0010392256081,0.0
lpwp_q2,lpwp,none,none,normalized,8,3654,0.64685722869303,10.270850778196136,5.909874860724306,0.575402660242159,42.4597339757841,False,False,False,2183.5816816892475,237.8155931364745,0.0
lpwp_q2,lpwp,none,none,normalized,1,6398,0.711453655388582,7.00240537723237,4.365144726487088,0.6233778953557767,37.66221046442234,False,False,False,4913.950072135776,288.5258805472404,0.0
lpwp_q2,lpwp,none,none,normalized,3,6398,0.6411853285447342,10.198606317621376,5.475329438366535,0.536870359326072,46.31296406739281,False,False,False,2023.650519317016,235.00380269251764,0.0
lpwp_q2,lpwp,none,none,normalized,8,6398,0.6413363971428749,10.270850778196136,5.799054370741802,0.5646128539860148,43.53871460139852,False,False,False,2134.294690797105,255.0305083859712,0.0
lpwp_q4,lpwp,none,none,normalized,1,1788,0.7688490862290065,7.00240537723237,5.080328799511906,0.7255119527969766,27.44880472030234,False,False,False,2098.4696263913065,245.8844999782741,0.0
lpwp_q4,lpwp,none,none,normalized,3,1788,0.7010736170257886,10.198606317621376,6.5708597149350885,0.6442899657359862,35.57100342640138,False,False,False,2077.5125592481345,245.42071716859937,0.0
lpwp_q4,lpwp,none,none,normalized,8,1788,0.6845395723066766,10.270850778196136,6.561660387525226,0.6388624009079067,36.11375990920933,False,False,False,2133.2988280337304,250.12493948452172,0.0
lpwp_q4,lpwp,none,none,normalized,1,3654,0.7674015871092232,7.00240537723237,5.113663408570777,0.730272403993826,26.972759600617398,False,False,False,2070.2567384578288,239.43028086796403,0.0
lpwp_q4,lpwp,none,none,normalized,3,3654,0.7036358732176337,10.198606317621376,6.604987228258948,0.6476362575979333,35.236374240206665,False,False,False,2080.366155132652,245.6102182622999,0.0
lpwp_q4,lpwp,none,none,normalized,8,3654,0.6867396611697056,10.270850778196136,6.63994398415354,0.6464843202911092,35.35156797088908,False,False,False,2186.745470389724,246.0434699896723,0.0
lpwp_q4,lpwp,none,none,normalized,1,6398,0.768340746879063,7.00240537723237,5.052106354441821,0.7214815598748747,27.851844012512526,False,False,False,4739.368143724278,341.7412566486746,0.0
lpwp_q4,lpwp,none,none,normalized,3,6398,0.6970358921478381,10.198606317621376,6.474462990543172,0.634838015009605,36.5161984990395,False,False,False,2089.6703123580664,259.1993580572307,0.0
lpwp_q4,lpwp,none,none,normalized,8,6398,0.6850786603015004,10.270850778196136,6.598620731659187,0.6424609678554885,35.75390321445115,False,False,False,2104.814419290051,247.33466771431267,0.0
spectral_s1,spectral,none,none,normalized,1,1788,0.7536907178448708,7.00240537723237,4.953127017876518,0.7073465118116585,29.26534881883414,False,False,False,2781.5980536397547,248.2265124563128,0.0
spectral_s1,spectral,none,none,normalized,3,1788,0.6765985070172141,10.198606317621376,6.208384892514848,0.6087483621941426,39.12516378058574,False,False,False,2713.581963442266,240.72848772630093,0.0
spectral_s1,spectral,none,none,normalized,8,1788,0.669196437783086,10.270850778196136,6.3582736573655625,0.6190600754188216,38.09399245811784,False,False,False,2666.087986435741,243.103907443583,0.0
spectral_s1,spectral,none,none,normalized,1,3654,0.7566470582268999,7.00240537723237,4.9785933754344605,0.7109833131943296,28.90166868056703,False,False,False,2662.8816293086857,253.63059155642983,0.0
spectral_s1,spectral,none,none,normalized,3,3654,0.6782018507338313,10.198606317621376,6.187207783727614,0.6066718913384489,39.33281086615511,False,False,False,2719.1123724915087,256.2800089363009,0.0
spectral_s1,spectral,none,none,normalized,8,3654,0.6681881824743865,10.270850778196136,6.318144598648236,0.6151529931737445,38.48470068262555,False,False,False,2714.697033399716,247.1275394782424,0.0
spectral_s1,spectral,none,none,normalized,1,6398,0.754162699135739,7.00240537723237,4.933774283523181,0.7045827851619189,29.54172148380811,False,False,False,7216.607159003615,341.9882208108902,0.0
spectral_s1,spectral,none,none,normalized,3,6398,0.6818450502336967,10.198606317621376,6.224335645564215,0.6103123752124515,38.968762478754854,False,False,False,2790.3667627833784,250.56186481378973,0.0
spectral_s1,spectral,none,none,normalized,8,6398,0.6708275885371331,10.270850778196136,6.372179119659083,0.620413951801004,37.95860481989959,False,False,False,2708.0189008265734,249.07401879318056,0.0
sw,sw,none,none,normalized,1,1788,0.7147873860198045,7.00240537723237,4.471261447526828,0.6385322195234074,36.14677804765926,False,False,False,1968.740607611835,241.62517115473747,0.0
sw,sw,none,none,normalized,3,1788,0.6359020663464279,10.198606317621376,5.355163638988268,0.5250877886849596,47.491221131504034,False,False,False,1906.502861296758,249.51929319649932,0.0
sw,sw,none,none,normalized,8,1788,0.6425472160335386,10.270850778196136,5.760977033223927,0.5609055333034177,43.90944666965822,False,False,False,1820.9351957775648,245.44984474778173,0.0
sw,sw,none,none,normalized,1,3654,0.7154539060106863,7.00240537723237,4.455704399381454,0.6363105474968269,36.36894525031731,False,False,False,1869.5549971889704,242.4557758495212,0.0
sw,sw,none,none,normalized,3,3654,0.6392193093246986,10.198606317621376,5.5004619746147245,0.5393346701804643,46.066532981953564,False,False,False,1952.326857484877,244.10201865248385,0.0
sw,sw,none,none,normalized,8,3654,0.6431931173609713,10.270850778196136,5.833504531125191,0.56796702211944,43.20329778805601,False,False,False,1914.3490097485485,246.13933102227747,0.0
sw,sw,none,none,normalized,1,6398,0.7147534453870698,7.00240537723237,4.436700341144744,0.6335966146104932,36.64033853895067,False,False,False,5401.456114370376,597.1684106625617,0.0
sw,sw,none,none,normalized,3,6398,0.6408079809578525,10.198606317621376,5.523030946602245,0.5415476168601028,45.84523831398972,False,False,False,1738.8412079308182,235.5080838315189,0.0
sw,sw,none,none,normalized,8,6398,0.6386794210186767,10.270850778196136,5.741186639748116,0.5589786828503059,44.10213171496941,False,False,False,1843.5124896932396,237.0720969047397,0.0
ebsw_full_b1,ebsw,full,b1,raw_rooted,1,1788,0.7251786495765962,7.00240537723237,4.523648206038548,0.6460134714203698,35.398652857963015,False,False,False,1907.5710594188424,254.82108001597223,387.6825040206313
ebsw_full_b1,ebsw,full,b1,raw_rooted,3,1788,0.6593877652028179,10.198606317621376,5.766902893046358,0.5654598984845779,43.454010151542214,False,False,False,1907.4140088632705,246.64238072000444,381.5551600418985
ebsw_full_b1,ebsw,full,b1,raw_rooted,8,1788,0.6515918690849769,10.270850778196136,5.958855397354161,0.580171548203596,41.9828451796404,False,False,False,1919.590906472877,257.8817396424711,386.2843038514257
ebsw_full_b1,ebsw,full,b1,raw_rooted,1,3654,0.7256089175852797,7.00240537723237,4.518086399872655,0.6452192006139443,35.47807993860557,False,False,False,1909.0339976828543,235.51076324656609,351.29749472253025
ebsw_full_b1,ebsw,full,b1,raw_rooted,3,3654,0.6661992037431921,10.198606317621376,5.879360379077057,0.5764866488589298,42.35133511410702,False,False,False,1893.2756532449275,237.44395072571933,363.1159870419651
ebsw_full_b1,ebsw,full,b1,raw_rooted,8,3654,0.6529175745167402,10.270850778196136,5.998353893395074,0.584017237026645,41.5982762973355,False,False,False,1897.519223857671,250.2732966095209,378.67965921759605
ebsw_full_b1,ebsw,full,b1,raw_rooted,1,6398,0.7248992566612823,7.00240537723237,4.512956495109759,0.6444866088134789,35.551339118652116,False,False,False,4773.339898092672,353.76410209573805,628.7724790163338
ebsw_full_b1,ebsw,full,b1,raw_rooted,3,6398,0.6637319699887897,10.198606317621376,5.822148037073498,0.5708768292206615,42.91231707793384,False,False,False,1802.3964669555423,247.8789952583611,356.0020497534424
ebsw_full_b1,ebsw,full,b1,raw_rooted,8,6398,0.6540453302146362,10.270850778196136,6.011205105976046,0.5852684685807295,41.47315314192706,False,False,False,1957.9031514003875,243.88765706680715,401.8992790952325
ebsw_full_bscale,ebsw,full,bscale,raw_rooted,1,1788,4.902966821538425,7.00240537723237,36.18502605282885,5.167513747558931,-416.75137475589304,True,False,False,2067.170455120504,338.0039755720645,509.5174312591553
ebsw_full_bscale,ebsw,full,bscale,raw_rooted,3,1788,3.6771086074200645,10.198606317621376,37.90397778014265,3.716584070379432,-271.6584070379432,True,False,False,1914.4504885189235,312.8467507194728,466.2799183279276
ebsw_full_bscale,ebsw,full,bscale,raw_rooted,8,1788,3.7167948035406253,10.270850778196136,37.96766881890303,3.696643018074426,-269.6643018074426,True,False,False,1820.4246994573623,326.424103230238,433.5363421123475
ebsw_full_bscale,ebsw,full,bscale,raw_rooted,1,3654,4.915703524986675,7.00240537723237,35.76662524259519,5.107762735200513,-410.7762735200513,True,False,False,1905.424476834014,321.4538428001106,439.2938120290637
ebsw_full_bscale,ebsw,full,bscale,raw_rooted,3,3654,3.643271528917494,10.198606317621376,35.0666567806084,3.438377332010498,-243.83773320104982,True,False,False,1869.352025678381,313.0198528524488,435.6951480731368
ebsw_full_bscale,ebsw,full,bscale,raw_rooted,8,3654,3.6826297197692552,10.270850778196136,37.30165017853841,3.6317974999428118,-263.17974999428117,True,False,False,1848.772974917665,312.05214001238346,455.9255177155137
ebsw_full_bscale,ebsw,full,bscale,raw_rooted,1,6398,4.906282995556896,7.00240537723237,37.70046490508734,5.383930645841596,-438.39306458415956,True,False,False,4709.128815913573,431.4338047988713,642.8355618845671
ebsw_full_bscale,ebsw,full,bscale,raw_rooted,3,6398,3.672437973120549,10.198606317621376,36.249031498205404,3.554312262801392,-255.4312262801392,True,False,False,1969.991518650204,331.8324817810208,489.41721278242767
ebsw_full_bscale,ebsw,full,bscale,raw_rooted,8,6398,3.729133145630635,10.270850778196136,40.340808223395776,3.927698794829615,-292.7698794829615,True,False,False,1893.609121441841,315.2055398095399,472.8277719113976
ebsw_full_ess025,ebsw,full,ess025,raw_rooted,1,1788,1.1340342918541373,7.00240537723237,7.321145814753875,1.0455187068372045,-4.551870683720447,True,False,False,2943.120242096484,288.50765246897936,405.83298495039344
ebsw_full_ess025,ebsw,full,ess025,raw_rooted,3,1788,0.9729447053184498,10.198606317621376,9.894044044697408,0.9701368732708371,2.98631267291629,True,False,False,2846.964475698769,269.9250630103052,400.5895641166717
ebsw_full_ess025,ebsw,full,ess025,raw_rooted,8,1788,0.9273850646823668,10.270850778196136,8.952666787319426,0.871657760457871,12.834223954212893,True,False,False,2957.6972853392363,300.921298796311,402.2342320531607
ebsw_full_ess025,ebsw,full,ess025,raw_rooted,1,3654,1.121984254452239,7.00240537723237,7.274434534447564,1.038847959031288,-3.8847959031287957,True,False,False,2861.09511856921,283.916033571586,441.1851624026895
ebsw_full_ess025,ebsw,full,ess025,raw_rooted,3,3654,0.9835201527273607,10.198606317621376,9.229533436524516,0.9049798716690853,9.502012833091465,True,False,False,2843.789236620069,258.58789100311697,414.7027970757336
ebsw_full_ess025,ebsw,full,ess025,raw_rooted,8,3654,0.9554918972081738,10.270850778196136,9.50140809522621,0.9250848153102014,7.491518468979864,True,False,False,2846.947466488928,284.7314039245248,409.93751189671457
ebsw_full_ess025,ebsw,full,ess025,raw_rooted,1,6398,1.1215656558375502,7.00240537723237,8.06242767057093,1.1513797382803796,-15.13797382803797,True,False,False,5200.5018529016525,397.90554088540375,492.6517861895263
ebsw_full_ess025,ebsw,full,ess025,raw_rooted,3,6398,1.0043526462098378,10.198606317621376,11.039947506956368,1.0824957021707273,-8.24957021707274,True,False,False,3052.310115657747,274.1969432681799,385.1660871878266
ebsw_full_ess025,ebsw,full,ess025,raw_rooted,8,6398,0.9348197621344417,10.270850778196136,9.507960580417596,0.9257227843872418,7.4277215612758285,True,False,False,2799.793636193499,285.7393471058458,404.3837429489941
ebsw_full_ess050,ebsw,full,ess050,raw_rooted,1,1788,0.8790499373016217,7.00240537723237,5.877508441838571,0.8393556392705726,16.064436072942744,False,False,False,2938.6337532196194,271.0293096024543,397.7106106467545
ebsw_full_ess050,ebsw,full,ess050,raw_rooted,3,1788,0.7980831893317598,10.198606317621376,7.837275185595296,0.7684653119763902,23.153468802360972,False,False,False,2857.819761848077,277.4802199564874,385.9191951341927
ebsw_full_ess050,ebsw,full,ess050,raw_rooted,8,1788,0.7599920943522742,10.270850778196136,7.539505377763524,0.7340682423085192,26.593175769148086,False,False,False,2836.4701222162694,260.1309451274574,398.8807871937752
ebsw_full_ess050,ebsw,full,ess050,raw_rooted,1,3654,0.8901361396741317,7.00240537723237,5.985523422791404,0.8547810502734878,14.521894972651214,False,False,False,2879.0982051286846,268.97409348748624,403.95113080739975
ebsw_full_ess050,ebsw,full,ess050,raw_rooted,3,3654,0.8040556041800719,10.198606317621376,7.999809607841728,0.7844022368055801,21.55977631944199,False,False,False,2837.728574872017,260.9196549747139,412.2684858739376
ebsw_full_ess050,ebsw,full,ess050,raw_rooted,8,3654,0.7737207128829915,10.270850778196136,7.595237436342041,0.7394944781464333,26.05055218535667,False,False,False,2841.6799902915955,272.22381229512393,378.5978069063276
ebsw_full_ess050,ebsw,full,ess050,raw_rooted,1,6398,0.8908355458982193,7.00240537723237,6.262333155503665,0.894311714066858,10.568828593314192,False,False,False,4885.652547236532,339.73280899226665,514.6627787034959
ebsw_full_ess050,ebsw,full,ess050,raw_rooted,3,6398,0.8058913933424419,10.198606317621376,7.958575816578826,0.7803591558218914,21.96408441781086,False,False,False,2718.1766079738736,258.2522656302899,396.9377800822258
ebsw_full_ess050,ebsw,full,ess050,raw_rooted,8,6398,0.7843797446844792,10.270850778196136,7.751063993886786,0.7546662064589065,24.533379354109353,False,False,False,2806.2980910763144,262.4525432474911,410.1905589923263
ebsw_full_ess075,ebsw,full,ess075,raw_rooted,1,1788,0.7924238630548454,7.00240537723237,5.222971074889765,0.7458824208995012,25.411757910049886,False,False,False,2774.7902581468225,247.8723817039281,368.5128565412015
ebsw_full_ess075,ebsw,full,ess075,raw_rooted,3,1788,0.7126838656595935,10.198606317621376,6.883142967112358,0.6749101546570645,32.50898453429355,False,False,False,2848.6997813452035,257.33691337518394,377.529714256525
ebsw_full_ess075,ebsw,full,ess075,raw_rooted,8,1788,0.7037893283604183,10.270850778196136,6.889795099894441,0.6708105539339255,32.91894460660744,False,False,False,2869.8782299179584,264.6589439827949,406.8849058821797
ebsw_full_ess075,ebsw,full,ess075,raw_rooted,1,3654,0.7944783546271313,7.00240537723237,5.2366966521083285,0.7478425440970514,25.215745590294862,False,False,False,2832.334485137835,259.32738510891795,391.1813721060753
ebsw_full_ess075,ebsw,full,ess075,raw_rooted,3,3654,0.7155808971295269,10.198606317621376,6.885872891962177,0.6751778309223109,32.48221690776891,False,False,False,2916.760576190427,265.1250851340592,410.707067232579
ebsw_full_ess075,ebsw,full,ess075,raw_rooted,8,3654,0.701519081806403,10.270850778196136,6.798278997241802,0.6619002791544577,33.80997208455423,False,False,False,2869.6103170514107,254.28282609209415,380.22878114134073
ebsw_full_ess075,ebsw,full,ess075,raw_rooted,1,6398,0.791414238648959,7.00240537723237,5.282193822308099,0.7543399071814139,24.566009281858616,False,False,False,4863.956901244819,316.7676979210228,473.061160184443
ebsw_full_ess075,ebsw,full,ess075,raw_rooted,3,6398,0.7161025219754611,10.198606317621376,6.719920776719385,0.6589057923638604,34.10942076361396,False,False,False,2732.357127824798,249.1351286880672,352.0042570307851
ebsw_full_ess075,ebsw,full,ess075,raw_rooted,8,6398,0.6995821526971008,10.270850778196136,6.797717691013757,0.6618456287423189,33.81543712576811,False,False,False,2853.805480757728,261.35422056540847,406.1714061535895
ebsw_full_essmatch,ebsw,full,essmatch,raw_rooted,1,1788,0.9643836210307022,7.00240537723237,6.412314044894482,0.9157301954758986,8.426980452410135,True,False,False,2809.1923664323986,268.4902311302721,386.53756701387465
ebsw_full_essmatch,ebsw,full,essmatch,raw_rooted,3,1788,0.8671496537499294,10.198606317621376,8.822881820972144,0.8651066181197499,13.489338188025014,False,False,False,2743.7453342136,259.5290297176689,395.494855940342
ebsw_full_essmatch,ebsw,full,essmatch,raw_rooted,8,1788,0.82748283938032,10.270850778196136,8.49272192878994,0.8268761870067314,17.312381299326866,False,False,False,2769.746199483052,276.7290703486651,400.8111779112369
ebsw_full_essmatch,ebsw,full,essmatch,raw_rooted,1,3654,0.9718204414546671,7.00240537723237,6.730971708495079,0.9612370815291797,3.8762918470820202,True,False,False,2821.723929140717,271.0040437523276,380.8168286923319
ebsw_full_essmatch,ebsw,full,essmatch,raw_rooted,3,3654,0.8644244390212807,10.198606317621376,8.31649748566192,0.8154543107809243,18.45456892190757,False,False,False,2885.1795392110944,265.32578468322754,388.3959106169641
ebsw_full_essmatch,ebsw,full,essmatch,raw_rooted,8,3654,0.8315424245739131,10.270850778196136,8.355250298874514,0.8134915480041608,18.650845199583923,False,False,False,2786.149551393464,267.58429897017777,390.4049769043922
ebsw_full_essmatch,ebsw,full,essmatch,raw_rooted,1,6398,0.9640934154619007,7.00240537723237,6.329862952230414,0.9039555140311268,9.604448596887316,True,False,False,4743.053397163749,313.5266250465065,440.819782204926
ebsw_full_essmatch,ebsw,full,essmatch,raw_rooted,3,6398,0.859140865941438,10.198606317621376,8.51294739987823,0.8347167382242584,16.528326177574158,False,False,False,2684.8234951030463,265.442727599293,379.2784996330738
ebsw_full_essmatch,ebsw,full,essmatch,raw_rooted,8,6398,0.8446556948811377,10.270850778196136,8.744324534013996,0.8513729507761145,14.862704922388549,False,False,False,2760.459083598107,263.514744117856,399.9610438477248
ebsw_stop_b1,ebsw,stop,b1,raw_rooted,1,1788,0.7250200438167704,7.00240537723237,4.516455854688828,0.6449863456025609,35.50136543974392,False,False,False,1834.9192710593345,245.89822138659656,0.0
ebsw_stop_b1,ebsw,stop,b1,raw_rooted,3,1788,0.662698348270217,10.198606317621376,5.829407804790197,0.571588668416195,42.841133158380494,False,False,False,1781.4583505969497,249.38460439443588,0.0
ebsw_stop_b1,ebsw,stop,b1,raw_rooted,8,1788,0.6539132671463114,10.270850778196136,6.013099260084172,0.5854528889514496,41.454711104855036,False,False,False,1860.2632645051929,257.8548735473305,0.0
ebsw_stop_b1,ebsw,stop,b1,raw_rooted,1,3654,0.7276122541537315,7.00240537723237,4.533695050757243,0.6474482419281387,35.255175807186134,False,False,False,1856.997846858576,258.1272607203573,0.0
ebsw_stop_b1,ebsw,stop,b1,raw_rooted,3,3654,0.66600200344067,10.198606317621376,5.88556262810594,0.5770947955836608,42.290520441633916,False,False,False,1932.6652602758256,246.35858368128535,0.0
ebsw_stop_b1,ebsw,stop,b1,raw_rooted,8,3654,0.6515230122481586,10.270850778196136,5.95018053529594,0.5793269383221403,42.06730616778597,False,False,False,1897.5982810370624,236.47603974677625,0.0
ebsw_stop_b1,ebsw,stop,b1,raw_rooted,1,6398,0.7252349530119574,7.00240537723237,4.536211580983697,0.6478076227538527,35.21923772461472,False,False,False,2331.742576090619,241.41805269755423,0.0
ebsw_stop_b1,ebsw,stop,b1,raw_rooted,3,6398,0.6624018955475051,10.198606317621376,5.854082749765948,0.5740081112505672,42.59918887494328,False,False,False,1774.116661399603,246.73387757502496,0.0
ebsw_stop_b1,ebsw,stop,b1,raw_rooted,8,6398,0.6527642112368411,10.270850778196136,5.985096122681791,0.5827264217865455,41.72735782134544,False,False,False,1847.666872665286,248.9637865219265,0.0
ebsw_stop_bscale,ebsw,stop,bscale,raw_rooted,1,1788,0.7235215055151868,7.00240537723237,4.467808183101631,0.6380390654943041,36.19609345056959,False,False,False,1962.3842311557385,262.2352272737771,0.0
ebsw_stop_bscale,ebsw,stop,bscale,raw_rooted,3,1788,0.6619559938546965,10.198606317621376,5.797822292600614,0.5684916264081112,43.15083735918888,False,False,False,1822.9313176125288,243.66971803829077,0.0
ebsw_stop_bscale,ebsw,stop,bscale,raw_rooted,8,1788,3.4087277360650132,10.270850778196136,36.15876309299774,3.5205226785845953,-252.05226785845954,True,False,False,1929.319834103808,330.0949330441654,0.0
ebsw_stop_bscale,ebsw,stop,bscale,raw_rooted,1,3654,0.7271493183542349,7.00240537723237,4.522476624233562,0.6458461600834976,35.41538399165024,False,False,False,1937.2661029919984,255.22968196310103,0.0
ebsw_stop_bscale,ebsw,stop,bscale,raw_rooted,3,3654,3.3815248844273937,10.198606317621376,37.23855653122249,3.6513377780727643,-265.13377780727643,True,False,False,1875.722387805581,304.38124598003924,0.0
ebsw_stop_bscale,ebsw,stop,bscale,raw_rooted,8,3654,3.397747427794183,10.270850778196136,35.813555405214736,3.4869122508568515,-248.69122508568518,True,False,False,1810.106260003522,333.6001627612859,0.0
ebsw_stop_bscale,ebsw,stop,bscale,raw_rooted,1,6398,0.7227836271234299,7.00240537723237,4.468192674828476,0.6380939740158951,36.19060259841049,False,False,False,3089.499925728888,286.1009791959077,0.0
ebsw_stop_bscale,ebsw,stop,bscale,raw_rooted,3,6398,3.3712280921234052,10.198606317621376,32.882033502607094,3.2241693108393443,-222.4169310839344,True,False,False,1881.5269791521127,310.0202556233853,0.0
ebsw_stop_bscale,ebsw,stop,bscale,raw_rooted,8,6398,3.380853757571102,10.270850778196136,37.993762437139104,3.699183568881713,-269.91835688817133,True,False,False,1855.2007859107107,317.7855578251183,0.0
ebsw_stop_ess025,ebsw,stop,ess025,raw_rooted,1,1788,0.7920017611283222,7.00240537723237,5.335048779656811,0.7618880216508451,23.811197834915486,False,False,False,2965.81884031184,266.7156984098256,0.0
ebsw_stop_ess025,ebsw,stop,ess025,raw_rooted,3,1788,0.7144427840494784,10.198606317621376,6.747700523664642,0.6616296691446769,33.83703308553231,False,False,False,2767.8936142474413,247.5646638777107,0.0
ebsw_stop_ess025,ebsw,stop,ess025,raw_rooted,8,1788,0.7030600529018832,10.270850778196136,6.888592631580715,0.6706934781103454,32.93065218896545,False,False,False,2901.5732049010694,275.8676512166858,0.0
ebsw_stop_ess025,ebsw,stop,ess025,raw_rooted,1,3654,0.7934144296656847,7.00240537723237,5.266606708575213,0.7521139415462956,24.788605845370434,False,False,False,2869.278842350468,263.9801981858909,0.0
ebsw_stop_ess025,ebsw,stop,ess025,raw_rooted,3,3654,0.7189092589752447,10.198606317621376,6.790019452725357,0.6657791507250762,33.42208492749238,False,False,False,2888.852678937837,263.70317791588604,0.0
ebsw_stop_ess025,ebsw,stop,ess025,raw_rooted,8,3654,0.7029612536776044,10.270850778196136,6.840779614111218,0.6660382632209423,33.39617367790577,False,False,False,2889.088644413277,252.24264292046428,0.0
ebsw_stop_ess025,ebsw,stop,ess025,raw_rooted,1,6398,0.7913320807287877,7.00240537723237,5.286883921399539,0.7550096911825929,24.499030881740715,False,False,False,4827.254032250494,341.7790629900992,0.0
ebsw_stop_ess025,ebsw,stop,ess025,raw_rooted,3,6398,0.7264776092830877,10.198606317621376,7.084055070637108,0.6946101114224913,30.538988857750866,False,False,False,2702.02306821011,252.5978991761804,0.0
ebsw_stop_ess025,ebsw,stop,ess025,raw_rooted,8,6398,0.7031408407992105,10.270850778196136,6.825854260695488,0.6645850872632685,33.54149127367315,False,False,False,2676.9118499942124,258.56942497193813,0.0
ebsw_stop_ess050,ebsw,stop,ess050,raw_rooted,1,1788,0.7516942887493492,7.00240537723237,4.953719948630679,0.7074311871085343,29.256881289146577,False,False,False,2834.198552416637,257.9892333596945,0.0
ebsw_stop_ess050,ebsw,stop,ess050,raw_rooted,3,1788,0.672309206124022,10.198606317621376,6.120880861547452,0.6001683632960377,39.98316367039622,False,False,False,2716.3731877226382,242.33378982171416,0.0
ebsw_stop_ess050,ebsw,stop,ess050,raw_rooted,8,1788,0.6680906894366866,10.270850778196136,6.360456441812465,0.6192725976814891,38.07274023185109,False,False,False,2758.349239360541,264.56341124139726,0.0
ebsw_stop_ess050,ebsw,stop,ess050,raw_rooted,1,3654,0.7499282288730446,7.00240537723237,4.885191327052132,0.6976447468945242,30.235525310547583,False,False,False,2608.3950081374496,241.0744703374803,0.0
ebsw_stop_ess050,ebsw,stop,ess050,raw_rooted,3,3654,0.6729148563283627,10.198606317621376,6.109815277184905,0.5990833538331832,40.091664616681676,False,False,False,2912.561390316114,260.2329782675952,0.0
ebsw_stop_ess050,ebsw,stop,ess050,raw_rooted,8,3654,0.6669972395052578,10.270850778196136,6.336161671288863,0.6169071879361565,38.30928120638435,False,False,False,2717.867863131687,247.100475942716,0.0
ebsw_stop_ess050,ebsw,stop,ess050,raw_rooted,1,6398,0.7489530106713679,7.00240537723237,4.887969162474824,0.6980414442110954,30.195855578890463,False,False,False,5270.15458396636,345.14290071092546,0.0
ebsw_stop_ess050,ebsw,stop,ess050,raw_rooted,3,6398,0.6766557566705493,10.198606317621376,6.187009744163248,0.6066524730416544,39.33475269583456,False,False,False,2702.1567900665104,248.19451686926183,0.0
ebsw_stop_ess050,ebsw,stop,ess050,raw_rooted,8,6398,0.6741296591242651,10.270850778196136,6.422826593577473,0.6253451376406337,37.46548623593662,False,False,False,2746.460079215467,255.74414455331865,0.0
ebsw_stop_ess075,ebsw,stop,ess075,raw_rooted,1,1788,0.7255178525733106,7.00240537723237,4.546880040318884,0.649331164845528,35.0668835154472,False,False,False,2747.915932675824,238.81847108714285,0.0
ebsw_stop_ess075,ebsw,stop,ess075,raw_rooted,3,1788,0.652159698509089,10.198606317621376,5.713746802871614,0.560247804937747,43.97521950622531,False,False,False,2754.3322946876287,242.7987295668572,0.0
ebsw_stop_ess075,ebsw,stop,ess075,raw_rooted,8,1788,0.6478949745874155,10.270850778196136,5.893250667260374,0.5737840802605256,42.62159197394744,False,False,False,2705.0433778204024,246.6525691561401,0.0
ebsw_stop_ess075,ebsw,stop,ess075,raw_rooted,1,3654,0.7193727133258904,7.00240537723237,4.454306885338895,0.6361109712130684,36.388902878693166,False,False,False,2701.5424522105604,242.33045591972768,0.0
ebsw_stop_ess075,ebsw,stop,ess075,raw_rooted,3,3654,0.6602767258959207,10.198606317621376,5.792773005789469,0.5679965306417004,43.20034693582996,False,False,False,2860.001652268693,241.83797906152904,0.0
ebsw_stop_ess075,ebsw,stop,ess075,raw_rooted,8,3654,0.6480008626373057,10.270850778196136,5.925768269248636,0.5769500888697924,42.30499111302077,False,False,False,2779.067511437461,248.2216397766024,0.0
ebsw_stop_ess075,ebsw,stop,ess075,raw_rooted,1,6398,0.720865300310505,7.00240537723237,4.454456719356657,0.6361323687200235,36.386763127997654,False,False,False,5158.789940644056,360.09452887810767,0.0
ebsw_stop_ess075,ebsw,stop,ess075,raw_rooted,3,6398,0.6548557857735414,10.198606317621376,5.67868486248796,0.5568098900607824,44.31901099392176,False,False,False,2704.529964597896,245.94875588081777,0.0
ebsw_stop_ess075,ebsw,stop,ess075,raw_rooted,8,6398,0.6520830299490581,10.270850778196136,5.9956775226675605,0.5837566577635137,41.62433422364863,False,False,False,2697.0674141775817,249.56334824673831,0.0
ebsw_stop_essmatch,ebsw,stop,essmatch,raw_rooted,1,1788,0.7694749157374318,7.00240537723237,5.168837377819,0.7381516920778344,26.184830792216566,False,False,False,2897.070885170251,265.4746877960861,0.0
ebsw_stop_essmatch,ebsw,stop,essmatch,raw_rooted,3,1788,0.6933810021535767,10.198606317621376,6.507660205445334,0.6380930886802891,36.190691131971086,False,False,False,2864.692007889971,245.10283302515745,0.0
ebsw_stop_essmatch,ebsw,stop,essmatch,raw_rooted,8,1788,0.6840118153426296,10.270850778196136,6.679111110065398,0.6502977459515235,34.970225404847646,False,False,False,2915.699400939048,267.92815746739507,0.0
ebsw_stop_essmatch,ebsw,stop,essmatch,raw_rooted,1,3654,0.7691631473468102,7.00240537723237,5.125125150915744,0.7319092333013998,26.809076669860016,False,False,False,2767.961495788768,259.75047261454165,0.0
ebsw_stop_essmatch,ebsw,stop,essmatch,raw_rooted,3,3654,0.6949078412439591,10.198606317621376,6.480732646265214,0.6354527711367447,36.454722886325534,False,False,False,2816.5505840443075,257.07699079066515,0.0
ebsw_stop_essmatch,ebsw,stop,essmatch,raw_rooted,8,3654,0.6840770854375339,10.270850778196136,6.678772733403513,0.6502648006124088,34.973519938759125,False,False,False,2884.312082082033,263.5033284313977,0.0
ebsw_stop_essmatch,ebsw,stop,essmatch,raw_rooted,1,6398,0.7658578786808198,7.00240537723237,5.12638625662892,0.7320893293748544,26.791067062514564,False,False,False,4179.554782109335,297.888029133901,0.0
ebsw_stop_essmatch,ebsw,stop,essmatch,raw_rooted,3,6398,0.6954605389836519,10.198606317621376,6.523763429503798,0.6396720518794706,36.032794812052934,False,False,False,2728.571754647419,236.86477006413045,0.0
ebsw_stop_essmatch,ebsw,stop,essmatch,raw_rooted,8,6398,0.6856182109212535,10.270850778196136,6.636526060058407,0.646151541228406,35.38484587715939,False,False,False,2855.493381852284,250.24346262216568,0.0
lpwp_q2,lpwp,none,none,raw_rooted,1,1788,0.7197724261009343,7.00240537723237,4.434355873595738,0.6332618057237315,36.67381942762685,False,False,False,1898.251661332324,240.9636948723346,0.0
lpwp_q2,lpwp,none,none,raw_rooted,3,1788,0.6512724816001388,10.198606317621376,5.646295692819869,0.553634047336848,44.636595266315204,False,False,False,1965.4341307468712,236.02200136519969,0.0
lpwp_q2,lpwp,none,none,raw_rooted,8,1788,0.647797455599062,10.270850778196136,5.878599520430241,0.5723576018561041,42.76423981438959,False,False,False,1922.3922649398448,261.05484226718545,0.0
lpwp_q2,lpwp,none,none,raw_rooted,1,3654,0.7192343868513372,7.00240537723237,4.4223536481253936,0.631547791063945,36.8452208936055,False,False,False,1999.693610239774,253.8245117757469,0.0
lpwp_q2,lpwp,none,none,raw_rooted,3,3654,0.6524193706599345,10.198606317621376,5.642973840002874,0.5533083309876193,44.669166901238064,False,False,False,2051.631919341162,253.70960542932156,0.0
lpwp_q2,lpwp,none,none,raw_rooted,8,3654,0.6467323360998354,10.270850778196136,5.880344975388852,0.5725275444437539,42.747245555624616,False,False,False,2012.7824635710567,251.9340820144862,0.0
lpwp_q2,lpwp,none,none,raw_rooted,1,6398,0.7176733133886264,7.00240537723237,4.392539236553333,0.627290052477573,37.2709947522427,False,False,False,1975.2363895531744,236.50838644243777,0.0
lpwp_q2,lpwp,none,none,raw_rooted,3,6398,0.6518875248106376,10.198606317621376,5.64731822513092,0.5537343093019838,44.626569069801626,False,False,False,2008.8953129015863,237.8374708350748,0.0
lpwp_q2,lpwp,none,none,raw_rooted,8,6398,0.64642566881565,10.270850778196136,5.8490480925961,0.5694803886171702,43.051961138282984,False,False,False,2016.969757154584,242.22988542169333,0.0
lpwp_q4,lpwp,none,none,raw_rooted,1,1788,0.8537924269696522,7.00240537723237,5.855344937327678,0.836190511958327,16.38094880416729,False,False,False,1927.1599580533805,265.7544848043472,0.0
lpwp_q4,lpwp,none,none,raw_rooted,3,1788,0.7819207489271266,10.198606317621376,7.719720756357643,0.7569387930014849,24.306120699851512,False,False,False,1956.190621946007,262.8822166007012,0.0
lpwp_q4,lpwp,none,none,raw_rooted,8,1788,0.7541214926159076,10.270850778196136,7.782106520963255,0.7576885974707952,24.231140252920486,False,False,False,1940.723839448765,274.257141398266,0.0
lpwp_q4,lpwp,none,none,raw_rooted,1,3654,0.8629101169318099,7.00240537723237,5.752578335399913,0.8215146118366488,17.84853881633512,False,False,False,1977.7378323487935,270.14633431099355,0.0
lpwp_q4,lpwp,none,none,raw_rooted,3,3654,0.7759751838236353,10.198606317621376,7.759607334054269,0.7608497761745199,23.91502238254801,False,False,False,1995.8456358872356,257.606353610754,0.0
lpwp_q4,lpwp,none,none,raw_rooted,8,3654,0.7511642091556435,10.270850778196136,7.78368928264669,0.7578426997664681,24.21573002335319,False,False,False,2018.1260381359607,263.9428440015763,0.0
lpwp_q4,lpwp,none,none,raw_rooted,1,6398,0.8635439646365424,7.00240537723237,5.944280578203025,0.8488912392204923,15.110876077950778,False,False,False,1952.8197448235003,272.47473830357194,0.0
lpwp_q4,lpwp,none,none,raw_rooted,3,6398,0.7758919200546865,10.198606317621376,7.747045148428654,0.7596180210469679,24.03819789530321,False,False,False,1950.9412571787836,251.018876908347,0.0
lpwp_q4,lpwp,none,none,raw_rooted,8,6398,0.7456512339823602,10.270850778196136,7.515667009987772,0.7317472692664068,26.825273073359316,False,False,False,2054.89164753817,270.6508820410818,0.0
spectral_s1,spectral,none,none,raw_rooted,1,1788,0.7558317425593325,7.00240537723237,5.028593180435485,0.7181236888663229,28.18763111336771,False,False,False,2626.351488288492,255.8918660506606,0.0
spectral_s1,spectral,none,none,raw_rooted,3,1788,0.6780533368264783,10.198606317621376,6.266544788828853,0.614451092008658,38.554890799134206,False,False,False,2612.442741403356,243.0575585458428,0.0
spectral_s1,spectral,none,none,raw_rooted,8,1788,0.673909511844211,10.270850778196136,6.435392261684933,0.6265685677516168,37.343143224838315,False,False,False,2622.8741286322474,256.80642295628786,0.0
spectral_s1,spectral,none,none,raw_rooted,1,3654,0.7558152365554707,7.00240537723237,4.997113364768175,0.7136281171346914,28.637188286530854,False,False,False,2628.196045057848,239.2718328628689,0.0
spectral_s1,spectral,none,none,raw_rooted,3,3654,0.6829640854851754,10.198606317621376,6.372665675264436,0.6248565222341805,37.51434777658194,False,False,False,2747.594263404608,254.5356689952314,0.0
spectral_s1,spectral,none,none,raw_rooted,8,3654,0.6722333343797644,10.270850778196136,6.407571866237756,0.6238598928766751,37.614010712332494,False,False,False,2640.542974928394,256.5329377539456,0.0
spectral_s1,spectral,none,none,raw_rooted,1,6398,0.7588361642345544,7.00240537723237,5.063339001848391,0.7230856725763604,27.691432742363965,False,False,False,2714.511182392016,257.1195855271071,0.0
spectral_s1,spectral,none,none,raw_rooted,3,6398,0.6791044995056763,10.198606317621376,6.2623141122541846,0.6140362631150906,38.59637368849094,False,False,False,2753.207092639059,246.5632138773799,0.0
spectral_s1,spectral,none,none,raw_rooted,8,6398,0.6736438703734396,10.270850778196136,6.383840543034075,0.6215493420064336,37.84506579935664,False,False,False,2599.467038176954,249.5162328705192,0.0
sw,sw,none,none,raw_rooted,1,1788,0.7261859637305826,7.00240537723237,4.52078527107097,0.6456046212020026,35.439537879799744,False,False,False,1704.6069423668089,242.16267955489457,0.0
sw,sw,none,none,raw_rooted,3,1788,0.6606840775050485,10.198606317621376,5.795747428385925,0.5682881805499155,43.17118194500845,False,False,False,1751.9885767251253,256.280142813921,0.0
sw,sw,none,none,raw_rooted,8,1788,0.6525104371903099,10.270850778196136,5.9860758510948,0.5828218110034825,41.71781889965175,False,False,False,1797.2570727579296,248.4401578549296,0.0
sw,sw,none,none,raw_rooted,1,3654,0.7256501785791682,7.00240537723237,4.506433794327343,0.643555114501021,35.6444885498979,False,False,False,1857.2542411275208,261.68975909240544,0.0
sw,sw,none,none,raw_rooted,3,3654,0.6642201119036565,10.198606317621376,5.851829964890869,0.5737872198066856,42.62127801933144,False,False,False,1761.0643289517611,250.16580522060397,0.0
sw,sw,none,none,raw_rooted,8,3654,0.6531954569926252,10.270850778196136,5.986935162444001,0.5829054760637349,41.709452393626506,False,False,False,1776.9658868201077,238.45283593982455,0.0
sw,sw,none,none,raw_rooted,1,6398,0.7270384508548141,7.00240537723237,4.528965801290649,0.6467728669374291,35.32271330625709,False,False,False,2918.505959911272,279.28873524069786,0.0
sw,sw,none,none,raw_rooted,3,6398,0.6654542696643363,10.198606317621376,5.896303988503435,0.578148014039494,42.185198596050604,False,False,False,1765.947677893564,246.88202026300127,0.0
sw,sw,none,none,raw_rooted,8,6398,0.652290791555055,10.270850778196136,5.997111186926446,0.5838962434988969,41.610375650110306,False,False,False,1759.0042897500098,252.43400712497527,0.0
