dataset,method,sampling,aggregation,update,subject,seed,epochs,N_proj,sigma,d,m,lew_initial,lew_final,relative_lew_auc,final_relative_lew,lew_reduction_pct,initial_objective_power,final_objective_power,training_objective_reduction_pct,optimization_ms,evaluation_ms,mean_gradient_norm,mean_update_norm,diverged,nan,overfit_gap
BNCI2014_001,fixed_spectral_normalized_power_s1,fixed,spectral,normalized_power,1,1788,500,500,1.0,22,253,7.00240537723237,5.9972145005812925,0.8569125689939006,0.8564506305334226,14.35493694665774,0.011431575454152,0.0003181777278498,97.2166764841303,1002.1562990732492,5577.088507357985,0.00044724401639978725,2.7881076827280467,False,False,82.86173953747256
BNCI2014_001,fixed_spectral_normalized_power_s1,fixed,spectral,normalized_power,3,1788,500,500,1.0,22,253,10.198606317621376,8.044864698268377,0.7902341585432668,0.7888200061579279,21.117999384207206,0.0230715957997395,0.0003174698454869,98.62397968375258,1039.4010567106309,5654.935620492324,0.0004698626517658986,2.7881076827280467,False,False,77.50598029954537
BNCI2014_001,fixed_spectral_normalized_power_s1,fixed,spectral,normalized_power,8,1788,500,500,1.0,22,253,10.270850778196136,7.626874464540084,0.7447942370535728,0.7425747515221507,25.742524847784935,0.0263764776839862,0.00032620985022,98.76325469181941,1015.7444160431623,5555.214490974322,0.0004861424809655872,2.7881076827280467,False,False,73.02072984403448
BNCI2014_001,fixed_spectral_normalized_power_s1,fixed,spectral,normalized_power,1,3654,500,500,1.0,22,253,7.00240537723237,5.9860947082592215,0.8554015917854194,0.8548626344487877,14.513736555121223,0.0123138744578976,0.0003169526217755,97.42605284097061,994.5422129239888,5668.107258388773,0.00044572176756181857,2.7881076827280467,False,False,82.91231628584939
BNCI2014_001,fixed_spectral_normalized_power_s1,fixed,spectral,normalized_power,3,3654,500,500,1.0,22,253,10.198606317621376,8.010125524390471,0.7867003589250889,0.7854137393802916,21.45862606197084,0.0240373052474035,0.0003168048341232,98.6820284933669,1033.8872568681836,5729.16883835569,0.0004726366085063814,2.7881076827280467,False,False,77.22340243139607
BNCI2014_001,fixed_spectral_normalized_power_s1,fixed,spectral,normalized_power,8,3654,500,500,1.0,22,253,10.270850778196136,7.597701517030946,0.741915722600735,0.7397343882319869,26.026561176801305,0.0293495712606744,0.0003386470336041,98.84616020249041,967.6656138617544,5388.526933034882,0.000493560138508206,2.7881076827280467,False,False,72.8195990256891
BNCI2014_001,fixed_spectral_normalized_power_s1,fixed,spectral,normalized_power,1,6398,500,500,1.0,22,253,7.00240537723237,5.956500018824352,0.851371506671944,0.8506362739568497,14.936372604315029,0.0118515652022794,0.0003391277076396,97.13854075937265,1102.847338654101,5652.25733933039,0.0004477608875006375,2.7881076827280467,False,False,82.20216815505762
BNCI2014_001,fixed_spectral_normalized_power_s1,fixed,spectral,normalized_power,3,6398,500,500,1.0,22,253,10.198606317621376,8.06546380680732,0.7924190437114937,0.7908398025788715,20.916019742112848,0.0248914691208135,0.0003345489962457,98.65596926150911,1002.2348137572408,5538.353812880814,0.0004834568227916246,2.7881076827280467,False,False,77.73994951939626
BNCI2014_001,fixed_spectral_normalized_power_s1,fixed,spectral,normalized_power,8,6398,500,500,1.0,22,253,10.270850778196136,7.615571873181286,0.7434218943494783,0.7414742982488159,25.8525701751184,0.029477111968222,0.0003461148844913,98.8258181979821,996.9001249410212,5412.607671227306,0.0004939472682832555,2.7881076827280467,False,False,72.9732480228637
BNCI2014_001,fixed_spectral_raw_power_s1,fixed,spectral,raw_power,1,1788,500,500,1.0,22,253,7.00240537723237,5.992471241863218,0.8563550502328289,0.8557732549085413,14.42267450914587,0.011431575454152,7.559251445137533e-06,99.93387393124021,901.417326182127,5336.397499311715,3.0498091010575343e-05,0.09131164973226871,False,False,85.51119942209435
BNCI2014_001,fixed_spectral_raw_power_s1,fixed,spectral,raw_power,3,1788,500,500,1.0,22,253,10.198606317621376,8.039633017837865,0.7898001615712469,0.7883070262205151,21.169297377948492,0.0230715957997395,7.108326297857795e-06,99.96919014029389,993.0356277618556,5861.304399790242,4.500349997298661e-05,0.13474101788320597,False,False,78.7998927623454
BNCI2014_001,fixed_spectral_raw_power_s1,fixed,spectral,raw_power,8,1788,500,500,1.0,22,253,10.270850778196136,7.618209704445985,0.743702457425902,0.7417311251973975,25.826887480260257,0.0263764776839862,9.84448825677522e-06,99.96267701709561,967.9838756565003,5734.098567161709,4.3227154927204154e-05,0.12942261954254056,False,False,74.13578953683536
BNCI2014_001,fixed_spectral_raw_power_s1,fixed,spectral,raw_power,1,3654,500,500,1.0,22,253,7.00240537723237,5.981597160919517,0.8550017529759932,0.854220348391724,14.577965160827603,0.0123138744578976,7.601789552625629e-06,99.93826646861947,967.08734636195,5886.901651741937,3.135157601612754e-05,0.0938669940602724,False,False,85.36030130779187
BNCI2014_001,fixed_spectral_raw_power_s1,fixed,spectral,raw_power,3,3654,500,500,1.0,22,253,10.198606317621376,8.003065315843896,0.7857381838887527,0.7847214674828681,21.527853251713186,0.0240373052474035,7.601525640154057e-06,99.9683761321749,925.9237931109964,5471.641993150115,4.353049053862329e-05,0.13033080999588728,False,False,78.44052288046171
BNCI2014_001,fixed_spectral_raw_power_s1,fixed,spectral,raw_power,8,3654,500,500,1.0,22,253,10.270850778196136,7.590025554720746,0.7409015498846753,0.7389870341445831,26.101296585541693,0.0293495712606744,9.885630086034493e-06,99.96631763374587,911.3518251106144,5253.169435774908,4.261211316222164e-05,0.12758117713241277,False,False,73.86502104820418
BNCI2014_001,fixed_spectral_raw_power_s1,fixed,spectral,raw_power,1,6398,500,500,1.0,22,253,7.00240537723237,5.94928407878619,0.8506205799624181,0.8496057794839612,15.039422051603875,0.0118515652022794,8.020949543642551e-06,99.93232160135186,1035.526142688468,5548.779709031805,3.054309364196292e-05,0.0914463881495983,False,False,84.89289954974798
BNCI2014_001,fixed_spectral_raw_power_s1,fixed,spectral,raw_power,3,6398,500,500,1.0,22,253,10.198606317621376,8.067304538607992,0.7923161201604392,0.7910202911420481,20.89797088579519,0.0248914691208135,7.594418376735044e-06,99.96948987486485,947.876386810094,5625.854353187606,4.518472613289483e-05,0.13528361117634494,False,False,79.07151898906966
BNCI2014_001,fixed_spectral_raw_power_s1,fixed,spectral,raw_power,8,6398,500,500,1.0,22,253,10.270850778196136,7.602670990283638,0.7418880810107452,0.7402182306477721,25.97817693522278,0.029477111968222,9.91119722040008e-06,99.9663766340777,945.384468883276,5641.640097601339,4.1035935484245416e-05,0.12286208228816961,False,False,73.98819969885493
BNCI2014_001,fixed_spectral_raw_rooted_s1,fixed,spectral,raw_rooted,1,1788,500,500,1.0,22,253,7.00240537723237,6.050295672812737,0.8637434639927559,0.8640310503137503,13.596894968624976,0.011431575454152,0.0024314510038884,78.73039447939534,936.8681048508734,5565.949306590483,0.012839191744923742,7.548563807433028,False,False,65.13349951077036
BNCI2014_001,fixed_spectral_raw_rooted_s1,fixed,spectral,raw_rooted,3,1788,500,500,1.0,22,253,10.198606317621376,8.093851216587584,0.7942880091470148,0.7936232622885786,20.637673771142136,0.0230715957997395,0.0021567085332905,90.65210507322233,944.056467851624,5552.18027648516,0.012417304924370763,7.300523303970783,False,False,70.0144313020802
BNCI2014_001,fixed_spectral_raw_rooted_s1,fixed,spectral,raw_rooted,8,1788,500,500,1.0,22,253,10.270850778196136,7.6739925684631345,0.7484959328389218,0.7471623076010567,25.283769239894326,0.0263764776839862,0.0023291006354509,91.16978141146969,915.7597979065032,5066.253180615604,0.01265186085765948,7.438426099101319,False,False,65.88601217157536
BNCI2014_001,fixed_spectral_raw_rooted_s1,fixed,spectral,raw_rooted,1,3654,500,500,1.0,22,253,7.00240537723237,6.03663568132728,0.8618725933116413,0.86208029328819,13.791970671181,0.0123138744578976,0.002297374060368,81.34320706108416,950.951718026772,5711.79727697745,0.01266472185613533,7.445987483770304,False,False,67.55123638990315
BNCI2014_001,fixed_spectral_raw_rooted_s1,fixed,spectral,raw_rooted,3,3654,500,500,1.0,22,253,10.198606317621376,8.054383640095356,0.7903995712568808,0.7897533632785506,21.02466367214494,0.0240373052474035,0.002320284522024,90.34715206990752,948.8320183008908,5503.592520486563,0.012650958275552912,7.437895442751743,False,False,69.32248839776258
BNCI2014_001,fixed_spectral_raw_rooted_s1,fixed,spectral,raw_rooted,8,3654,500,500,1.0,22,253,10.270850778196136,7.648790404870898,0.7458677600795036,0.7447085514189751,25.52914485810249,0.0293495712606744,0.0023537620031763,91.98025081092032,951.7295795958488,5549.812844954431,0.01268991021949837,7.460796513172479,False,False,66.45110595281784
BNCI2014_001,fixed_spectral_raw_rooted_s1,fixed,spectral,raw_rooted,1,6398,500,500,1.0,22,253,7.00240537723237,6.009367391945693,0.8582039440203202,0.8581861614988127,14.181383850118735,0.0118515652022794,0.0021446042698598,81.90446381337607,1078.4375849179924,6084.968153387308,0.012441104454018522,7.314515794440757,False,False,67.72307996325733
BNCI2014_001,fixed_spectral_raw_rooted_s1,fixed,spectral,raw_rooted,3,6398,500,500,1.0,22,253,10.198606317621376,8.124695990386424,0.796994066055779,0.7966476729617846,20.33523270382154,0.0248914691208135,0.0023987543784546,90.3631466394692,974.9342841096222,5790.349482325837,0.012756311948302039,7.499836173671087,False,False,70.02791393564766
BNCI2014_001,fixed_spectral_raw_rooted_s1,fixed,spectral,raw_rooted,8,6398,500,500,1.0,22,253,10.270850778196136,7.666206504430722,0.7472181313955019,0.746404233688724,25.3595766311276,0.029477111968222,0.0023562662104023,92.00645499822883,969.9755478650331,5529.447467066348,0.012691589873058937,7.461784034219613,False,False,66.64687836710124
BNCI2014_001,fixed_uniform_normalized_power,fixed,uniform,normalized_power,1,1788,500,500,0.0,22,253,7.00240537723237,5.994761680552385,0.8571853301553092,0.8561003480380842,14.389965196191575,0.0046932295011499,0.0001112866301324,97.62878354648686,955.8021710254252,5609.954354353249,0.0001154254990166006,2.7881076827280467,False,False,83.23881835029528
BNCI2014_001,fixed_uniform_normalized_power,fixed,uniform,normalized_power,3,1788,500,500,0.0,22,253,10.198606317621376,8.04667692068503,0.7903512128781024,0.7889976993015021,21.10023006984979,0.0089617316523775,5.850608044802725e-05,99.34715652378962,944.318496156484,5171.752929454669,0.00011938801166521615,2.7881076827280467,False,False,78.24692645393984
BNCI2014_001,fixed_uniform_normalized_power,fixed,uniform,normalized_power,8,1788,500,500,0.0,22,253,10.270850778196136,7.62511752989325,0.7448425232801724,0.7424036912385602,25.759630876143984,0.0101709023399201,0.0001346934350927,98.67569827542205,991.76146206446,5710.266271373257,0.00012250862328131996,2.7881076827280467,False,False,72.91606739927806
BNCI2014_001,fixed_uniform_normalized_power,fixed,uniform,normalized_power,1,3654,500,500,0.0,22,253,7.00240537723237,5.98421180628481,0.8556310970879211,0.8545937408510915,14.54062591489085,0.0046583508594839,0.0001076957766107,97.68811367242888,952.9130551964043,5735.655819065869,0.00011536613636086843,2.7881076827280467,False,False,83.14748775753803
BNCI2014_001,fixed_uniform_normalized_power,fixed,uniform,normalized_power,3,3654,500,500,0.0,22,253,10.198606317621376,8.020469179341983,0.78772120377614,0.7864279617778794,21.357203822212057,0.0090762810591707,5.5968863729164976e-05,99.38335025805956,961.7410791106522,5867.662152741104,0.00011930496106129151,2.7881076827280467,False,False,78.02614643584751
BNCI2014_001,fixed_uniform_normalized_power,fixed,uniform,normalized_power,8,3654,500,500,0.0,22,253,10.270850778196136,7.595662441176807,0.7419766762007405,0.7395358578572231,26.04641421427769,0.0105016375792957,0.0001279025037768,98.7820708645577,943.3639019262046,5469.619481591508,0.0001228204715728002,2.7881076827280467,False,False,72.73565665028
BNCI2014_001,fixed_uniform_normalized_power,fixed,uniform,normalized_power,1,6398,500,500,0.0,22,253,7.00240537723237,5.956024011606715,0.8517594331828391,0.850568296284608,14.943170371539201,0.0045735860696544,0.0001198978556888,97.37847164428985,1105.447070673108,5698.72311106883,0.000119740392140468,2.7881076827280467,False,False,82.43530127275065
BNCI2014_001,fixed_uniform_normalized_power,fixed,uniform,normalized_power,3,6398,500,500,0.0,22,253,10.198606317621376,8.079488924742941,0.7934118658250675,0.7922150020422911,20.77849979577089,0.0095854557060954,5.074483343401934e-05,99.47060593684918,955.9204042889178,5698.313453933224,0.00012426621199492497,2.7881076827280467,False,False,78.69210614107828
BNCI2014_001,fixed_uniform_normalized_power,fixed,uniform,normalized_power,8,6398,500,500,0.0,22,253,10.270850778196136,7.612286986582786,0.7435279739933862,0.7411544721049611,25.88455278950389,0.0110825027651553,0.0001406139194384,98.73120790115654,971.153768710792,5720.698903314769,0.00012785603708859058,2.7881076827280467,False,False,72.84665511165265
BNCI2014_001,fixed_uniform_raw_power,fixed,uniform,raw_power,1,1788,500,500,0.0,22,253,7.00240537723237,5.997066981548769,0.858794305919567,0.8564295636250423,14.357043637495767,0.0046932295011499,7.285565269252927e-06,99.84476435112607,896.7049652710557,5535.083866445348,1.5607797688994148e-05,0.04672993320058605,False,False,85.48772071363031
BNCI2014_001,fixed_uniform_raw_power,fixed,uniform,raw_power,3,1788,500,500,0.0,22,253,10.198606317621376,8.044589040931477,0.7930573574231122,0.7887929772357091,21.12070227642909,0.0089617316523775,7.677799917719909e-06,99.91432682638201,867.3495990224183,5469.584776321426,2.1849120827577707e-05,0.06541652942389227,False,False,78.79362454995292
BNCI2014_001,fixed_uniform_raw_power,fixed,uniform,raw_power,8,1788,500,500,0.0,22,253,10.270850778196136,7.618482386773424,0.7469545984090892,0.741757674344428,25.824232565557203,0.0101709023399201,9.029214227540334e-06,99.91122504252056,897.4212238099426,5872.150649083778,2.270605471114599e-05,0.0679821997339769,False,False,74.08699247696336
BNCI2014_001,fixed_uniform_raw_power,fixed,uniform,raw_power,1,3654,500,500,0.0,22,253,7.00240537723237,5.982735676403487,0.8569335650093376,0.8543829375910971,14.561706240890292,0.0046583508594839,7.354126726115001e-06,99.842130252788,851.6256872098893,5445.136088179424,1.5680827065917433e-05,0.04694858402969844,False,False,85.28042401189771
BNCI2014_001,fixed_uniform_raw_power,fixed,uniform,raw_power,3,3654,500,500,0.0,22,253,10.198606317621376,8.013288620168014,0.7894428647434243,0.7857238891869449,21.427611081305514,0.0090762810591707,7.938856248396744e-06,99.91253183769166,923.454194329679,5952.750267460942,2.1724949833110683e-05,0.06504475997938076,False,False,78.48492075638615
BNCI2014_001,fixed_uniform_raw_power,fixed,uniform,raw_power,8,3654,500,500,0.0,22,253,10.270850778196136,7.593549865167816,0.7446006876088607,0.7393301712929244,26.06698287070755,0.0105016375792957,9.145478158562735e-06,99.91291378997316,901.6428152099252,5574.123883852735,2.2827854909822794e-05,0.06834687098749859,False,False,73.84593091926561
BNCI2014_001,fixed_uniform_raw_power,fixed,uniform,raw_power,1,6398,500,500,0.0,22,253,7.00240537723237,5.952415019977723,0.853141148759732,0.8500529031540237,14.994709684597629,0.0045735860696544,7.443429749754742e-06,99.83725178369022,982.5561770703644,5535.507052438334,1.573714548566729e-05,0.04711720205290242,False,False,84.8425420990926
BNCI2014_001,fixed_uniform_raw_power,fixed,uniform,raw_power,3,6398,500,500,0.0,22,253,10.198606317621376,8.071871192261645,0.7950716453090771,0.7914680634661707,20.85319365338293,0.0095854557060954,8.124395059282187e-06,99.91524247455322,915.0598398409784,5825.291940476745,2.1952808838968224e-05,0.06572697257176804,False,False,79.0620488211703
BNCI2014_001,fixed_uniform_raw_power,fixed,uniform,raw_power,8,6398,500,500,0.0,22,253,10.270850778196136,7.601877347019737,0.7443358928073731,0.7401409592239107,25.985904077608936,0.0110825027651553,9.14289907926481e-06,99.91750149516758,935.0307323038578,6114.783275406808,2.2576812976835674e-05,0.06759524843364718,False,False,73.93159741755865
BNCI2014_001,fixed_uniform_raw_rooted,fixed,uniform,raw_rooted,1,1788,500,500,0.0,22,253,7.00240537723237,6.007917208363353,0.8588381092076041,0.8579790635797098,14.202093642029027,0.0046932295011499,0.0001434691219505,96.94306187423078,901.0042913723736,5376.161096151918,0.006129259348903124,3.603583948794408,False,False,82.74096823220175
BNCI2014_001,fixed_uniform_raw_rooted,fixed,uniform,raw_rooted,3,1788,500,500,0.0,22,253,10.198606317621376,8.06277299854825,0.7924875513835664,0.7905759617975657,20.94240382024343,0.0089617316523775,0.0001466973450381,98.36306920661721,906.9232994224876,5818.121601361781,0.006114069329630244,3.594653259698437,False,False,77.42066538637378
BNCI2014_001,fixed_uniform_raw_rooted,fixed,uniform,raw_rooted,8,1788,500,500,0.0,22,253,10.270850778196136,7.637760821796578,0.7461403453512817,0.7436346790287993,25.636532097120067,0.0101709023399201,0.0001528884431601,98.49680551390192,930.4084854666144,5865.314130205661,0.006148853824721142,3.6151041561348727,False,False,72.86027341678185
BNCI2014_001,fixed_uniform_raw_rooted,fixed,uniform,raw_rooted,1,3654,500,500,0.0,22,253,7.00240537723237,5.993647638762565,0.8568411953910658,0.855941253879748,14.4058746120252,0.0046583508594839,0.0001430587540469,96.92898284474111,913.5381709784268,5761.634177993983,0.0061267861041636494,3.602129850584939,False,False,82.52310823271591
BNCI2014_001,fixed_uniform_raw_rooted,fixed,uniform,raw_rooted,3,3654,500,500,0.0,22,253,10.198606317621376,8.033867043982884,0.7896121066468303,0.7877416574166405,21.225834258335947,0.0090762810591707,0.0001462554989059,98.38859662947388,930.4195395670832,5765.765025978908,0.006116598797530834,3.5961404132689885,False,False,77.16276237113793
BNCI2014_001,fixed_uniform_raw_rooted,fixed,uniform,raw_rooted,8,3654,500,500,0.0,22,253,10.270850778196136,7.612379360045318,0.743665228120847,0.7411634658548,25.88365341452,0.0105016375792957,0.0001529790213173,98.54328412914475,944.1511316690594,5872.332188067958,0.0061477386464881606,3.614448507849876,False,False,72.65963071462475
BNCI2014_001,fixed_uniform_raw_rooted,fixed,uniform,raw_rooted,1,6398,500,500,0.0,22,253,7.00240537723237,5.966075274471461,0.8529839117200163,0.8520036977392891,14.799630226071095,0.0045735860696544,0.0001546916274454,96.61771692738498,1052.2104252595454,5829.88962251693,0.0062539165057257035,3.676873803874299,False,False,81.81808670131389
BNCI2014_001,fixed_uniform_raw_rooted,fixed,uniform,raw_rooted,3,6398,500,500,0.0,22,253,10.198606317621376,8.087269974234259,0.7948092245508374,0.792977954278017,20.7022045721983,0.0095854557060954,0.0001581483168982,98.35012208342235,860.3318210225552,5179.212517803535,0.006246618537579989,3.672583099341882,False,False,77.64791751122405
BNCI2014_001,fixed_uniform_raw_rooted,fixed,uniform,raw_rooted,8,6398,500,500,0.0,22,253,10.270850778196136,7.619895973404625,0.7442312939045624,0.7418953052633974,25.810469473660266,0.0110825027651553,0.0001654185649374,98.50738981579597,903.0123483389616,5189.8049677256495,0.006300640703860228,3.704344426478646,False,False,72.69692034213571
BNCI2014_001,resampled_spectral_normalized_power_s1,resampled,spectral,normalized_power,1,1788,500,500,1.0,22,253,7.00240537723237,4.953127017876517,0.7508232069799498,0.7073465118116584,29.265348818834156,0.011431575454152,0.0003061891903077,97.32154862174757,1236.0235766973346,5065.814942354336,0.0002035909797304112,2.7881076827280467,False,False,68.05619980291341
BNCI2014_001,resampled_spectral_normalized_power_s1,resampled,spectral,normalized_power,3,1788,500,500,1.0,22,253,10.198606317621376,6.208384892514852,0.6731438487195157,0.608748362194143,39.12516378058571,0.0230715957997395,0.0004037577134608,98.24997925169373,1218.9610176719725,4901.907782303169,0.00025394550993398924,2.7881076827280467,False,False,59.12481547110802
BNCI2014_001,resampled_spectral_normalized_power_s1,resampled,spectral,normalized_power,8,1788,500,500,1.0,22,253,10.270850778196136,6.358273657365568,0.6652465957028969,0.6190600754188221,38.09399245811779,0.0263764776839862,0.0003901651591741,98.52078369277118,1241.6184106841683,5497.086937306449,0.0002558215506732048,2.7881076827280467,False,False,60.426791234653386
BNCI2014_001,resampled_spectral_normalized_power_s1,resampled,spectral,normalized_power,1,3654,500,500,1.0,22,253,7.00240537723237,4.978593375434463,0.753133241669527,0.7109833131943301,28.901668680566996,0.0123138744578976,0.0003190341654901,97.4091487891897,1264.4157940521836,5392.45909685269,0.00020395695697098302,2.7881076827280467,False,False,68.5074801086227
BNCI2014_001,resampled_spectral_normalized_power_s1,resampled,spectral,normalized_power,3,3654,500,500,1.0,22,253,10.198606317621376,6.1872077837276125,0.6744730980596967,0.6066718913384488,39.33281086615512,0.0240373052474035,0.00038109728878,98.41455901625594,1253.335767192766,5144.69672809355,0.00025408333098356185,2.7881076827280467,False,False,59.081748150100815
BNCI2014_001,resampled_spectral_normalized_power_s1,resampled,spectral,normalized_power,8,3654,500,500,1.0,22,253,10.270850778196136,6.318144598648245,0.6640594752020056,0.6151529931737454,38.484700682625466,0.0293495712606744,0.0003924507341337,98.66283997592991,1257.2836093604565,5314.926702063531,0.0002559952325360002,2.7881076827280467,False,False,60.17813929330445
BNCI2014_001,resampled_spectral_normalized_power_s1,resampled,spectral,normalized_power,1,6398,500,500,1.0,22,253,7.00240537723237,4.9337742835231735,0.7517140304088107,0.7045827851619179,29.541721483808217,0.0118515652022794,0.0002974881489247,97.48988303361413,1160.8448179904372,4795.350483618677,0.000203681012746237,2.7881076827280467,False,False,67.94816154980592
BNCI2014_001,resampled_spectral_normalized_power_s1,resampled,spectral,normalized_power,3,6398,500,500,1.0,22,253,10.198606317621376,6.224335645564207,0.6780745490097388,0.6103123752124507,38.96876247875493,0.0248914691208135,0.0003675820572832,98.52326089914942,1216.8714662548157,5014.859516872093,0.00025386755049644163,2.7881076827280467,False,False,59.55449842039449
BNCI2014_001,resampled_spectral_normalized_power_s1,resampled,spectral,normalized_power,8,6398,500,500,1.0,22,253,10.270850778196136,6.372179119659084,0.6669363696060214,0.6204139518010041,37.958604819899584,0.029477111968222,0.000373148401949,98.73410800097624,1229.3995232321322,5066.5583978407085,0.00025585228541070705,2.7881076827280467,False,False,60.77550318107665
BNCI2014_001,resampled_spectral_raw_power_s1,resampled,spectral,raw_power,1,1788,500,500,1.0,22,253,7.00240537723237,5.1724057372948415,0.7783374346727011,0.7386612826090315,26.13387173909685,0.011431575454152,0.0002969190028704,97.40264144639347,1137.887116521597,5112.4995071440935,0.000202206067711909,0.6054073883591584,False,False,71.26876970729663
BNCI2014_001,resampled_spectral_raw_power_s1,resampled,spectral,raw_power,3,1788,500,500,1.0,22,253,10.198606317621376,6.797481970757752,0.7096911562685126,0.6665108701188821,33.348912988111785,0.0230715957997395,0.0004097660050745,98.2239373096198,1169.2577665671706,5445.840784814209,0.0002475315933262926,0.7411125548692884,False,False,64.87502432150802
BNCI2014_001,resampled_spectral_raw_power_s1,resampled,spectral,raw_power,8,1788,500,500,1.0,22,253,10.270850778196136,6.710292146122611,0.6875046351081323,0.6533336226019181,34.666637739808195,0.0263764776839862,0.0003830902119102,98.54760663459328,1186.6552061401308,5375.905079999939,0.0002416597503726884,0.7235321867447255,False,False,63.880968894785084
BNCI2014_001,resampled_spectral_raw_power_s1,resampled,spectral,raw_power,1,3654,500,500,1.0,22,253,7.00240537723237,5.121926122608977,0.7742114659604049,0.7314523862417927,26.854761375820736,0.0123138744578976,0.0002907672148352,97.63870245852057,1173.876664135605,5227.158597903326,0.00020205036412946343,0.6049412099685983,False,False,70.78394108269984
BNCI2014_001,resampled_spectral_raw_power_s1,resampled,spectral,raw_power,3,3654,500,500,1.0,22,253,10.198606317621376,6.788653955640919,0.7096920668216974,0.6656452601676892,33.435473983231084,0.0240373052474035,0.000383817761376,98.40324130585537,1216.6591957211494,5410.796437878162,0.00024733414128426937,0.7405213810907731,False,False,64.9677673226243
BNCI2014_001,resampled_spectral_raw_power_s1,resampled,spectral,raw_power,8,3654,500,500,1.0,22,253,10.270850778196136,6.727919723288355,0.6871619472300501,0.6550498949484277,34.49501050515723,0.0293495712606744,0.0003891840603895,98.67397020238259,1162.5207141041756,5041.9023195281625,0.00023955156502717743,0.7172202545725261,False,False,64.17895969722537
BNCI2014_001,resampled_spectral_raw_power_s1,resampled,spectral,raw_power,1,6398,500,500,1.0,22,253,7.00240537723237,5.136840523570202,0.7758817259190476,0.7335822830640641,26.641771693593583,0.0118515652022794,0.0002792555223489,97.643724541167,1193.0251475423574,5623.511553509161,0.000202665292333369,0.6067823123755111,False,False,71.00195284757342
BNCI2014_001,resampled_spectral_raw_power_s1,resampled,spectral,raw_power,3,6398,500,500,1.0,22,253,10.198606317621376,6.790576299476322,0.7097991004743116,0.6658337510041362,33.41662489958638,0.0248914691208135,0.0003883058836137,98.4400041567293,1109.5296570565552,5066.203719703481,0.0002471978701694602,0.7401133837410476,False,False,65.02337925714292
BNCI2014_001,resampled_spectral_raw_power_s1,resampled,spectral,raw_power,8,6398,500,500,1.0,22,253,10.270850778196136,6.716917807024105,0.6873542611041035,0.6539787162796064,34.60212837203937,0.029477111968222,0.0003521152731753,98.8054621037675,1195.257068844512,5408.784685423598,0.00024091264096847537,0.7212953322410888,False,False,64.20333373172812
BNCI2014_001,resampled_spectral_raw_rooted_s1,resampled,spectral,raw_rooted,1,1788,500,500,1.0,22,253,7.00240537723237,5.02859318043548,0.7535454592477788,0.7181236888663222,28.187631113367786,0.011431575454152,0.0003069927994847,97.31451888922976,1213.101860601455,5150.611519347876,0.005275823397147988,3.1018221661706655,False,False,69.12688777586197
BNCI2014_001,resampled_spectral_raw_rooted_s1,resampled,spectral,raw_rooted,3,1788,500,500,1.0,22,253,10.198606317621376,6.266544788828846,0.6737984661525223,0.6144510920086573,38.55489079913426,0.0230715957997395,0.000406740963153,98.23704885139503,1177.3160099983215,4914.593416033313,0.005323435056285081,3.1298145549529424,False,False,59.68215805226077
BNCI2014_001,resampled_spectral_raw_rooted_s1,resampled,spectral,raw_rooted,8,1788,500,500,1.0,22,253,10.270850778196136,6.435392261684931,0.6689283590954053,0.6265685677516167,37.34314322483833,0.0263764776839862,0.0004073061415827,98.45579782690248,1192.3258618917316,5062.298665521666,0.0053957796814769485,3.172348230766417,False,False,61.112654602064154
BNCI2014_001,resampled_spectral_raw_rooted_s1,resampled,spectral,raw_rooted,1,3654,500,500,1.0,22,253,7.00240537723237,4.997113364768174,0.7529636990204457,0.7136281171346912,28.637188286530876,0.0123138744578976,0.0003172387176223,97.42372947923928,1232.2064361069351,5395.815850701183,0.005288062350708179,3.109017831109763,False,False,68.78654119270841
BNCI2014_001,resampled_spectral_raw_rooted_s1,resampled,spectral,raw_rooted,3,3654,500,500,1.0,22,253,10.198606317621376,6.372665675264441,0.6785498717317048,0.6248565222341811,37.51434777658189,0.0240373052474035,0.0003971296659233,98.34786111905701,1158.060944871977,4914.78885570541,0.005342999770653105,3.141317264602839,False,False,60.83351334247512
BNCI2014_001,resampled_spectral_raw_rooted_s1,resampled,spectral,raw_rooted,8,3654,500,500,1.0,22,253,10.270850778196136,6.407571866237752,0.6673648802164311,0.6238598928766746,37.61401071233254,0.0293495712606744,0.0003957416923306,98.6516270073735,1176.318635698408,4952.459443593398,0.005399670491672001,3.174635760200005,False,False,61.03761629504097
BNCI2014_001,resampled_spectral_raw_rooted_s1,resampled,spectral,raw_rooted,1,6398,500,500,1.0,22,253,7.00240537723237,5.063339001848389,0.7557176779221957,0.7230856725763601,27.69143274236399,0.0118515652022794,0.000298139092956,97.48439056050876,1212.531743105501,5226.410146569833,0.00527947231747436,3.103967480958316,False,False,69.79295781814477
BNCI2014_001,resampled_spectral_raw_rooted_s1,resampled,spectral,raw_rooted,3,6398,500,500,1.0,22,253,10.198606317621376,6.262314112254186,0.6747016726327453,0.6140362631150907,38.59637368849093,0.0248914691208135,0.0003750777293167,98.49314748158811,1190.0720752310008,4854.296047706157,0.005330907984772661,3.134208124161781,False,False,59.89677379309718
BNCI2014_001,resampled_spectral_raw_rooted_s1,resampled,spectral,raw_rooted,8,6398,500,500,1.0,22,253,10.270850778196136,6.383840543034074,0.6685087464896876,0.6215493420064335,37.845065799356654,0.029477111968222,0.0003978127016344,98.6504352866615,1160.3182307444513,5005.491417367011,0.00540730864525276,3.1791264704270024,False,False,60.80536948730485
BNCI2014_001,resampled_uniform_normalized_power,resampled,uniform,normalized_power,1,1788,500,500,0.0,22,253,7.00240537723237,4.471261447526827,0.7120385836596482,0.6385322195234072,36.146778047659275,0.0046932295011499,0.0001837424945212,96.08494546290181,1181.5460573416203,5135.430985828862,7.999005120018016e-05,2.7881076827280467,False,False,59.93816741524254
BNCI2014_001,resampled_uniform_normalized_power,resampled,uniform,normalized_power,3,1788,500,500,0.0,22,253,10.198606317621376,5.35516363898827,0.6321417028870828,0.52508778868496,47.491221131504005,0.0089617316523775,0.00022479636149,97.49159682291577,1160.2778814267367,4677.3235083092,9.698571875020322e-05,2.7881076827280467,False,False,50.00037569141176
BNCI2014_001,resampled_uniform_normalized_power,resampled,uniform,normalized_power,8,1788,500,500,0.0,22,253,10.270850778196136,5.76097703322392,0.6385021922632759,0.5609055333034171,43.90944666965829,0.0101709023399201,0.0002337699739006,97.70158078322048,1158.712329110131,4863.574084592983,9.702819424431522e-05,2.7881076827280467,False,False,53.79213411356219
BNCI2014_001,resampled_uniform_normalized_power,resampled,uniform,normalized_power,1,3654,500,500,0.0,22,253,7.00240537723237,4.455704399381455,0.7126178410616303,0.636310547496827,36.3689452503173,0.0046583508594839,0.0001837920631409,96.05456805026355,1140.495712403208,4888.812823686749,8.009973649373832e-05,2.7881076827280467,False,False,59.68562279994625
BNCI2014_001,resampled_uniform_normalized_power,resampled,uniform,normalized_power,3,3654,500,500,0.0,22,253,10.198606317621376,5.500461974614727,0.6354389571310899,0.5393346701804645,46.06653298195354,0.0090762810591707,0.0002228358114924,97.54485554116633,1195.0143249705434,4955.381957814097,9.702460350601906e-05,2.7881076827280467,False,False,51.478322559212785
BNCI2014_001,resampled_uniform_normalized_power,resampled,uniform,normalized_power,8,3654,500,500,0.0,22,253,10.270850778196136,5.83350453112519,0.638388169286834,0.5679670221194397,43.20329778805603,0.0105016375792957,0.000230553019783,97.8045993489859,1179.0028866380453,4919.610251672566,9.746243485785618e-05,2.7881076827280467,False,False,54.601301560929876
BNCI2014_001,resampled_uniform_normalized_power,resampled,uniform,normalized_power,1,6398,500,500,0.0,22,253,7.00240537723237,4.436700341144739,0.7116300192121464,0.6335966146104927,36.640338538950736,0.0045735860696544,0.0001824516697577,96.01075246034482,1210.396369220689,5251.701732166112,8.000859879747352e-05,2.7881076827280467,False,False,59.37041392139408
BNCI2014_001,resampled_uniform_normalized_power,resampled,uniform,normalized_power,3,6398,500,500,0.0,22,253,10.198606317621376,5.523030946602233,0.6373355412859105,0.5415476168601017,45.84523831398983,0.0095854557060954,0.0002271053991173,97.63072924146023,1194.0284941811117,4958.58463854529,9.704263908088059e-05,2.7881076827280467,False,False,51.7854909274704
BNCI2014_001,resampled_uniform_normalized_power,resampled,uniform,normalized_power,8,6398,500,500,0.0,22,253,10.270850778196136,5.741186639748118,0.6344289674189378,0.5589786828503062,44.10213171496938,0.0110825027651553,0.0002225466114392,97.99191016546449,1171.2786587886512,5136.780093191192,9.718649700946702e-05,2.7881076827280467,False,False,53.88977845049511
BNCI2014_001,resampled_uniform_raw_power,resampled,uniform,raw_power,1,1788,500,500,0.0,22,253,7.00240537723237,5.346052746434988,0.7976034553405389,0.7634594769130548,23.654052308694517,0.0046932295011499,0.0002020137494566,95.69563454318387,1133.7688602507114,5557.472145883367,8.997158837285689e-05,0.26937601309239484,False,False,72.04158223448935
BNCI2014_001,resampled_uniform_raw_power,resampled,uniform,raw_power,3,1788,500,500,0.0,22,253,10.198606317621376,7.1292161472617686,0.7316475473281387,0.6990382729985127,30.096172700148724,0.0089617316523775,0.0002774699192875,96.90383588741035,1144.3140413612127,5548.318306682631,0.00011090733532664988,0.33205789019958304,False,False,66.80766318726162
BNCI2014_001,resampled_uniform_raw_power,resampled,uniform,raw_power,8,1788,500,500,0.0,22,253,10.270850778196136,6.950549139396328,0.7023171729341141,0.6767257444876489,32.327425551235116,0.0101709023399201,0.0002649986233544,97.39454165915743,1148.20985076949,5470.630862750113,0.000108182513617128,0.32389974136866023,False,False,65.06711610792232
BNCI2014_001,resampled_uniform_raw_power,resampled,uniform,raw_power,1,3654,500,500,0.0,22,253,7.00240537723237,5.338435024747095,0.7972047229724355,0.7623716047780509,23.762839522194916,0.0046583508594839,0.0001974286841217,95.76183310194945,1083.5515013895929,5138.53831961751,8.998106541829706e-05,0.2694043874799397,False,False,71.99899357975454
BNCI2014_001,resampled_uniform_raw_power,resampled,uniform,raw_power,3,3654,500,500,0.0,22,253,10.198606317621376,7.14301572070538,0.7329787570665589,0.7003913572351077,29.960864276489225,0.0090762810591707,0.0002692244457025,97.03375816650725,1123.2965176459402,5331.808723276481,0.0001110263492500618,0.3324142193115972,False,False,67.07289389001804
BNCI2014_001,resampled_uniform_raw_power,resampled,uniform,raw_power,8,3654,500,500,0.0,22,253,10.270850778196136,6.9631327563073695,0.7027041410012225,0.6779509221465196,32.204907785348034,0.0105016375792957,0.0002696065479633,97.43271898380081,1098.0127868242562,4967.367397621274,0.00010808632442763583,0.3236117497833547,False,False,65.22781119845277
BNCI2014_001,resampled_uniform_raw_power,resampled,uniform,raw_power,1,6398,500,500,0.0,22,253,7.00240537723237,5.336095649432451,0.7971435615244541,0.7620375231034523,23.796247689654766,0.0045735860696544,0.0001947253054519,95.74239333235914,1135.3886781726032,5587.9216936882585,8.997510298249805e-05,0.26938653587575095,False,False,71.94614564270438
BNCI2014_001,resampled_uniform_raw_power,resampled,uniform,raw_power,3,6398,500,500,0.0,22,253,10.198606317621376,7.129463364632856,0.7317962694977797,0.6990625133077656,30.093748669223437,0.0095854557060954,0.0002742684841104,97.13870166928012,1105.727008311078,5205.611829413101,0.00011093396848230031,0.33213763018656195,False,False,67.0449530000567
BNCI2014_001,resampled_uniform_raw_power,resampled,uniform,raw_power,8,6398,500,500,0.0,22,253,10.270850778196136,6.959097664987118,0.7027403645623944,0.6775580538820115,32.24419461179885,0.0110825027651553,0.0002497214110301,97.74670562848624,1122.3629179876298,5210.274204378948,0.00010811539660100691,0.32369879221859693,False,False,65.5025110166874
BNCI2014_001,resampled_uniform_raw_rooted,resampled,uniform,raw_rooted,1,1788,500,500,0.0,22,253,7.00240537723237,4.520785271070966,0.7234917572148517,0.6456046212020019,35.43953787979981,0.0046932295011499,0.0001817217531665,96.1280019840927,1115.967558929697,4979.291429743171,0.002712628096769218,1.5948391986897585,False,False,60.6884641042929
BNCI2014_001,resampled_uniform_raw_rooted,resampled,uniform,raw_rooted,3,1788,500,500,0.0,22,253,10.198606317621376,5.795747428385923,0.6571223658447711,0.5682881805499153,43.17118194500848,0.0089617316523775,0.0002301160597993,97.43223666222754,1147.610011510551,4878.353040665388,0.002750162520055053,1.6169068642233262,False,False,54.26105471721906
BNCI2014_001,resampled_uniform_raw_rooted,resampled,uniform,raw_rooted,8,1788,500,500,0.0,22,253,10.270850778196136,5.986075851094792,0.6484723174426364,0.5828218110034817,41.71781889965183,0.0101709023399201,0.0002325594532932,97.7134825847219,1174.1728698834777,5221.381925744936,0.0027722900617815514,1.6299163405161128,False,False,55.99566368507007
BNCI2014_001,resampled_uniform_raw_rooted,resampled,uniform,raw_rooted,1,3654,500,500,0.0,22,253,7.00240537723237,4.5064337943273385,0.7228434819507421,0.6435551145010203,35.644488549897964,0.0046583508594839,0.000172922509732,96.28790284484586,1119.365154998377,4985.059988452122,0.002712101072315364,1.5945293444717503,False,False,60.643414294947895
BNCI2014_001,resampled_uniform_raw_rooted,resampled,uniform,raw_rooted,3,3654,500,500,0.0,22,253,10.198606317621376,5.851829964890868,0.6602716544197904,0.5737872198066855,42.62127801933145,0.0090762810591707,0.0002361077959095,97.39862842093308,1164.2266986891627,5256.014216691256,0.0027508958974406693,1.6173380398066701,False,False,54.77735040160163
BNCI2014_001,resampled_uniform_raw_rooted,resampled,uniform,raw_rooted,8,3654,500,500,0.0,22,253,10.270850778196136,5.986935162443997,0.6488349148385201,0.5829054760637346,41.70945239362655,0.0105016375792957,0.0002297891655494,97.8118730168099,1106.0159832704812,4741.738562472165,0.002773174430408185,1.6304362885891737,False,False,56.10242062318335
BNCI2014_001,resampled_uniform_raw_rooted,resampled,uniform,raw_rooted,1,6398,500,500,0.0,22,253,7.00240537723237,4.52896580129065,0.7242053436596948,0.6467728669374292,35.322713306257086,0.0045735860696544,0.0001726020710306,96.22611079354537,1173.0071699712423,5410.559404408559,0.0027119822237257223,1.5944594696556291,False,False,60.90339748728829
BNCI2014_001,resampled_uniform_raw_rooted,resampled,uniform,raw_rooted,3,6398,500,500,0.0,22,253,10.198606317621376,5.896303988503435,0.6618353799091424,0.578148014039494,42.185198596050604,0.0095854557060954,0.0002384897274604,97.51196255271677,1173.3594618272036,5228.700418025255,0.002750562942696264,1.6171422852620632,False,False,55.32676395666616
BNCI2014_001,resampled_uniform_raw_rooted,resampled,uniform,raw_rooted,8,6398,500,500,0.0,22,253,10.270850778196136,5.997111186926448,0.6481240050710657,0.5838962434988971,41.61037565011029,0.0110825027651553,0.0002162679157012,98.04856429739705,1148.5091093927622,5051.930340705439,0.0027732560903421326,1.6304842990273831,False,False,56.43818864728676
