effect,sampling,update,aggregation,level,subject,seed,difference,mean,median,sd
spectral,fixed,normalized_power,spectral-minus-uniform,run,1.0,1788.0,-0.00027276116140861895,,,
spectral,fixed,normalized_power,spectral-minus-uniform,run,1.0,3654.0,-0.00022950530250165357,,,
spectral,fixed,normalized_power,spectral-minus-uniform,run,1.0,6398.0,-0.0003879265108951424,,,
spectral,fixed,normalized_power,spectral-minus-uniform,run,3.0,1788.0,-0.0001170543348355535,,,
spectral,fixed,normalized_power,spectral-minus-uniform,run,3.0,3654.0,-0.0010208448510510282,,,
spectral,fixed,normalized_power,spectral-minus-uniform,run,3.0,6398.0,-0.0009928221135737658,,,
spectral,fixed,normalized_power,spectral-minus-uniform,run,8.0,1788.0,-4.828622659958093e-05,,,
spectral,fixed,normalized_power,spectral-minus-uniform,run,8.0,3654.0,-6.095360000546446e-05,,,
spectral,fixed,normalized_power,spectral-minus-uniform,run,8.0,6398.0,-0.00010607964390796365,,,
spectral,fixed,normalized_power,spectral-minus-uniform,seed_mean,,1788.0,-0.00014603390761458446,,,
spectral,fixed,normalized_power,spectral-minus-uniform,seed_mean,,3654.0,-0.00043710125118604876,,,
spectral,fixed,normalized_power,spectral-minus-uniform,seed_mean,,6398.0,-0.0004956094227922906,,,
spectral,fixed,normalized_power,spectral-minus-uniform,subject_mean,1.0,,-0.000296730991601805,,,
spectral,fixed,normalized_power,spectral-minus-uniform,subject_mean,3.0,,-0.0007102404331534492,,,
spectral,fixed,normalized_power,spectral-minus-uniform,subject_mean,8.0,,-7.177315683766967e-05,,,
spectral,fixed,normalized_power,spectral-minus-uniform,grand,,,,-0.00035958152719764127,-0.00022950530250165357,0.00038286582324871055
spectral,fixed,raw_power,spectral-minus-uniform,run,1.0,1788.0,-0.0024392556867380843,,,
spectral,fixed,raw_power,spectral-minus-uniform,run,1.0,3654.0,-0.00193181203334436,,,
spectral,fixed,raw_power,spectral-minus-uniform,run,1.0,6398.0,-0.0025205687973138824,,,
spectral,fixed,raw_power,spectral-minus-uniform,run,3.0,1788.0,-0.0032571958518653465,,,
spectral,fixed,raw_power,spectral-minus-uniform,run,3.0,3654.0,-0.0037046808546715715,,,
spectral,fixed,raw_power,spectral-minus-uniform,run,3.0,6398.0,-0.0027555251486379717,,,
spectral,fixed,raw_power,spectral-minus-uniform,run,8.0,1788.0,-0.0032521409831871573,,,
spectral,fixed,raw_power,spectral-minus-uniform,run,8.0,3654.0,-0.0036991377241853973,,,
spectral,fixed,raw_power,spectral-minus-uniform,run,8.0,6398.0,-0.0024478117966278967,,,
spectral,fixed,raw_power,spectral-minus-uniform,seed_mean,,1788.0,-0.002982864173930196,,,
spectral,fixed,raw_power,spectral-minus-uniform,seed_mean,,3654.0,-0.0031118768707337763,,,
spectral,fixed,raw_power,spectral-minus-uniform,seed_mean,,6398.0,-0.0025746352475265835,,,
spectral,fixed,raw_power,spectral-minus-uniform,subject_mean,1.0,,-0.0022972121724654424,,,
spectral,fixed,raw_power,spectral-minus-uniform,subject_mean,3.0,,-0.003239133951724963,,,
spectral,fixed,raw_power,spectral-minus-uniform,subject_mean,8.0,,-0.0031330301680001504,,,
spectral,fixed,raw_power,spectral-minus-uniform,grand,,,,-0.002889792097396852,-0.0027555251486379717,0.0006180387497699677
spectral,fixed,raw_rooted,spectral-minus-uniform,run,1.0,1788.0,0.004905354785151861,,,
spectral,fixed,raw_rooted,spectral-minus-uniform,run,1.0,3654.0,0.005031397920575498,,,
spectral,fixed,raw_rooted,spectral-minus-uniform,run,1.0,6398.0,0.0052200323003038784,,,
spectral,fixed,raw_rooted,spectral-minus-uniform,run,3.0,1788.0,0.0018004577634483931,,,
spectral,fixed,raw_rooted,spectral-minus-uniform,run,3.0,3654.0,0.0007874646100504146,,,
spectral,fixed,raw_rooted,spectral-minus-uniform,run,3.0,6398.0,0.0021848415049416925,,,
spectral,fixed,raw_rooted,spectral-minus-uniform,run,8.0,1788.0,0.0023555874876400873,,,
spectral,fixed,raw_rooted,spectral-minus-uniform,run,8.0,3654.0,0.002202531958656606,,,
spectral,fixed,raw_rooted,spectral-minus-uniform,run,8.0,6398.0,0.00298683749093942,,,
spectral,fixed,raw_rooted,spectral-minus-uniform,seed_mean,,1788.0,0.0030204666787467804,,,
spectral,fixed,raw_rooted,spectral-minus-uniform,seed_mean,,3654.0,0.002673798163094173,,,
spectral,fixed,raw_rooted,spectral-minus-uniform,seed_mean,,6398.0,0.003463903765394997,,,
spectral,fixed,raw_rooted,spectral-minus-uniform,subject_mean,1.0,,0.005052261668677079,,,
spectral,fixed,raw_rooted,spectral-minus-uniform,subject_mean,3.0,,0.0015909212928135001,,,
spectral,fixed,raw_rooted,spectral-minus-uniform,subject_mean,8.0,,0.002514985645745371,,,
spectral,fixed,raw_rooted,spectral-minus-uniform,grand,,,,0.00305272286907865,0.0023555874876400873,0.001608981599137646
spectral,resampled,normalized_power,spectral-minus-uniform,run,1.0,1788.0,0.038784623320301526,,,
spectral,resampled,normalized_power,spectral-minus-uniform,run,1.0,3654.0,0.04051540060789671,,,
spectral,resampled,normalized_power,spectral-minus-uniform,run,1.0,6398.0,0.04008401119666427,,,
spectral,resampled,normalized_power,spectral-minus-uniform,run,3.0,1788.0,0.04100214583243289,,,
spectral,resampled,normalized_power,spectral-minus-uniform,run,3.0,3654.0,0.0390341409286068,,,
spectral,resampled,normalized_power,spectral-minus-uniform,run,3.0,6398.0,0.040739007723828324,,,
spectral,resampled,normalized_power,spectral-minus-uniform,run,8.0,1788.0,0.026744403439621034,,,
spectral,resampled,normalized_power,spectral-minus-uniform,run,8.0,3654.0,0.02567130591517164,,,
spectral,resampled,normalized_power,spectral-minus-uniform,run,8.0,6398.0,0.03250740218708359,,,
spectral,resampled,normalized_power,spectral-minus-uniform,seed_mean,,1788.0,0.03551039086411848,,,
spectral,resampled,normalized_power,spectral-minus-uniform,seed_mean,,3654.0,0.03507361581722505,,,
spectral,resampled,normalized_power,spectral-minus-uniform,seed_mean,,6398.0,0.03777680703585873,,,
spectral,resampled,normalized_power,spectral-minus-uniform,subject_mean,1.0,,0.03979467837495417,,,
spectral,resampled,normalized_power,spectral-minus-uniform,subject_mean,3.0,,0.040258431494956004,,,
spectral,resampled,normalized_power,spectral-minus-uniform,subject_mean,8.0,,0.028307703847292087,,,
spectral,resampled,normalized_power,spectral-minus-uniform,grand,,,,0.03612027123906742,0.0390341409286068,0.006183888618630795
spectral,resampled,raw_power,spectral-minus-uniform,run,1.0,1788.0,-0.01926602066783778,,,
spectral,resampled,raw_power,spectral-minus-uniform,run,1.0,3654.0,-0.022993257012030588,,,
spectral,resampled,raw_power,spectral-minus-uniform,run,1.0,6398.0,-0.02126183560540651,,,
spectral,resampled,raw_power,spectral-minus-uniform,run,3.0,1788.0,-0.0219563910596261,,,
spectral,resampled,raw_power,spectral-minus-uniform,run,3.0,3654.0,-0.02328669024486152,,,
spectral,resampled,raw_power,spectral-minus-uniform,run,3.0,6398.0,-0.021997169023468044,,,
spectral,resampled,raw_power,spectral-minus-uniform,run,8.0,1788.0,-0.014812537825981797,,,
spectral,resampled,raw_power,spectral-minus-uniform,run,8.0,3654.0,-0.015542193771172386,,,
spectral,resampled,raw_power,spectral-minus-uniform,run,8.0,6398.0,-0.015386103458290945,,,
spectral,resampled,raw_power,spectral-minus-uniform,seed_mean,,1788.0,-0.018678316517815225,,,
spectral,resampled,raw_power,spectral-minus-uniform,seed_mean,,3654.0,-0.020607380342688164,,,
spectral,resampled,raw_power,spectral-minus-uniform,seed_mean,,6398.0,-0.0195483693623885,,,
spectral,resampled,raw_power,spectral-minus-uniform,subject_mean,1.0,,-0.02117370442842496,,,
spectral,resampled,raw_power,spectral-minus-uniform,subject_mean,3.0,,-0.022413416775985223,,,
spectral,resampled,raw_power,spectral-minus-uniform,subject_mean,8.0,,-0.015246945018481709,,,
spectral,resampled,raw_power,spectral-minus-uniform,grand,,,,-0.01961135540763063,-0.02126183560540651,0.003471661436779468
spectral,resampled,raw_rooted,spectral-minus-uniform,run,1.0,1788.0,0.03005370203292712,,,
spectral,resampled,raw_rooted,spectral-minus-uniform,run,1.0,3654.0,0.03012021706970358,,,
spectral,resampled,raw_rooted,spectral-minus-uniform,run,1.0,6398.0,0.031512334262500885,,,
spectral,resampled,raw_rooted,spectral-minus-uniform,run,3.0,1788.0,0.01667610030775113,,,
spectral,resampled,raw_rooted,spectral-minus-uniform,run,3.0,3654.0,0.01827821731191437,,,
spectral,resampled,raw_rooted,spectral-minus-uniform,run,3.0,6398.0,0.012866292723602846,,,
spectral,resampled,raw_rooted,spectral-minus-uniform,run,8.0,1788.0,0.02045604165276882,,,
spectral,resampled,raw_rooted,spectral-minus-uniform,run,8.0,3654.0,0.018529965377911073,,,
spectral,resampled,raw_rooted,spectral-minus-uniform,run,8.0,6398.0,0.0203847414186219,,,
spectral,resampled,raw_rooted,spectral-minus-uniform,seed_mean,,1788.0,0.022395281331149024,,,
spectral,resampled,raw_rooted,spectral-minus-uniform,seed_mean,,3654.0,0.022309466586509674,,,
spectral,resampled,raw_rooted,spectral-minus-uniform,seed_mean,,6398.0,0.021587789468241875,,,
spectral,resampled,raw_rooted,spectral-minus-uniform,subject_mean,1.0,,0.030562084455043863,,,
spectral,resampled,raw_rooted,spectral-minus-uniform,subject_mean,3.0,,0.015940203447756113,,,
spectral,resampled,raw_rooted,spectral-minus-uniform,subject_mean,8.0,,0.019790249483100597,,,
spectral,resampled,raw_rooted,spectral-minus-uniform,grand,,,,0.022097512461966857,0.0203847414186219,0.006744008058605123
resampling,resampled-minus-fixed,normalized_power,uniform,run,1.0,1788.0,-0.14514674649566095,,,
resampling,resampled-minus-fixed,normalized_power,uniform,run,1.0,3654.0,-0.14301325602629078,,,
resampling,resampled-minus-fixed,normalized_power,uniform,run,1.0,6398.0,-0.14012941397069267,,,
resampling,resampled-minus-fixed,normalized_power,uniform,run,3.0,1788.0,-0.15820950999101957,,,
resampling,resampled-minus-fixed,normalized_power,uniform,run,3.0,3654.0,-0.15228224664505008,,,
resampling,resampled-minus-fixed,normalized_power,uniform,run,3.0,6398.0,-0.15607632453915699,,,
resampling,resampled-minus-fixed,normalized_power,uniform,run,8.0,1788.0,-0.10634033101689655,,,
resampling,resampled-minus-fixed,normalized_power,uniform,run,8.0,3654.0,-0.10358850691390653,,,
resampling,resampled-minus-fixed,normalized_power,uniform,run,8.0,6398.0,-0.10909900657444838,,,
resampling,resampled-minus-fixed,normalized_power,uniform,seed_mean,,1788.0,-0.13656552916785902,,,
resampling,resampled-minus-fixed,normalized_power,uniform,seed_mean,,3654.0,-0.1329613365284158,,,
resampling,resampled-minus-fixed,normalized_power,uniform,seed_mean,,6398.0,-0.13510158169476602,,,
resampling,resampled-minus-fixed,normalized_power,uniform,subject_mean,1.0,,-0.14276313883088146,,,
resampling,resampled-minus-fixed,normalized_power,uniform,subject_mean,3.0,,-0.15552269372507554,,,
resampling,resampled-minus-fixed,normalized_power,uniform,subject_mean,8.0,,-0.10634261483508382,,,
resampling,resampled-minus-fixed,normalized_power,uniform,grand,,,,-0.13487614913034693,-0.14301325602629078,0.022231257321292826
resampling,resampled-minus-fixed,raw_power,uniform,run,1.0,1788.0,-0.06119085057902807,,,
resampling,resampled-minus-fixed,raw_power,uniform,run,1.0,3654.0,-0.0597288420369021,,,
resampling,resampled-minus-fixed,raw_power,uniform,run,1.0,6398.0,-0.055997587235277924,,,
resampling,resampled-minus-fixed,raw_power,uniform,run,3.0,1788.0,-0.06140981009497348,,,
resampling,resampled-minus-fixed,raw_power,uniform,run,3.0,3654.0,-0.05646410767686538,,,
resampling,resampled-minus-fixed,raw_power,uniform,run,3.0,6398.0,-0.0632753758112975,,,
resampling,resampled-minus-fixed,raw_power,uniform,run,8.0,1788.0,-0.04463742547497507,,,
resampling,resampled-minus-fixed,raw_power,uniform,run,8.0,3654.0,-0.041896546607638196,,,
resampling,resampled-minus-fixed,raw_power,uniform,run,8.0,6398.0,-0.0415955282449787,,,
resampling,resampled-minus-fixed,raw_power,uniform,seed_mean,,1788.0,-0.05574602871632554,,,
resampling,resampled-minus-fixed,raw_power,uniform,seed_mean,,3654.0,-0.05269649877380189,,,
resampling,resampled-minus-fixed,raw_power,uniform,seed_mean,,6398.0,-0.05362283043051804,,,
resampling,resampled-minus-fixed,raw_power,uniform,subject_mean,1.0,,-0.05897242661706936,,,
resampling,resampled-minus-fixed,raw_power,uniform,subject_mean,3.0,,-0.060383097861045454,,,
resampling,resampled-minus-fixed,raw_power,uniform,subject_mean,8.0,,-0.042709833442530654,,,
resampling,resampled-minus-fixed,raw_power,uniform,grand,,,,-0.05402178597354849,-0.05646410767686538,0.008828547872136456
resampling,resampled-minus-fixed,raw_rooted,uniform,run,1.0,1788.0,-0.13534635199275236,,,
resampling,resampled-minus-fixed,raw_rooted,uniform,run,1.0,3654.0,-0.13399771344032374,,,
resampling,resampled-minus-fixed,raw_rooted,uniform,run,1.0,6398.0,-0.1287785680603215,,,
resampling,resampled-minus-fixed,raw_rooted,uniform,run,3.0,1788.0,-0.13536518553879529,,,
resampling,resampled-minus-fixed,raw_rooted,uniform,run,3.0,3654.0,-0.12934045222703994,,,
resampling,resampled-minus-fixed,raw_rooted,uniform,run,3.0,6398.0,-0.13297384464169493,,,
resampling,resampled-minus-fixed,raw_rooted,uniform,run,8.0,1788.0,-0.09766802790864526,,,
resampling,resampled-minus-fixed,raw_rooted,uniform,run,8.0,3654.0,-0.09483031328232694,,,
resampling,resampled-minus-fixed,raw_rooted,uniform,run,8.0,6398.0,-0.09610728883349673,,,
resampling,resampled-minus-fixed,raw_rooted,uniform,seed_mean,,1788.0,-0.1227931884800643,,,
resampling,resampled-minus-fixed,raw_rooted,uniform,seed_mean,,3654.0,-0.1193894929832302,,,
resampling,resampled-minus-fixed,raw_rooted,uniform,seed_mean,,6398.0,-0.11928656717850439,,,
resampling,resampled-minus-fixed,raw_rooted,uniform,subject_mean,1.0,,-0.1327075444977992,,,
resampling,resampled-minus-fixed,raw_rooted,uniform,subject_mean,3.0,,-0.13255982746917672,,,
resampling,resampled-minus-fixed,raw_rooted,uniform,subject_mean,8.0,,-0.09620187667482298,,,
resampling,resampled-minus-fixed,raw_rooted,uniform,grand,,,,-0.1204897495472663,-0.12934045222703994,0.018374902855988123
resampling,resampled-minus-fixed,normalized_power,spectral,run,1.0,1788.0,-0.1060893620139508,,,
resampling,resampled-minus-fixed,normalized_power,spectral,run,1.0,3654.0,-0.10226835011589241,,,
resampling,resampled-minus-fixed,normalized_power,spectral,run,1.0,6398.0,-0.09965747626313326,,,
resampling,resampled-minus-fixed,normalized_power,spectral,run,3.0,1788.0,-0.11709030982375113,,,
resampling,resampled-minus-fixed,normalized_power,spectral,run,3.0,3654.0,-0.11222726086539225,,,
resampling,resampled-minus-fixed,normalized_power,spectral,run,3.0,6398.0,-0.1143444947017549,,,
resampling,resampled-minus-fixed,normalized_power,spectral,run,8.0,1788.0,-0.07954764135067594,,,
resampling,resampled-minus-fixed,normalized_power,spectral,run,8.0,3654.0,-0.07785624739872943,,,
resampling,resampled-minus-fixed,normalized_power,spectral,run,8.0,6398.0,-0.07648552474345682,,,
resampling,resampled-minus-fixed,normalized_power,spectral,seed_mean,,1788.0,-0.10090910439612595,,,
resampling,resampled-minus-fixed,normalized_power,spectral,seed_mean,,3654.0,-0.0974506194600047,,,
resampling,resampled-minus-fixed,normalized_power,spectral,seed_mean,,6398.0,-0.096829165236115,,,
resampling,resampled-minus-fixed,normalized_power,spectral,subject_mean,1.0,,-0.1026717294643255,,,
resampling,resampled-minus-fixed,normalized_power,spectral,subject_mean,3.0,,-0.1145540217969661,,,
resampling,resampled-minus-fixed,normalized_power,spectral,subject_mean,8.0,,-0.07796313783095406,,,
resampling,resampled-minus-fixed,normalized_power,spectral,grand,,,,-0.09839629636408188,-0.10226835011589241,0.016309968971832425
resampling,resampled-minus-fixed,raw_power,spectral,run,1.0,1788.0,-0.07801761556012776,,,
resampling,resampled-minus-fixed,raw_power,spectral,run,1.0,3654.0,-0.08079028701558832,,,
resampling,resampled-minus-fixed,raw_power,spectral,run,1.0,6398.0,-0.07473885404337055,,,
resampling,resampled-minus-fixed,raw_power,spectral,run,3.0,1788.0,-0.08010900530273424,,,
resampling,resampled-minus-fixed,raw_power,spectral,run,3.0,3654.0,-0.07604611706705533,,,
resampling,resampled-minus-fixed,raw_power,spectral,run,3.0,6398.0,-0.08251701968612757,,,
resampling,resampled-minus-fixed,raw_power,spectral,run,8.0,1788.0,-0.05619782231776971,,,
resampling,resampled-minus-fixed,raw_power,spectral,run,8.0,3654.0,-0.053739602654625185,,,
resampling,resampled-minus-fixed,raw_power,spectral,run,8.0,6398.0,-0.054533819906641745,,,
resampling,resampled-minus-fixed,raw_power,spectral,seed_mean,,1788.0,-0.07144148106021057,,,
resampling,resampled-minus-fixed,raw_power,spectral,seed_mean,,3654.0,-0.07019200224575628,,,
resampling,resampled-minus-fixed,raw_power,spectral,seed_mean,,6398.0,-0.07059656454537995,,,
resampling,resampled-minus-fixed,raw_power,spectral,subject_mean,1.0,,-0.07784891887302887,,,
resampling,resampled-minus-fixed,raw_power,spectral,subject_mean,3.0,,-0.07955738068530571,,,
resampling,resampled-minus-fixed,raw_power,spectral,subject_mean,8.0,,-0.05482374829301221,,,
resampling,resampled-minus-fixed,raw_power,spectral,grand,,,,-0.07074334928378227,-0.07604611706705533,0.012184635490431797
resampling,resampled-minus-fixed,raw_rooted,spectral,run,1.0,1788.0,-0.1101980047449771,,,
resampling,resampled-minus-fixed,raw_rooted,spectral,run,1.0,3654.0,-0.10890889429119566,,,
resampling,resampled-minus-fixed,raw_rooted,spectral,run,1.0,6398.0,-0.1024862660981245,,,
resampling,resampled-minus-fixed,raw_rooted,spectral,run,3.0,1788.0,-0.12048954299449255,,,
resampling,resampled-minus-fixed,raw_rooted,spectral,run,3.0,3654.0,-0.11184969952517598,,,
resampling,resampled-minus-fixed,raw_rooted,spectral,run,3.0,6398.0,-0.12229239342303377,,,
resampling,resampled-minus-fixed,raw_rooted,spectral,run,8.0,1788.0,-0.07956757374351653,,,
resampling,resampled-minus-fixed,raw_rooted,spectral,run,8.0,3654.0,-0.07850287986307247,,,
resampling,resampled-minus-fixed,raw_rooted,spectral,run,8.0,6398.0,-0.07870938490581425,,,
resampling,resampled-minus-fixed,raw_rooted,spectral,seed_mean,,1788.0,-0.10341837382766206,,,
resampling,resampled-minus-fixed,raw_rooted,spectral,seed_mean,,3654.0,-0.0997538245598147,,,
resampling,resampled-minus-fixed,raw_rooted,spectral,seed_mean,,6398.0,-0.1011626814756575,,,
resampling,resampled-minus-fixed,raw_rooted,spectral,subject_mean,1.0,,-0.10719772171143242,,,
resampling,resampled-minus-fixed,raw_rooted,spectral,subject_mean,3.0,,-0.1182105453142341,,,
resampling,resampled-minus-fixed,raw_rooted,spectral,subject_mean,8.0,,-0.07892661283746776,,,
resampling,resampled-minus-fixed,raw_rooted,spectral,grand,,,,-0.10144495995437809,-0.10890889429119566,0.01789149971857266
spectral_x_sampling,interaction,normalized_power,interaction,run,1.0,1788.0,0.039057384481710145,,,
spectral_x_sampling,interaction,normalized_power,interaction,run,1.0,3654.0,0.040744905910398366,,,
spectral_x_sampling,interaction,normalized_power,interaction,run,1.0,6398.0,0.04047193770755941,,,
spectral_x_sampling,interaction,normalized_power,interaction,run,3.0,1788.0,0.041119200167268444,,,
spectral_x_sampling,interaction,normalized_power,interaction,run,3.0,3654.0,0.040054985779657826,,,
spectral_x_sampling,interaction,normalized_power,interaction,run,3.0,6398.0,0.04173182983740209,,,
spectral_x_sampling,interaction,normalized_power,interaction,run,8.0,1788.0,0.026792689666220615,,,
spectral_x_sampling,interaction,normalized_power,interaction,run,8.0,3654.0,0.025732259515177103,,,
spectral_x_sampling,interaction,normalized_power,interaction,run,8.0,6398.0,0.03261348183099155,,,
spectral_x_sampling,interaction,normalized_power,interaction,seed_mean,,1788.0,0.035656424771733065,,,
spectral_x_sampling,interaction,normalized_power,interaction,seed_mean,,3654.0,0.0355107170684111,,,
spectral_x_sampling,interaction,normalized_power,interaction,seed_mean,,6398.0,0.03827241645865102,,,
spectral_x_sampling,interaction,normalized_power,interaction,subject_mean,1.0,,0.040091409366555975,,,
spectral_x_sampling,interaction,normalized_power,interaction,subject_mean,3.0,,0.040968671928109456,,,
spectral_x_sampling,interaction,normalized_power,interaction,subject_mean,8.0,,0.028379477004129756,,,
spectral_x_sampling,interaction,normalized_power,interaction,grand,,,,0.03647985276626506,0.040054985779657826,0.006392966717398646
spectral_x_sampling,interaction,raw_power,interaction,run,1.0,1788.0,-0.016826764981099696,,,
spectral_x_sampling,interaction,raw_power,interaction,run,1.0,3654.0,-0.021061444978686228,,,
spectral_x_sampling,interaction,raw_power,interaction,run,1.0,6398.0,-0.018741266808092627,,,
spectral_x_sampling,interaction,raw_power,interaction,run,3.0,1788.0,-0.018699195207760755,,,
spectral_x_sampling,interaction,raw_power,interaction,run,3.0,3654.0,-0.019582009390189947,,,
spectral_x_sampling,interaction,raw_power,interaction,run,3.0,6398.0,-0.019241643874830072,,,
spectral_x_sampling,interaction,raw_power,interaction,run,8.0,1788.0,-0.01156039684279464,,,
spectral_x_sampling,interaction,raw_power,interaction,run,8.0,3654.0,-0.011843056046986988,,,
spectral_x_sampling,interaction,raw_power,interaction,run,8.0,6398.0,-0.012938291661663048,,,
spectral_x_sampling,interaction,raw_power,interaction,seed_mean,,1788.0,-0.01569545234388503,,,
spectral_x_sampling,interaction,raw_power,interaction,seed_mean,,3654.0,-0.017495503471954388,,,
spectral_x_sampling,interaction,raw_power,interaction,seed_mean,,6398.0,-0.016973734114861916,,,
spectral_x_sampling,interaction,raw_power,interaction,subject_mean,1.0,,-0.018876492255959516,,,
spectral_x_sampling,interaction,raw_power,interaction,subject_mean,3.0,,-0.019174282824260258,,,
spectral_x_sampling,interaction,raw_power,interaction,subject_mean,8.0,,-0.012113914850481558,,,
spectral_x_sampling,interaction,raw_power,interaction,grand,,,,-0.016721563310233778,-0.018699195207760755,0.003642105247081411
spectral_x_sampling,interaction,raw_rooted,interaction,run,1.0,1788.0,0.02514834724777526,,,
spectral_x_sampling,interaction,raw_rooted,interaction,run,1.0,3654.0,0.025088819149128083,,,
spectral_x_sampling,interaction,raw_rooted,interaction,run,1.0,6398.0,0.026292301962197007,,,
spectral_x_sampling,interaction,raw_rooted,interaction,run,3.0,1788.0,0.014875642544302736,,,
spectral_x_sampling,interaction,raw_rooted,interaction,run,3.0,3654.0,0.017490752701863954,,,
spectral_x_sampling,interaction,raw_rooted,interaction,run,3.0,6398.0,0.010681451218661153,,,
spectral_x_sampling,interaction,raw_rooted,interaction,run,8.0,1788.0,0.018100454165128732,,,
spectral_x_sampling,interaction,raw_rooted,interaction,run,8.0,3654.0,0.016327433419254467,,,
spectral_x_sampling,interaction,raw_rooted,interaction,run,8.0,6398.0,0.01739790392768248,,,
spectral_x_sampling,interaction,raw_rooted,interaction,seed_mean,,1788.0,0.019374814652402244,,,
spectral_x_sampling,interaction,raw_rooted,interaction,seed_mean,,3654.0,0.019635668423415503,,,
spectral_x_sampling,interaction,raw_rooted,interaction,seed_mean,,6398.0,0.01812388570284688,,,
spectral_x_sampling,interaction,raw_rooted,interaction,subject_mean,1.0,,0.025509822786366782,,,
spectral_x_sampling,interaction,raw_rooted,interaction,subject_mean,3.0,,0.014349282154942614,,,
spectral_x_sampling,interaction,raw_rooted,interaction,subject_mean,8.0,,0.017275263837355226,,,
spectral_x_sampling,interaction,raw_rooted,interaction,grand,,,,0.019044789592888207,0.017490752701863954,0.005327293142024555
spectral_x_update,fixed,raw_power-minus-normalized_power,spectral-effect contrast,run,1.0,1788.0,-0.0021664945253294654,,,
spectral_x_update,fixed,raw_power-minus-normalized_power,spectral-effect contrast,run,1.0,3654.0,-0.0017023067308427065,,,
spectral_x_update,fixed,raw_power-minus-normalized_power,spectral-effect contrast,run,1.0,6398.0,-0.00213264228641874,,,
spectral_x_update,fixed,raw_power-minus-normalized_power,spectral-effect contrast,run,3.0,1788.0,-0.003140141517029793,,,
spectral_x_update,fixed,raw_power-minus-normalized_power,spectral-effect contrast,run,3.0,3654.0,-0.0026838360036205433,,,
spectral_x_update,fixed,raw_power-minus-normalized_power,spectral-effect contrast,run,3.0,6398.0,-0.001762703035064206,,,
spectral_x_update,fixed,raw_power-minus-normalized_power,spectral-effect contrast,run,8.0,1788.0,-0.0032038547565875763,,,
spectral_x_update,fixed,raw_power-minus-normalized_power,spectral-effect contrast,run,8.0,3654.0,-0.003638184124179933,,,
spectral_x_update,fixed,raw_power-minus-normalized_power,spectral-effect contrast,run,8.0,6398.0,-0.002341732152719933,,,
spectral_x_update,fixed,raw_power-minus-normalized_power,spectral-effect contrast,seed_mean,,1788.0,-0.0028368302663156117,,,
spectral_x_update,fixed,raw_power-minus-normalized_power,spectral-effect contrast,seed_mean,,3654.0,-0.0026747756195477277,,,
spectral_x_update,fixed,raw_power-minus-normalized_power,spectral-effect contrast,seed_mean,,6398.0,-0.002079025824734293,,,
spectral_x_update,fixed,raw_power-minus-normalized_power,spectral-effect contrast,subject_mean,1.0,,-0.002000481180863637,,,
spectral_x_update,fixed,raw_power-minus-normalized_power,spectral-effect contrast,subject_mean,3.0,,-0.0025288935185715142,,,
spectral_x_update,fixed,raw_power-minus-normalized_power,spectral-effect contrast,subject_mean,8.0,,-0.0030612570111624806,,,
spectral_x_update,fixed,raw_power-minus-normalized_power,spectral-effect contrast,grand,,,,-0.0025302105701992105,-0.002341732152719933,0.0006779919817926169
spectral_x_update,fixed,raw_rooted-minus-normalized_power,spectral-effect contrast,run,1.0,1788.0,0.00517811594656048,,,
spectral_x_update,fixed,raw_rooted-minus-normalized_power,spectral-effect contrast,run,1.0,3654.0,0.005260903223077151,,,
spectral_x_update,fixed,raw_rooted-minus-normalized_power,spectral-effect contrast,run,1.0,6398.0,0.005607958811199021,,,
spectral_x_update,fixed,raw_rooted-minus-normalized_power,spectral-effect contrast,run,3.0,1788.0,0.0019175120982839466,,,
spectral_x_update,fixed,raw_rooted-minus-normalized_power,spectral-effect contrast,run,3.0,3654.0,0.0018083094611014427,,,
spectral_x_update,fixed,raw_rooted-minus-normalized_power,spectral-effect contrast,run,3.0,6398.0,0.0031776636185154583,,,
spectral_x_update,fixed,raw_rooted-minus-normalized_power,spectral-effect contrast,run,8.0,1788.0,0.0024038737142396682,,,
spectral_x_update,fixed,raw_rooted-minus-normalized_power,spectral-effect contrast,run,8.0,3654.0,0.0022634855586620706,,,
spectral_x_update,fixed,raw_rooted-minus-normalized_power,spectral-effect contrast,run,8.0,6398.0,0.003092917134847384,,,
spectral_x_update,fixed,raw_rooted-minus-normalized_power,spectral-effect contrast,seed_mean,,1788.0,0.003166500586361365,,,
spectral_x_update,fixed,raw_rooted-minus-normalized_power,spectral-effect contrast,seed_mean,,3654.0,0.0031108994142802215,,,
spectral_x_update,fixed,raw_rooted-minus-normalized_power,spectral-effect contrast,seed_mean,,6398.0,0.003959513188187287,,,
spectral_x_update,fixed,raw_rooted-minus-normalized_power,spectral-effect contrast,subject_mean,1.0,,0.005348992660278884,,,
spectral_x_update,fixed,raw_rooted-minus-normalized_power,spectral-effect contrast,subject_mean,3.0,,0.0023011617259669492,,,
spectral_x_update,fixed,raw_rooted-minus-normalized_power,spectral-effect contrast,subject_mean,8.0,,0.002586758802583041,,,
spectral_x_update,fixed,raw_rooted-minus-normalized_power,spectral-effect contrast,grand,,,,0.0034123043962762914,0.003092917134847384,0.0015271416031683769
spectral_x_update,fixed,raw_rooted-minus-raw_power,spectral-effect contrast,run,1.0,1788.0,0.007344610471889945,,,
spectral_x_update,fixed,raw_rooted-minus-raw_power,spectral-effect contrast,run,1.0,3654.0,0.006963209953919858,,,
spectral_x_update,fixed,raw_rooted-minus-raw_power,spectral-effect contrast,run,1.0,6398.0,0.007740601097617761,,,
spectral_x_update,fixed,raw_rooted-minus-raw_power,spectral-effect contrast,run,3.0,1788.0,0.00505765361531374,,,
spectral_x_update,fixed,raw_rooted-minus-raw_power,spectral-effect contrast,run,3.0,3654.0,0.004492145464721986,,,
spectral_x_update,fixed,raw_rooted-minus-raw_power,spectral-effect contrast,run,3.0,6398.0,0.004940366653579664,,,
spectral_x_update,fixed,raw_rooted-minus-raw_power,spectral-effect contrast,run,8.0,1788.0,0.005607728470827245,,,
spectral_x_update,fixed,raw_rooted-minus-raw_power,spectral-effect contrast,run,8.0,3654.0,0.0059016696828420034,,,
spectral_x_update,fixed,raw_rooted-minus-raw_power,spectral-effect contrast,run,8.0,6398.0,0.005434649287567317,,,
spectral_x_update,fixed,raw_rooted-minus-raw_power,spectral-effect contrast,seed_mean,,1788.0,0.006003330852676976,,,
spectral_x_update,fixed,raw_rooted-minus-raw_power,spectral-effect contrast,seed_mean,,3654.0,0.005785675033827949,,,
spectral_x_update,fixed,raw_rooted-minus-raw_power,spectral-effect contrast,seed_mean,,6398.0,0.00603853901292158,,,
spectral_x_update,fixed,raw_rooted-minus-raw_power,spectral-effect contrast,subject_mean,1.0,,0.0073494738411425216,,,
spectral_x_update,fixed,raw_rooted-minus-raw_power,spectral-effect contrast,subject_mean,3.0,,0.004830055244538463,,,
spectral_x_update,fixed,raw_rooted-minus-raw_power,spectral-effect contrast,subject_mean,8.0,,0.005648015813745522,,,
spectral_x_update,fixed,raw_rooted-minus-raw_power,spectral-effect contrast,grand,,,,0.005942514966475502,0.005607728470827245,0.0011458258061773888
spectral_x_update,resampled,raw_power-minus-normalized_power,spectral-effect contrast,run,1.0,1788.0,-0.058050643988139305,,,
spectral_x_update,resampled,raw_power-minus-normalized_power,spectral-effect contrast,run,1.0,3654.0,-0.0635086576199273,,,
spectral_x_update,resampled,raw_power-minus-normalized_power,spectral-effect contrast,run,1.0,6398.0,-0.06134584680207078,,,
spectral_x_update,resampled,raw_power-minus-normalized_power,spectral-effect contrast,run,3.0,1788.0,-0.06295853689205899,,,
spectral_x_update,resampled,raw_power-minus-normalized_power,spectral-effect contrast,run,3.0,3654.0,-0.062320831173468316,,,
spectral_x_update,resampled,raw_power-minus-normalized_power,spectral-effect contrast,run,3.0,6398.0,-0.06273617674729637,,,
spectral_x_update,resampled,raw_power-minus-normalized_power,spectral-effect contrast,run,8.0,1788.0,-0.04155694126560283,,,
spectral_x_update,resampled,raw_power-minus-normalized_power,spectral-effect contrast,run,8.0,3654.0,-0.041213499686344024,,,
spectral_x_update,resampled,raw_power-minus-normalized_power,spectral-effect contrast,run,8.0,6398.0,-0.047893505645374534,,,
spectral_x_update,resampled,raw_power-minus-normalized_power,spectral-effect contrast,seed_mean,,1788.0,-0.05418870738193371,,,
spectral_x_update,resampled,raw_power-minus-normalized_power,spectral-effect contrast,seed_mean,,3654.0,-0.05568099615991321,,,
spectral_x_update,resampled,raw_power-minus-normalized_power,spectral-effect contrast,seed_mean,,6398.0,-0.057325176398247225,,,
spectral_x_update,resampled,raw_power-minus-normalized_power,spectral-effect contrast,subject_mean,1.0,,-0.06096838280337913,,,
spectral_x_update,resampled,raw_power-minus-normalized_power,spectral-effect contrast,subject_mean,3.0,,-0.06267184827094123,,,
spectral_x_update,resampled,raw_power-minus-normalized_power,spectral-effect contrast,subject_mean,8.0,,-0.043554648865773794,,,
spectral_x_update,resampled,raw_power-minus-normalized_power,spectral-effect contrast,grand,,,,-0.05573162664669805,-0.06134584680207078,0.009455309005822815
spectral_x_update,resampled,raw_rooted-minus-normalized_power,spectral-effect contrast,run,1.0,1788.0,-0.008730921287374405,,,
spectral_x_update,resampled,raw_rooted-minus-normalized_power,spectral-effect contrast,run,1.0,3654.0,-0.010395183538193131,,,
spectral_x_update,resampled,raw_rooted-minus-normalized_power,spectral-effect contrast,run,1.0,6398.0,-0.008571676934163386,,,
spectral_x_update,resampled,raw_rooted-minus-normalized_power,spectral-effect contrast,run,3.0,1788.0,-0.02432604552468176,,,
spectral_x_update,resampled,raw_rooted-minus-normalized_power,spectral-effect contrast,run,3.0,3654.0,-0.02075592361669243,,,
spectral_x_update,resampled,raw_rooted-minus-normalized_power,spectral-effect contrast,run,3.0,6398.0,-0.02787271500022548,,,
spectral_x_update,resampled,raw_rooted-minus-normalized_power,spectral-effect contrast,run,8.0,1788.0,-0.006288361786852215,,,
spectral_x_update,resampled,raw_rooted-minus-normalized_power,spectral-effect contrast,run,8.0,3654.0,-0.007141340537260565,,,
spectral_x_update,resampled,raw_rooted-minus-normalized_power,spectral-effect contrast,run,8.0,6398.0,-0.01212266076846169,,,
spectral_x_update,resampled,raw_rooted-minus-normalized_power,spectral-effect contrast,seed_mean,,1788.0,-0.01311510953296946,,,
spectral_x_update,resampled,raw_rooted-minus-normalized_power,spectral-effect contrast,seed_mean,,3654.0,-0.012764149230715375,,,
spectral_x_update,resampled,raw_rooted-minus-normalized_power,spectral-effect contrast,seed_mean,,6398.0,-0.016189017567616853,,,
spectral_x_update,resampled,raw_rooted-minus-normalized_power,spectral-effect contrast,subject_mean,1.0,,-0.009232593919910307,,,
spectral_x_update,resampled,raw_rooted-minus-normalized_power,spectral-effect contrast,subject_mean,3.0,,-0.02431822804719989,,,
spectral_x_update,resampled,raw_rooted-minus-normalized_power,spectral-effect contrast,subject_mean,8.0,,-0.00851745436419149,,,
spectral_x_update,resampled,raw_rooted-minus-normalized_power,spectral-effect contrast,grand,,,,-0.014022758777100562,-0.010395183538193131,0.008100747184436744
spectral_x_update,resampled,raw_rooted-minus-raw_power,spectral-effect contrast,run,1.0,1788.0,0.0493197227007649,,,
spectral_x_update,resampled,raw_rooted-minus-raw_power,spectral-effect contrast,run,1.0,3654.0,0.05311347408173417,,,
spectral_x_update,resampled,raw_rooted-minus-raw_power,spectral-effect contrast,run,1.0,6398.0,0.052774169867907395,,,
spectral_x_update,resampled,raw_rooted-minus-raw_power,spectral-effect contrast,run,3.0,1788.0,0.03863249136737723,,,
spectral_x_update,resampled,raw_rooted-minus-raw_power,spectral-effect contrast,run,3.0,3654.0,0.04156490755677589,,,
spectral_x_update,resampled,raw_rooted-minus-raw_power,spectral-effect contrast,run,3.0,6398.0,0.03486346174707089,,,
spectral_x_update,resampled,raw_rooted-minus-raw_power,spectral-effect contrast,run,8.0,1788.0,0.03526857947875062,,,
spectral_x_update,resampled,raw_rooted-minus-raw_power,spectral-effect contrast,run,8.0,3654.0,0.03407215914908346,,,
spectral_x_update,resampled,raw_rooted-minus-raw_power,spectral-effect contrast,run,8.0,6398.0,0.035770844876912844,,,
spectral_x_update,resampled,raw_rooted-minus-raw_power,spectral-effect contrast,seed_mean,,1788.0,0.04107359784896425,,,
spectral_x_update,resampled,raw_rooted-minus-raw_power,spectral-effect contrast,seed_mean,,3654.0,0.04291684692919784,,,
spectral_x_update,resampled,raw_rooted-minus-raw_power,spectral-effect contrast,seed_mean,,6398.0,0.041136158830630376,,,
spectral_x_update,resampled,raw_rooted-minus-raw_power,spectral-effect contrast,subject_mean,1.0,,0.051735788883468824,,,
spectral_x_update,resampled,raw_rooted-minus-raw_power,spectral-effect contrast,subject_mean,3.0,,0.038353620223741336,,,
spectral_x_update,resampled,raw_rooted-minus-raw_power,spectral-effect contrast,subject_mean,8.0,,0.035037194501582304,,,
spectral_x_update,resampled,raw_rooted-minus-raw_power,spectral-effect contrast,grand,,,,0.04170886786959749,0.03863249136737723,0.00792016584475288
sampling_x_update,resampling-effect contrast,raw_power-minus-normalized_power,uniform,run,1.0,1788.0,0.08395589591663288,,,
sampling_x_update,resampling-effect contrast,raw_power-minus-normalized_power,uniform,run,1.0,3654.0,0.08328441398938868,,,
sampling_x_update,resampling-effect contrast,raw_power-minus-normalized_power,uniform,run,1.0,6398.0,0.08413182673541475,,,
sampling_x_update,resampling-effect contrast,raw_power-minus-normalized_power,uniform,run,3.0,1788.0,0.09679969989604609,,,
sampling_x_update,resampling-effect contrast,raw_power-minus-normalized_power,uniform,run,3.0,3654.0,0.0958181389681847,,,
sampling_x_update,resampling-effect contrast,raw_power-minus-normalized_power,uniform,run,3.0,6398.0,0.09280094872785949,,,
sampling_x_update,resampling-effect contrast,raw_power-minus-normalized_power,uniform,run,8.0,1788.0,0.06170290554192148,,,
sampling_x_update,resampling-effect contrast,raw_power-minus-normalized_power,uniform,run,8.0,3654.0,0.061691960306268334,,,
sampling_x_update,resampling-effect contrast,raw_power-minus-normalized_power,uniform,run,8.0,6398.0,0.06750347832946968,,,
sampling_x_update,resampling-effect contrast,raw_power-minus-normalized_power,uniform,seed_mean,,1788.0,0.08081950045153348,,,
sampling_x_update,resampling-effect contrast,raw_power-minus-normalized_power,uniform,seed_mean,,3654.0,0.0802648377546139,,,
sampling_x_update,resampling-effect contrast,raw_power-minus-normalized_power,uniform,seed_mean,,6398.0,0.08147875126424797,,,
sampling_x_update,resampling-effect contrast,raw_power-minus-normalized_power,uniform,subject_mean,1.0,,0.08379071221381211,,,
sampling_x_update,resampling-effect contrast,raw_power-minus-normalized_power,uniform,subject_mean,3.0,,0.09513959586403009,,,
sampling_x_update,resampling-effect contrast,raw_power-minus-normalized_power,uniform,subject_mean,8.0,,0.06363278139255317,,,
sampling_x_update,resampling-effect contrast,raw_power-minus-normalized_power,uniform,grand,,,,0.08085436315679845,0.08395589591663288,0.01396145503940939
sampling_x_update,resampling-effect contrast,raw_rooted-minus-normalized_power,uniform,run,1.0,1788.0,0.009800394502908594,,,
sampling_x_update,resampling-effect contrast,raw_rooted-minus-normalized_power,uniform,run,1.0,3654.0,0.00901554258596704,,,
sampling_x_update,resampling-effect contrast,raw_rooted-minus-normalized_power,uniform,run,1.0,6398.0,0.011350845910371166,,,
sampling_x_update,resampling-effect contrast,raw_rooted-minus-normalized_power,uniform,run,3.0,1788.0,0.022844324452224285,,,
sampling_x_update,resampling-effect contrast,raw_rooted-minus-normalized_power,uniform,run,3.0,3654.0,0.022941794418010142,,,
sampling_x_update,resampling-effect contrast,raw_rooted-minus-normalized_power,uniform,run,3.0,6398.0,0.023102479897462058,,,
sampling_x_update,resampling-effect contrast,raw_rooted-minus-normalized_power,uniform,run,8.0,1788.0,0.00867230310825129,,,
sampling_x_update,resampling-effect contrast,raw_rooted-minus-normalized_power,uniform,run,8.0,3654.0,0.008758193631579592,,,
sampling_x_update,resampling-effect contrast,raw_rooted-minus-normalized_power,uniform,run,8.0,6398.0,0.012991717740951647,,,
sampling_x_update,resampling-effect contrast,raw_rooted-minus-normalized_power,uniform,seed_mean,,1788.0,0.013772340687794723,,,
sampling_x_update,resampling-effect contrast,raw_rooted-minus-normalized_power,uniform,seed_mean,,3654.0,0.013571843545185591,,,
sampling_x_update,resampling-effect contrast,raw_rooted-minus-normalized_power,uniform,seed_mean,,6398.0,0.015815014516261622,,,
sampling_x_update,resampling-effect contrast,raw_rooted-minus-normalized_power,uniform,subject_mean,1.0,,0.010055594333082266,,,
sampling_x_update,resampling-effect contrast,raw_rooted-minus-normalized_power,uniform,subject_mean,3.0,,0.02296286625589883,,,
sampling_x_update,resampling-effect contrast,raw_rooted-minus-normalized_power,uniform,subject_mean,8.0,,0.010140738160260843,,,
sampling_x_update,resampling-effect contrast,raw_rooted-minus-normalized_power,uniform,grand,,,,0.014386399583080646,0.011350845910371166,0.00657710234160916
sampling_x_update,resampling-effect contrast,raw_rooted-minus-raw_power,uniform,run,1.0,1788.0,-0.07415550141372429,,,
sampling_x_update,resampling-effect contrast,raw_rooted-minus-raw_power,uniform,run,1.0,3654.0,-0.07426887140342164,,,
sampling_x_update,resampling-effect contrast,raw_rooted-minus-raw_power,uniform,run,1.0,6398.0,-0.07278098082504358,,,
sampling_x_update,resampling-effect contrast,raw_rooted-minus-raw_power,uniform,run,3.0,1788.0,-0.0739553754438218,,,
sampling_x_update,resampling-effect contrast,raw_rooted-minus-raw_power,uniform,run,3.0,3654.0,-0.07287634455017455,,,
sampling_x_update,resampling-effect contrast,raw_rooted-minus-raw_power,uniform,run,3.0,6398.0,-0.06969846883039743,,,
sampling_x_update,resampling-effect contrast,raw_rooted-minus-raw_power,uniform,run,8.0,1788.0,-0.05303060243367019,,,
sampling_x_update,resampling-effect contrast,raw_rooted-minus-raw_power,uniform,run,8.0,3654.0,-0.05293376667468874,,,
sampling_x_update,resampling-effect contrast,raw_rooted-minus-raw_power,uniform,run,8.0,6398.0,-0.05451176058851803,,,
sampling_x_update,resampling-effect contrast,raw_rooted-minus-raw_power,uniform,seed_mean,,1788.0,-0.06704715976373876,,,
sampling_x_update,resampling-effect contrast,raw_rooted-minus-raw_power,uniform,seed_mean,,3654.0,-0.06669299420942831,,,
sampling_x_update,resampling-effect contrast,raw_rooted-minus-raw_power,uniform,seed_mean,,6398.0,-0.06566373674798635,,,
sampling_x_update,resampling-effect contrast,raw_rooted-minus-raw_power,uniform,subject_mean,1.0,,-0.07373511788072984,,,
sampling_x_update,resampling-effect contrast,raw_rooted-minus-raw_power,uniform,subject_mean,3.0,,-0.07217672960813126,,,
sampling_x_update,resampling-effect contrast,raw_rooted-minus-raw_power,uniform,subject_mean,8.0,,-0.05349204323229232,,,
sampling_x_update,resampling-effect contrast,raw_rooted-minus-raw_power,uniform,grand,,,,-0.06646796357371781,-0.07278098082504358,0.00983653511928282
sampling_x_update,resampling-effect contrast,raw_power-minus-normalized_power,spectral,run,1.0,1788.0,0.028071746453823043,,,
sampling_x_update,resampling-effect contrast,raw_power-minus-normalized_power,spectral,run,1.0,3654.0,0.02147806310030409,,,
sampling_x_update,resampling-effect contrast,raw_power-minus-normalized_power,spectral,run,1.0,6398.0,0.02491862221976271,,,
sampling_x_update,resampling-effect contrast,raw_power-minus-normalized_power,spectral,run,3.0,1788.0,0.03698130452101689,,,
sampling_x_update,resampling-effect contrast,raw_power-minus-normalized_power,spectral,run,3.0,3654.0,0.03618114379833692,,,
sampling_x_update,resampling-effect contrast,raw_power-minus-normalized_power,spectral,run,3.0,6398.0,0.03182747501562733,,,
sampling_x_update,resampling-effect contrast,raw_power-minus-normalized_power,spectral,run,8.0,1788.0,0.023349819032906227,,,
sampling_x_update,resampling-effect contrast,raw_power-minus-normalized_power,spectral,run,8.0,3654.0,0.024116644744104243,,,
sampling_x_update,resampling-effect contrast,raw_power-minus-normalized_power,spectral,run,8.0,6398.0,0.021951704836815078,,,
sampling_x_update,resampling-effect contrast,raw_power-minus-normalized_power,spectral,seed_mean,,1788.0,0.029467623335915388,,,
sampling_x_update,resampling-effect contrast,raw_power-minus-normalized_power,spectral,seed_mean,,3654.0,0.02725861721424842,,,
sampling_x_update,resampling-effect contrast,raw_power-minus-normalized_power,spectral,seed_mean,,6398.0,0.026232600690735037,,,
sampling_x_update,resampling-effect contrast,raw_power-minus-normalized_power,spectral,subject_mean,1.0,,0.024822810591296613,,,
sampling_x_update,resampling-effect contrast,raw_power-minus-normalized_power,spectral,subject_mean,3.0,,0.03499664111166038,,,
sampling_x_update,resampling-effect contrast,raw_power-minus-normalized_power,spectral,subject_mean,8.0,,0.02313938953794185,,,
sampling_x_update,resampling-effect contrast,raw_power-minus-normalized_power,spectral,grand,,,,0.027652947080299615,0.02491862221976271,0.00598417393145156
sampling_x_update,resampling-effect contrast,raw_rooted-minus-normalized_power,spectral,run,1.0,1788.0,-0.004108642731026291,,,
sampling_x_update,resampling-effect contrast,raw_rooted-minus-normalized_power,spectral,run,1.0,3654.0,-0.006640544175303242,,,
sampling_x_update,resampling-effect contrast,raw_rooted-minus-normalized_power,spectral,run,1.0,6398.0,-0.002828789834991241,,,
sampling_x_update,resampling-effect contrast,raw_rooted-minus-normalized_power,spectral,run,3.0,1788.0,-0.0033992331707414225,,,
sampling_x_update,resampling-effect contrast,raw_rooted-minus-normalized_power,spectral,run,3.0,3654.0,0.0003775613402162703,,,
sampling_x_update,resampling-effect contrast,raw_rooted-minus-normalized_power,spectral,run,3.0,6398.0,-0.007947898721278879,,,
sampling_x_update,resampling-effect contrast,raw_rooted-minus-normalized_power,spectral,run,8.0,1788.0,-1.993239284059367e-05,,,
sampling_x_update,resampling-effect contrast,raw_rooted-minus-normalized_power,spectral,run,8.0,3654.0,-0.0006466324643430443,,,
sampling_x_update,resampling-effect contrast,raw_rooted-minus-normalized_power,spectral,run,8.0,6398.0,-0.0022238601623574272,,,
sampling_x_update,resampling-effect contrast,raw_rooted-minus-normalized_power,spectral,seed_mean,,1788.0,-0.002509269431536102,,,
sampling_x_update,resampling-effect contrast,raw_rooted-minus-normalized_power,spectral,seed_mean,,3654.0,-0.0023032050998100053,,,
sampling_x_update,resampling-effect contrast,raw_rooted-minus-normalized_power,spectral,seed_mean,,6398.0,-0.004333516239542516,,,
sampling_x_update,resampling-effect contrast,raw_rooted-minus-normalized_power,spectral,subject_mean,1.0,,-0.004525992247106925,,,
sampling_x_update,resampling-effect contrast,raw_rooted-minus-normalized_power,spectral,subject_mean,3.0,,-0.00365652351726801,,,
sampling_x_update,resampling-effect contrast,raw_rooted-minus-normalized_power,spectral,subject_mean,8.0,,-0.0009634750065136884,,,
sampling_x_update,resampling-effect contrast,raw_rooted-minus-normalized_power,spectral,grand,,,,-0.003048663590296208,-0.002828789834991241,0.0028627171194751133
sampling_x_update,resampling-effect contrast,raw_rooted-minus-raw_power,spectral,run,1.0,1788.0,-0.032180389184849334,,,
sampling_x_update,resampling-effect contrast,raw_rooted-minus-raw_power,spectral,run,1.0,3654.0,-0.028118607275607332,,,
sampling_x_update,resampling-effect contrast,raw_rooted-minus-raw_power,spectral,run,1.0,6398.0,-0.02774741205475395,,,
sampling_x_update,resampling-effect contrast,raw_rooted-minus-raw_power,spectral,run,3.0,1788.0,-0.04038053769175831,,,
sampling_x_update,resampling-effect contrast,raw_rooted-minus-raw_power,spectral,run,3.0,3654.0,-0.03580358245812065,,,
sampling_x_update,resampling-effect contrast,raw_rooted-minus-raw_power,spectral,run,3.0,6398.0,-0.039775373736906205,,,
sampling_x_update,resampling-effect contrast,raw_rooted-minus-raw_power,spectral,run,8.0,1788.0,-0.02336975142574682,,,
sampling_x_update,resampling-effect contrast,raw_rooted-minus-raw_power,spectral,run,8.0,3654.0,-0.024763277208447287,,,
sampling_x_update,resampling-effect contrast,raw_rooted-minus-raw_power,spectral,run,8.0,6398.0,-0.024175564999172505,,,
sampling_x_update,resampling-effect contrast,raw_rooted-minus-raw_power,spectral,seed_mean,,1788.0,-0.03197689276745149,,,
sampling_x_update,resampling-effect contrast,raw_rooted-minus-raw_power,spectral,seed_mean,,3654.0,-0.029561822314058423,,,
sampling_x_update,resampling-effect contrast,raw_rooted-minus-raw_power,spectral,seed_mean,,6398.0,-0.030566116930277554,,,
sampling_x_update,resampling-effect contrast,raw_rooted-minus-raw_power,spectral,subject_mean,1.0,,-0.029348802838403538,,,
sampling_x_update,resampling-effect contrast,raw_rooted-minus-raw_power,spectral,subject_mean,3.0,,-0.03865316462892839,,,
sampling_x_update,resampling-effect contrast,raw_rooted-minus-raw_power,spectral,subject_mean,8.0,,-0.024102864544455538,,,
sampling_x_update,resampling-effect contrast,raw_rooted-minus-raw_power,spectral,grand,,,,-0.030701610670595823,-0.028118607275607332,0.006626086126810295
