dataset,method,sampling,aggregation,update,subject,seed,epoch,raw_gradient_norm,applied_update_norm,uniform_spectral_cosine,paired_uniform_gradient_norm,paired_spectral_gradient_norm,bank_seed,bank_hash,spectral_effective_N,spectral_entropy,spectral_max_weight,spectral_top5_mass,spectral_top10_mass,diagnostic_ms
BNCI2014_001,fixed_uniform_raw_power,fixed,uniform,raw_power,3,6398,0,0.0009312279660311677,2.793683898093503,0.8709717533601806,0.0009312279660311677,0.002810257466188013,6398,2b1b45e4e4a812f6d748c2c175962332f0dbca2acd50b6a4d146c963428b0e9a,,,,,,2.329629147425294
BNCI2014_001,fixed_uniform_raw_power,fixed,uniform,raw_power,3,6398,1,0.0007711793402279439,2.313538020683832,,,,6398,2b1b45e4e4a812f6d748c2c175962332f0dbca2acd50b6a4d146c963428b0e9a,,,,,,
BNCI2014_001,fixed_uniform_raw_power,fixed,uniform,raw_power,3,6398,2,0.0006462988020317438,1.9388964060952314,,,,6398,2b1b45e4e4a812f6d748c2c175962332f0dbca2acd50b6a4d146c963428b0e9a,,,,,,
BNCI2014_001,fixed_uniform_raw_power,fixed,uniform,raw_power,3,6398,3,0.0005482458528428105,1.6447375585284316,,,,6398,2b1b45e4e4a812f6d748c2c175962332f0dbca2acd50b6a4d146c963428b0e9a,,,,,,
BNCI2014_001,fixed_uniform_raw_power,fixed,uniform,raw_power,3,6398,4,0.0004706675163746416,1.412002549123925,,,,6398,2b1b45e4e4a812f6d748c2c175962332f0dbca2acd50b6a4d146c963428b0e9a,,,,,,
BNCI2014_001,fixed_uniform_raw_power,fixed,uniform,raw_power,3,6398,5,0.00040882959660485855,1.2264887898145758,,,,6398,2b1b45e4e4a812f6d748c2c175962332f0dbca2acd50b6a4d146c963428b0e9a,,,,,,
BNCI2014_001,fixed_uniform_raw_power,fixed,uniform,raw_power,3,6398,6,0.0003590122115762016,1.077036634728605,,,,6398,2b1b45e4e4a812f6d748c2c175962332f0dbca2acd50b6a4d146c963428b0e9a,,,,,,
BNCI2014_001,fixed_uniform_raw_power,fixed,uniform,raw_power,3,6398,7,0.00031845925600818605,0.9553777680245582,,,,6398,2b1b45e4e4a812f6d748c2c175962332f0dbca2acd50b6a4d146c963428b0e9a,,,,,,
BNCI2014_001,fixed_uniform_raw_power,fixed,uniform,raw_power,3,6398,8,0.0002851008125709886,0.8553024377129659,,,,6398,2b1b45e4e4a812f6d748c2c175962332f0dbca2acd50b6a4d146c963428b0e9a,,,,,,
BNCI2014_001,fixed_uniform_raw_power,fixed,uniform,raw_power,3,6398,9,0.00025739943512861517,0.7721983053858454,,,,6398,2b1b45e4e4a812f6d748c2c175962332f0dbca2acd50b6a4d146c963428b0e9a,,,,,,
BNCI2014_001,fixed_uniform_raw_power,fixed,uniform,raw_power,3,6398,10,0.00023413724279202635,0.702411728376079,,,,6398,2b1b45e4e4a812f6d748c2c175962332f0dbca2acd50b6a4d146c963428b0e9a,,,,,,
BNCI2014_001,fixed_uniform_raw_power,fixed,uniform,raw_power,3,6398,11,0.0002143341746551334,0.6430025239654003,,,,6398,2b1b45e4e4a812f6d748c2c175962332f0dbca2acd50b6a4d146c963428b0e9a,,,,,,
BNCI2014_001,fixed_uniform_raw_power,fixed,uniform,raw_power,3,6398,12,0.00019734780102426594,0.5920434030727978,,,,6398,2b1b45e4e4a812f6d748c2c175962332f0dbca2acd50b6a4d146c963428b0e9a,,,,,,
BNCI2014_001,fixed_uniform_raw_power,fixed,uniform,raw_power,3,6398,13,0.00018260805015916,0.54782415047748,,,,6398,2b1b45e4e4a812f6d748c2c175962332f0dbca2acd50b6a4d146c963428b0e9a,,,,,,
BNCI2014_001,fixed_uniform_raw_power,fixed,uniform,raw_power,3,6398,14,0.00016973461966740213,0.5092038590022064,,,,6398,2b1b45e4e4a812f6d748c2c175962332f0dbca2acd50b6a4d146c963428b0e9a,,,,,,
BNCI2014_001,fixed_uniform_raw_power,fixed,uniform,raw_power,3,6398,15,0.0001583918380024538,0.47517551400736135,,,,6398,2b1b45e4e4a812f6d748c2c175962332f0dbca2acd50b6a4d146c963428b0e9a,,,,,,
BNCI2014_001,fixed_uniform_raw_power,fixed,uniform,raw_power,3,6398,16,0.00014832812473024667,0.44498437419074,,,,6398,2b1b45e4e4a812f6d748c2c175962332f0dbca2acd50b6a4d146c963428b0e9a,,,,,,
BNCI2014_001,fixed_uniform_raw_power,fixed,uniform,raw_power,3,6398,17,0.00013934823567444607,0.4180447070233382,,,,6398,2b1b45e4e4a812f6d748c2c175962332f0dbca2acd50b6a4d146c963428b0e9a,,,,,,
BNCI2014_001,fixed_uniform_raw_power,fixed,uniform,raw_power,3,6398,18,0.00013126640311539997,0.3937992093462,,,,6398,2b1b45e4e4a812f6d748c2c175962332f0dbca2acd50b6a4d146c963428b0e9a,,,,,,
BNCI2014_001,fixed_uniform_raw_power,fixed,uniform,raw_power,3,6398,19,0.00012393315838522974,0.3717994751556892,,,,6398,2b1b45e4e4a812f6d748c2c175962332f0dbca2acd50b6a4d146c963428b0e9a,,,,,,
BNCI2014_001,fixed_uniform_raw_power,fixed,uniform,raw_power,3,6398,20,0.00011725293727100459,0.35175881181301377,,,,6398,2b1b45e4e4a812f6d748c2c175962332f0dbca2acd50b6a4d146c963428b0e9a,,,,,,
BNCI2014_001,fixed_uniform_raw_power,fixed,uniform,raw_power,3,6398,21,0.00011116538236869473,0.33349614710608416,,,,6398,2b1b45e4e4a812f6d748c2c175962332f0dbca2acd50b6a4d146c963428b0e9a,,,,,,
BNCI2014_001,fixed_uniform_raw_power,fixed,uniform,raw_power,3,6398,22,0.00010559843488383818,0.31679530465151456,,,,6398,2b1b45e4e4a812f6d748c2c175962332f0dbca2acd50b6a4d146c963428b0e9a,,,,,,
BNCI2014_001,fixed_uniform_raw_power,fixed,uniform,raw_power,3,6398,23,0.00010046944218739993,0.3014083265621998,,,,6398,2b1b45e4e4a812f6d748c2c175962332f0dbca2acd50b6a4d146c963428b0e9a,,,,,,
BNCI2014_001,fixed_uniform_raw_power,fixed,uniform,raw_power,3,6398,24,9.571849905448282e-05,0.2871554971634485,,,,6398,2b1b45e4e4a812f6d748c2c175962332f0dbca2acd50b6a4d146c963428b0e9a,,,,,,
BNCI2014_001,fixed_uniform_raw_power,fixed,uniform,raw_power,3,6398,25,9.13655290327138e-05,0.2740965870981414,0.6382285128499723,9.13655290327138e-05,0.0003256341988195549,6398,2b1b45e4e4a812f6d748c2c175962332f0dbca2acd50b6a4d146c963428b0e9a,,,,,,2.1452701184898615
BNCI2014_001,fixed_uniform_raw_power,fixed,uniform,raw_power,3,6398,26,8.727952499570926e-05,0.26183857498712776,,,,6398,2b1b45e4e4a812f6d748c2c175962332f0dbca2acd50b6a4d146c963428b0e9a,,,,,,
BNCI2014_001,fixed_uniform_raw_power,fixed,uniform,raw_power,3,6398,27,8.348066307145414e-05,0.25044198921436245,,,,6398,2b1b45e4e4a812f6d748c2c175962332f0dbca2acd50b6a4d146c963428b0e9a,,,,,,
BNCI2014_001,fixed_uniform_raw_power,fixed,uniform,raw_power,3,6398,28,7.996368775387943e-05,0.23989106326163828,,,,6398,2b1b45e4e4a812f6d748c2c175962332f0dbca2acd50b6a4d146c963428b0e9a,,,,,,
BNCI2014_001,fixed_uniform_raw_power,fixed,uniform,raw_power,3,6398,29,7.666629453989848e-05,0.22999888361969545,,,,6398,2b1b45e4e4a812f6d748c2c175962332f0dbca2acd50b6a4d146c963428b0e9a,,,,,,
BNCI2014_001,fixed_uniform_raw_power,fixed,uniform,raw_power,3,6398,30,7.357550816170723e-05,0.22072652448512167,,,,6398,2b1b45e4e4a812f6d748c2c175962332f0dbca2acd50b6a4d146c963428b0e9a,,,,,,
BNCI2014_001,fixed_uniform_raw_power,fixed,uniform,raw_power,3,6398,31,7.06617460123493e-05,0.2119852380370479,,,,6398,2b1b45e4e4a812f6d748c2c175962332f0dbca2acd50b6a4d146c963428b0e9a,,,,,,
BNCI2014_001,fixed_uniform_raw_power,fixed,uniform,raw_power,3,6398,32,6.792641009981214e-05,0.20377923029943643,,,,6398,2b1b45e4e4a812f6d748c2c175962332f0dbca2acd50b6a4d146c963428b0e9a,,,,,,
BNCI2014_001,fixed_uniform_raw_power,fixed,uniform,raw_power,3,6398,33,6.537031813740111e-05,0.19611095441220333,,,,6398,2b1b45e4e4a812f6d748c2c175962332f0dbca2acd50b6a4d146c963428b0e9a,,,,,,
BNCI2014_001,fixed_uniform_raw_power,fixed,uniform,raw_power,3,6398,34,6.293032750747163e-05,0.18879098252241489,,,,6398,2b1b45e4e4a812f6d748c2c175962332f0dbca2acd50b6a4d146c963428b0e9a,,,,,,
BNCI2014_001,fixed_uniform_raw_power,fixed,uniform,raw_power,3,6398,35,6.065370994292057e-05,0.18196112982876173,,,,6398,2b1b45e4e4a812f6d748c2c175962332f0dbca2acd50b6a4d146c963428b0e9a,,,,,,
BNCI2014_001,fixed_uniform_raw_power,fixed,uniform,raw_power,3,6398,36,5.8500507583051246e-05,0.17550152274915373,,,,6398,2b1b45e4e4a812f6d748c2c175962332f0dbca2acd50b6a4d146c963428b0e9a,,,,,,
BNCI2014_001,fixed_uniform_raw_power,fixed,uniform,raw_power,3,6398,37,5.6418575523385955e-05,0.16925572657015786,,,,6398,2b1b45e4e4a812f6d748c2c175962332f0dbca2acd50b6a4d146c963428b0e9a,,,,,,
BNCI2014_001,fixed_uniform_raw_power,fixed,uniform,raw_power,3,6398,38,5.4490978903369424e-05,0.16347293671010826,,,,6398,2b1b45e4e4a812f6d748c2c175962332f0dbca2acd50b6a4d146c963428b0e9a,,,,,,
BNCI2014_001,fixed_uniform_raw_power,fixed,uniform,raw_power,3,6398,39,5.263936357280587e-05,0.15791809071841761,,,,6398,2b1b45e4e4a812f6d748c2c175962332f0dbca2acd50b6a4d146c963428b0e9a,,,,,,
BNCI2014_001,fixed_uniform_raw_power,fixed,uniform,raw_power,3,6398,40,5.0860955571943585e-05,0.15258286671583077,,,,6398,2b1b45e4e4a812f6d748c2c175962332f0dbca2acd50b6a4d146c963428b0e9a,,,,,,
BNCI2014_001,fixed_uniform_raw_power,fixed,uniform,raw_power,3,6398,41,4.9197378087486697e-05,0.1475921342624601,,,,6398,2b1b45e4e4a812f6d748c2c175962332f0dbca2acd50b6a4d146c963428b0e9a,,,,,,
BNCI2014_001,fixed_uniform_raw_power,fixed,uniform,raw_power,3,6398,42,4.7616776003657755e-05,0.14285032801097325,,,,6398,2b1b45e4e4a812f6d748c2c175962332f0dbca2acd50b6a4d146c963428b0e9a,,,,,,
BNCI2014_001,fixed_uniform_raw_power,fixed,uniform,raw_power,3,6398,43,4.612199108417023e-05,0.13836597325251068,,,,6398,2b1b45e4e4a812f6d748c2c175962332f0dbca2acd50b6a4d146c963428b0e9a,,,,,,
BNCI2014_001,fixed_uniform_raw_power,fixed,uniform,raw_power,3,6398,44,4.46961937261871e-05,0.13408858117856132,,,,6398,2b1b45e4e4a812f6d748c2c175962332f0dbca2acd50b6a4d146c963428b0e9a,,,,,,
BNCI2014_001,fixed_uniform_raw_power,fixed,uniform,raw_power,3,6398,45,4.332884391676664e-05,0.12998653175029992,,,,6398,2b1b45e4e4a812f6d748c2c175962332f0dbca2acd50b6a4d146c963428b0e9a,,,,,,
BNCI2014_001,fixed_uniform_raw_power,fixed,uniform,raw_power,3,6398,46,4.201064313292611e-05,0.12603192939877833,,,,6398,2b1b45e4e4a812f6d748c2c175962332f0dbca2acd50b6a4d146c963428b0e9a,,,,,,
BNCI2014_001,fixed_uniform_raw_power,fixed,uniform,raw_power,3,6398,47,4.076697546870172e-05,0.12230092640610514,,,,6398,2b1b45e4e4a812f6d748c2c175962332f0dbca2acd50b6a4d146c963428b0e9a,,,,,,
BNCI2014_001,fixed_uniform_raw_power,fixed,uniform,raw_power,3,6398,48,3.956943957922871e-05,0.11870831873768613,,,,6398,2b1b45e4e4a812f6d748c2c175962332f0dbca2acd50b6a4d146c963428b0e9a,,,,,,
BNCI2014_001,fixed_uniform_raw_power,fixed,uniform,raw_power,3,6398,49,3.841086875580999e-05,0.11523260626742997,,,,6398,2b1b45e4e4a812f6d748c2c175962332f0dbca2acd50b6a4d146c963428b0e9a,,,,,,
BNCI2014_001,fixed_uniform_raw_power,fixed,uniform,raw_power,3,6398,50,3.7308268294455306e-05,0.11192480488336591,0.5457437296017131,3.7308268294455306e-05,0.00014877532899371223,6398,2b1b45e4e4a812f6d748c2c175962332f0dbca2acd50b6a4d146c963428b0e9a,,,,,,2.0671840757131577
BNCI2014_001,fixed_uniform_raw_power,fixed,uniform,raw_power,3,6398,51,3.625665916093349e-05,0.10876997748280047,,,,6398,2b1b45e4e4a812f6d748c2c175962332f0dbca2acd50b6a4d146c963428b0e9a,,,,,,
BNCI2014_001,fixed_uniform_raw_power,fixed,uniform,raw_power,3,6398,52,3.524846225524416e-05,0.10574538676573249,,,,6398,2b1b45e4e4a812f6d748c2c175962332f0dbca2acd50b6a4d146c963428b0e9a,,,,,,
BNCI2014_001,fixed_uniform_raw_power,fixed,uniform,raw_power,3,6398,53,3.430036982837704e-05,0.10290110948513115,,,,6398,2b1b45e4e4a812f6d748c2c175962332f0dbca2acd50b6a4d146c963428b0e9a,,,,,,
BNCI2014_001,fixed_uniform_raw_power,fixed,uniform,raw_power,3,6398,54,3.338287804367334e-05,0.10014863413102003,,,,6398,2b1b45e4e4a812f6d748c2c175962332f0dbca2acd50b6a4d146c963428b0e9a,,,,,,
BNCI2014_001,fixed_uniform_raw_power,fixed,uniform,raw_power,3,6398,55,3.249284080606426e-05,0.0974785224181928,,,,6398,2b1b45e4e4a812f6d748c2c175962332f0dbca2acd50b6a4d146c963428b0e9a,,,,,,
BNCI2014_001,fixed_uniform_raw_power,fixed,uniform,raw_power,3,6398,56,3.161701466346443e-05,0.09485104399039329,,,,6398,2b1b45e4e4a812f6d748c2c175962332f0dbca2acd50b6a4d146c963428b0e9a,,,,,,
BNCI2014_001,fixed_uniform_raw_power,fixed,uniform,raw_power,3,6398,57,3.081458651121806e-05,0.09244375953365419,,,,6398,2b1b45e4e4a812f6d748c2c175962332f0dbca2acd50b6a4d146c963428b0e9a,,,,,,
BNCI2014_001,fixed_uniform_raw_power,fixed,uniform,raw_power,3,6398,58,3.0039886869773656e-05,0.09011966060932097,,,,6398,2b1b45e4e4a812f6d748c2c175962332f0dbca2acd50b6a4d146c963428b0e9a,,,,,,
BNCI2014_001,fixed_uniform_raw_power,fixed,uniform,raw_power,3,6398,59,2.928442801304071e-05,0.08785328403912213,,,,6398,2b1b45e4e4a812f6d748c2c175962332f0dbca2acd50b6a4d146c963428b0e9a,,,,,,
BNCI2014_001,fixed_uniform_raw_power,fixed,uniform,raw_power,3,6398,60,2.8540068264665033e-05,0.0856202047939951,,,,6398,2b1b45e4e4a812f6d748c2c175962332f0dbca2acd50b6a4d146c963428b0e9a,,,,,,
BNCI2014_001,fixed_uniform_raw_power,fixed,uniform,raw_power,3,6398,61,2.785239965392008e-05,0.08355719896176024,,,,6398,2b1b45e4e4a812f6d748c2c175962332f0dbca2acd50b6a4d146c963428b0e9a,,,,,,
BNCI2014_001,fixed_uniform_raw_power,fixed,uniform,raw_power,3,6398,62,2.7165436494193476e-05,0.08149630948258042,,,,6398,2b1b45e4e4a812f6d748c2c175962332f0dbca2acd50b6a4d146c963428b0e9a,,,,,,
BNCI2014_001,fixed_uniform_raw_power,fixed,uniform,raw_power,3,6398,63,2.649791264910519e-05,0.07949373794731555,,,,6398,2b1b45e4e4a812f6d748c2c175962332f0dbca2acd50b6a4d146c963428b0e9a,,,,,,
BNCI2014_001,fixed_uniform_raw_power,fixed,uniform,raw_power,3,6398,64,2.5853649069059416e-05,0.07756094720717825,,,,6398,2b1b45e4e4a812f6d748c2c175962332f0dbca2acd50b6a4d146c963428b0e9a,,,,,,
BNCI2014_001,fixed_uniform_raw_power,fixed,uniform,raw_power,3,6398,65,2.5247310051418544e-05,0.07574193015425564,,,,6398,2b1b45e4e4a812f6d748c2c175962332f0dbca2acd50b6a4d146c963428b0e9a,,,,,,
BNCI2014_001,fixed_uniform_raw_power,fixed,uniform,raw_power,3,6398,66,2.4653769562078368e-05,0.07396130868623511,,,,6398,2b1b45e4e4a812f6d748c2c175962332f0dbca2acd50b6a4d146c963428b0e9a,,,,,,
BNCI2014_001,fixed_uniform_raw_power,fixed,uniform,raw_power,3,6398,67,2.408517595137125e-05,0.07225552785411375,,,,6398,2b1b45e4e4a812f6d748c2c175962332f0dbca2acd50b6a4d146c963428b0e9a,,,,,,
BNCI2014_001,fixed_uniform_raw_power,fixed,uniform,raw_power,3,6398,68,2.355127914886381e-05,0.07065383744659143,,,,6398,2b1b45e4e4a812f6d748c2c175962332f0dbca2acd50b6a4d146c963428b0e9a,,,,,,
BNCI2014_001,fixed_uniform_raw_power,fixed,uniform,raw_power,3,6398,69,2.3022647527383053e-05,0.06906794258214917,,,,6398,2b1b45e4e4a812f6d748c2c175962332f0dbca2acd50b6a4d146c963428b0e9a,,,,,,
BNCI2014_001,fixed_uniform_raw_power,fixed,uniform,raw_power,3,6398,70,2.25030888861596e-05,0.0675092666584788,,,,6398,2b1b45e4e4a812f6d748c2c175962332f0dbca2acd50b6a4d146c963428b0e9a,,,,,,
BNCI2014_001,fixed_uniform_raw_power,fixed,uniform,raw_power,3,6398,71,2.199484736400173e-05,0.06598454209200519,,,,6398,2b1b45e4e4a812f6d748c2c175962332f0dbca2acd50b6a4d146c963428b0e9a,,,,,,
BNCI2014_001,fixed_uniform_raw_power,fixed,uniform,raw_power,3,6398,72,2.1503131214819088e-05,0.06450939364445726,,,,6398,2b1b45e4e4a812f6d748c2c175962332f0dbca2acd50b6a4d146c963428b0e9a,,,,,,
BNCI2014_001,fixed_uniform_raw_power,fixed,uniform,raw_power,3,6398,73,2.104550806881741e-05,0.06313652420645223,,,,6398,2b1b45e4e4a812f6d748c2c175962332f0dbca2acd50b6a4d146c963428b0e9a,,,,,,
BNCI2014_001,fixed_uniform_raw_power,fixed,uniform,raw_power,3,6398,74,2.0593363947151324e-05,0.06178009184145397,,,,6398,2b1b45e4e4a812f6d748c2c175962332f0dbca2acd50b6a4d146c963428b0e9a,,,,,,
BNCI2014_001,fixed_uniform_raw_power,fixed,uniform,raw_power,3,6398,75,2.01580911419948e-05,0.0604742734259844,,,,6398,2b1b45e4e4a812f6d748c2c175962332f0dbca2acd50b6a4d146c963428b0e9a,,,,,,
BNCI2014_001,fixed_uniform_raw_power,fixed,uniform,raw_power,3,6398,76,1.9726269480798194e-05,0.059178808442394586,,,,6398,2b1b45e4e4a812f6d748c2c175962332f0dbca2acd50b6a4d146c963428b0e9a,,,,,,
BNCI2014_001,fixed_uniform_raw_power,fixed,uniform,raw_power,3,6398,77,1.9315863321926562e-05,0.057947589965779686,,,,6398,2b1b45e4e4a812f6d748c2c175962332f0dbca2acd50b6a4d146c963428b0e9a,,,,,,
BNCI2014_001,fixed_uniform_raw_power,fixed,uniform,raw_power,3,6398,78,1.8911412132701453e-05,0.056734236398104355,,,,6398,2b1b45e4e4a812f6d748c2c175962332f0dbca2acd50b6a4d146c963428b0e9a,,,,,,
BNCI2014_001,fixed_uniform_raw_power,fixed,uniform,raw_power,3,6398,79,1.8530811018330473e-05,0.05559243305499142,,,,6398,2b1b45e4e4a812f6d748c2c175962332f0dbca2acd50b6a4d146c963428b0e9a,,,,,,
BNCI2014_001,fixed_uniform_raw_power,fixed,uniform,raw_power,3,6398,80,1.814741850326379e-05,0.054442255509791364,,,,6398,2b1b45e4e4a812f6d748c2c175962332f0dbca2acd50b6a4d146c963428b0e9a,,,,,,
BNCI2014_001,fixed_uniform_raw_power,fixed,uniform,raw_power,3,6398,81,1.780875140127296e-05,0.05342625420381887,,,,6398,2b1b45e4e4a812f6d748c2c175962332f0dbca2acd50b6a4d146c963428b0e9a,,,,,,
BNCI2014_001,fixed_uniform_raw_power,fixed,uniform,raw_power,3,6398,82,1.7452600881351866e-05,0.0523578026440556,,,,6398,2b1b45e4e4a812f6d748c2c175962332f0dbca2acd50b6a4d146c963428b0e9a,,,,,,
BNCI2014_001,fixed_uniform_raw_power,fixed,uniform,raw_power,3,6398,83,1.7123277815731925e-05,0.05136983344719578,,,,6398,2b1b45e4e4a812f6d748c2c175962332f0dbca2acd50b6a4d146c963428b0e9a,,,,,,
BNCI2014_001,fixed_uniform_raw_power,fixed,uniform,raw_power,3,6398,84,1.6794613439522092e-05,0.05038384031856627,,,,6398,2b1b45e4e4a812f6d748c2c175962332f0dbca2acd50b6a4d146c963428b0e9a,,,,,,
BNCI2014_001,fixed_uniform_raw_power,fixed,uniform,raw_power,3,6398,85,1.6466230984405764e-05,0.04939869295321729,,,,6398,2b1b45e4e4a812f6d748c2c175962332f0dbca2acd50b6a4d146c963428b0e9a,,,,,,
BNCI2014_001,fixed_uniform_raw_power,fixed,uniform,raw_power,3,6398,86,1.6147157976399286e-05,0.048441473929197856,,,,6398,2b1b45e4e4a812f6d748c2c175962332f0dbca2acd50b6a4d146c963428b0e9a,,,,,,
BNCI2014_001,fixed_uniform_raw_power,fixed,uniform,raw_power,3,6398,87,1.5846407971684512e-05,0.04753922391505353,,,,6398,2b1b45e4e4a812f6d748c2c175962332f0dbca2acd50b6a4d146c963428b0e9a,,,,,,
BNCI2014_001,fixed_uniform_raw_power,fixed,uniform,raw_power,3,6398,88,1.555024702791375e-05,0.046650741083741246,,,,6398,2b1b45e4e4a812f6d748c2c175962332f0dbca2acd50b6a4d146c963428b0e9a,,,,,,
BNCI2014_001,fixed_uniform_raw_power,fixed,uniform,raw_power,3,6398,89,1.526272804429227e-05,0.045788184132876816,,,,6398,2b1b45e4e4a812f6d748c2c175962332f0dbca2acd50b6a4d146c963428b0e9a,,,,,,
BNCI2014_001,fixed_uniform_raw_power,fixed,uniform,raw_power,3,6398,90,1.4983875157022555e-05,0.044951625471067666,,,,6398,2b1b45e4e4a812f6d748c2c175962332f0dbca2acd50b6a4d146c963428b0e9a,,,,,,
BNCI2014_001,fixed_uniform_raw_power,fixed,uniform,raw_power,3,6398,91,1.470922499008292e-05,0.04412767497024876,,,,6398,2b1b45e4e4a812f6d748c2c175962332f0dbca2acd50b6a4d146c963428b0e9a,,,,,,
BNCI2014_001,fixed_uniform_raw_power,fixed,uniform,raw_power,3,6398,92,1.4437948842234046e-05,0.043313846526702136,,,,6398,2b1b45e4e4a812f6d748c2c175962332f0dbca2acd50b6a4d146c963428b0e9a,,,,,,
BNCI2014_001,fixed_uniform_raw_power,fixed,uniform,raw_power,3,6398,93,1.4176702170414069e-05,0.042530106511242206,,,,6398,2b1b45e4e4a812f6d748c2c175962332f0dbca2acd50b6a4d146c963428b0e9a,,,,,,
BNCI2014_001,fixed_uniform_raw_power,fixed,uniform,raw_power,3,6398,94,1.3904083810913597e-05,0.041712251432740786,,,,6398,2b1b45e4e4a812f6d748c2c175962332f0dbca2acd50b6a4d146c963428b0e9a,,,,,,
BNCI2014_001,fixed_uniform_raw_power,fixed,uniform,raw_power,3,6398,95,1.364700278417854e-05,0.04094100835253562,,,,6398,2b1b45e4e4a812f6d748c2c175962332f0dbca2acd50b6a4d146c963428b0e9a,,,,,,
BNCI2014_001,fixed_uniform_raw_power,fixed,uniform,raw_power,3,6398,96,1.3416088520080778e-05,0.04024826556024234,,,,6398,2b1b45e4e4a812f6d748c2c175962332f0dbca2acd50b6a4d146c963428b0e9a,,,,,,
BNCI2014_001,fixed_uniform_raw_power,fixed,uniform,raw_power,3,6398,97,1.3182878505720047e-05,0.03954863551716014,,,,6398,2b1b45e4e4a812f6d748c2c175962332f0dbca2acd50b6a4d146c963428b0e9a,,,,,,
BNCI2014_001,fixed_uniform_raw_power,fixed,uniform,raw_power,3,6398,98,1.2964000931301082e-05,0.038892002793903244,,,,6398,2b1b45e4e4a812f6d748c2c175962332f0dbca2acd50b6a4d146c963428b0e9a,,,,,,
BNCI2014_001,fixed_uniform_raw_power,fixed,uniform,raw_power,3,6398,99,1.2748543562620262e-05,0.038245630687860785,,,,6398,2b1b45e4e4a812f6d748c2c175962332f0dbca2acd50b6a4d146c963428b0e9a,,,,,,
BNCI2014_001,fixed_uniform_raw_power,fixed,uniform,raw_power,3,6398,100,1.2528556492565873e-05,0.03758566947769762,0.45302115530359977,1.2528556492565873e-05,6.113240571278765e-05,6398,2b1b45e4e4a812f6d748c2c175962332f0dbca2acd50b6a4d146c963428b0e9a,,,,,,2.584327943623066
BNCI2014_001,fixed_uniform_raw_power,fixed,uniform,raw_power,3,6398,101,1.2324899576842026e-05,0.03697469873052608,,,,6398,2b1b45e4e4a812f6d748c2c175962332f0dbca2acd50b6a4d146c963428b0e9a,,,,,,
BNCI2014_001,fixed_uniform_raw_power,fixed,uniform,raw_power,3,6398,102,1.2095693908437944e-05,0.036287081725313836,,,,6398,2b1b45e4e4a812f6d748c2c175962332f0dbca2acd50b6a4d146c963428b0e9a,,,,,,
BNCI2014_001,fixed_uniform_raw_power,fixed,uniform,raw_power,3,6398,103,1.1894100294734416e-05,0.035682300884203245,,,,6398,2b1b45e4e4a812f6d748c2c175962332f0dbca2acd50b6a4d146c963428b0e9a,,,,,,
BNCI2014_001,fixed_uniform_raw_power,fixed,uniform,raw_power,3,6398,104,1.1694857606322262e-05,0.035084572818966785,,,,6398,2b1b45e4e4a812f6d748c2c175962332f0dbca2acd50b6a4d146c963428b0e9a,,,,,,
BNCI2014_001,fixed_uniform_raw_power,fixed,uniform,raw_power,3,6398,105,1.1507455340762395e-05,0.03452236602228718,,,,6398,2b1b45e4e4a812f6d748c2c175962332f0dbca2acd50b6a4d146c963428b0e9a,,,,,,
BNCI2014_001,fixed_uniform_raw_power,fixed,uniform,raw_power,3,6398,106,1.1330417478152513e-05,0.03399125243445754,,,,6398,2b1b45e4e4a812f6d748c2c175962332f0dbca2acd50b6a4d146c963428b0e9a,,,,,,
BNCI2014_001,fixed_uniform_raw_power,fixed,uniform,raw_power,3,6398,107,1.1130912525941353e-05,0.03339273757782406,,,,6398,2b1b45e4e4a812f6d748c2c175962332f0dbca2acd50b6a4d146c963428b0e9a,,,,,,
BNCI2014_001,fixed_uniform_raw_power,fixed,uniform,raw_power,3,6398,108,1.0958108752984141e-05,0.032874326258952424,,,,6398,2b1b45e4e4a812f6d748c2c175962332f0dbca2acd50b6a4d146c963428b0e9a,,,,,,
BNCI2014_001,fixed_uniform_raw_power,fixed,uniform,raw_power,3,6398,109,1.0793422367871423e-05,0.03238026710361427,,,,6398,2b1b45e4e4a812f6d748c2c175962332f0dbca2acd50b6a4d146c963428b0e9a,,,,,,
BNCI2014_001,fixed_uniform_raw_power,fixed,uniform,raw_power,3,6398,110,1.0612339982262975e-05,0.031837019946788926,,,,6398,2b1b45e4e4a812f6d748c2c175962332f0dbca2acd50b6a4d146c963428b0e9a,,,,,,
BNCI2014_001,fixed_uniform_raw_power,fixed,uniform,raw_power,3,6398,111,1.044623105219551e-05,0.03133869315658653,,,,6398,2b1b45e4e4a812f6d748c2c175962332f0dbca2acd50b6a4d146c963428b0e9a,,,,,,
BNCI2014_001,fixed_uniform_raw_power,fixed,uniform,raw_power,3,6398,112,1.0297428923403907e-05,0.03089228677021172,,,,6398,2b1b45e4e4a812f6d748c2c175962332f0dbca2acd50b6a4d146c963428b0e9a,,,,,,
BNCI2014_001,fixed_uniform_raw_power,fixed,uniform,raw_power,3,6398,113,1.0132175387589221e-05,0.030396526162767668,,,,6398,2b1b45e4e4a812f6d748c2c175962332f0dbca2acd50b6a4d146c963428b0e9a,,,,,,
BNCI2014_001,fixed_uniform_raw_power,fixed,uniform,raw_power,3,6398,114,9.966522476121775e-06,0.029899567428365328,,,,6398,2b1b45e4e4a812f6d748c2c175962332f0dbca2acd50b6a4d146c963428b0e9a,,,,,,
BNCI2014_001,fixed_uniform_raw_power,fixed,uniform,raw_power,3,6398,115,9.829439161198599e-06,0.0294883174835958,,,,6398,2b1b45e4e4a812f6d748c2c175962332f0dbca2acd50b6a4d146c963428b0e9a,,,,,,
BNCI2014_001,fixed_uniform_raw_power,fixed,uniform,raw_power,3,6398,116,9.678031632208178e-06,0.02903409489662453,,,,6398,2b1b45e4e4a812f6d748c2c175962332f0dbca2acd50b6a4d146c963428b0e9a,,,,,,
BNCI2014_001,fixed_uniform_raw_power,fixed,uniform,raw_power,3,6398,117,9.527384106313683e-06,0.028582152318941047,,,,6398,2b1b45e4e4a812f6d748c2c175962332f0dbca2acd50b6a4d146c963428b0e9a,,,,,,
BNCI2014_001,fixed_uniform_raw_power,fixed,uniform,raw_power,3,6398,118,9.386576299482541e-06,0.028159728898447624,,,,6398,2b1b45e4e4a812f6d748c2c175962332f0dbca2acd50b6a4d146c963428b0e9a,,,,,,
BNCI2014_001,fixed_uniform_raw_power,fixed,uniform,raw_power,3,6398,119,9.24688276801015e-06,0.02774064830403045,,,,6398,2b1b45e4e4a812f6d748c2c175962332f0dbca2acd50b6a4d146c963428b0e9a,,,,,,
BNCI2014_001,fixed_uniform_raw_power,fixed,uniform,raw_power,3,6398,120,9.110328058885468e-06,0.027330984176656404,,,,6398,2b1b45e4e4a812f6d748c2c175962332f0dbca2acd50b6a4d146c963428b0e9a,,,,,,
BNCI2014_001,fixed_uniform_raw_power,fixed,uniform,raw_power,3,6398,121,8.974310687139299e-06,0.026922932061417895,,,,6398,2b1b45e4e4a812f6d748c2c175962332f0dbca2acd50b6a4d146c963428b0e9a,,,,,,
BNCI2014_001,fixed_uniform_raw_power,fixed,uniform,raw_power,3,6398,122,8.851081821883245e-06,0.026553245465649734,,,,6398,2b1b45e4e4a812f6d748c2c175962332f0dbca2acd50b6a4d146c963428b0e9a,,,,,,
BNCI2014_001,fixed_uniform_raw_power,fixed,uniform,raw_power,3,6398,123,8.719228095720674e-06,0.02615768428716202,,,,6398,2b1b45e4e4a812f6d748c2c175962332f0dbca2acd50b6a4d146c963428b0e9a,,,,,,
BNCI2014_001,fixed_uniform_raw_power,fixed,uniform,raw_power,3,6398,124,8.602640054769182e-06,0.025807920164307545,,,,6398,2b1b45e4e4a812f6d748c2c175962332f0dbca2acd50b6a4d146c963428b0e9a,,,,,,
BNCI2014_001,fixed_uniform_raw_power,fixed,uniform,raw_power,3,6398,125,8.475216380494419e-06,0.025425649141483254,,,,6398,2b1b45e4e4a812f6d748c2c175962332f0dbca2acd50b6a4d146c963428b0e9a,,,,,,
BNCI2014_001,fixed_uniform_raw_power,fixed,uniform,raw_power,3,6398,126,8.353120470140263e-06,0.02505936141042079,,,,6398,2b1b45e4e4a812f6d748c2c175962332f0dbca2acd50b6a4d146c963428b0e9a,,,,,,
BNCI2014_001,fixed_uniform_raw_power,fixed,uniform,raw_power,3,6398,127,8.241015613593703e-06,0.02472304684078111,,,,6398,2b1b45e4e4a812f6d748c2c175962332f0dbca2acd50b6a4d146c963428b0e9a,,,,,,
BNCI2014_001,fixed_uniform_raw_power,fixed,uniform,raw_power,3,6398,128,8.138548867668648e-06,0.024415646603005946,,,,6398,2b1b45e4e4a812f6d748c2c175962332f0dbca2acd50b6a4d146c963428b0e9a,,,,,,
BNCI2014_001,fixed_uniform_raw_power,fixed,uniform,raw_power,3,6398,129,8.028135591215747e-06,0.024084406773647243,,,,6398,2b1b45e4e4a812f6d748c2c175962332f0dbca2acd50b6a4d146c963428b0e9a,,,,,,
BNCI2014_001,fixed_uniform_raw_power,fixed,uniform,raw_power,3,6398,130,7.907577862859335e-06,0.02372273358857801,,,,6398,2b1b45e4e4a812f6d748c2c175962332f0dbca2acd50b6a4d146c963428b0e9a,,,,,,
BNCI2014_001,fixed_uniform_raw_power,fixed,uniform,raw_power,3,6398,131,7.798185916464978e-06,0.023394557749394935,,,,6398,2b1b45e4e4a812f6d748c2c175962332f0dbca2acd50b6a4d146c963428b0e9a,,,,,,
BNCI2014_001,fixed_uniform_raw_power,fixed,uniform,raw_power,3,6398,132,7.691590520614795e-06,0.023074771561844384,,,,6398,2b1b45e4e4a812f6d748c2c175962332f0dbca2acd50b6a4d146c963428b0e9a,,,,,,
BNCI2014_001,fixed_uniform_raw_power,fixed,uniform,raw_power,3,6398,133,7.5783107465419424e-06,0.02273493223962583,,,,6398,2b1b45e4e4a812f6d748c2c175962332f0dbca2acd50b6a4d146c963428b0e9a,,,,,,
BNCI2014_001,fixed_uniform_raw_power,fixed,uniform,raw_power,3,6398,134,7.481279503462422e-06,0.022443838510387268,,,,6398,2b1b45e4e4a812f6d748c2c175962332f0dbca2acd50b6a4d146c963428b0e9a,,,,,,
BNCI2014_001,fixed_uniform_raw_power,fixed,uniform,raw_power,3,6398,135,7.386200188464884e-06,0.022158600565394652,,,,6398,2b1b45e4e4a812f6d748c2c175962332f0dbca2acd50b6a4d146c963428b0e9a,,,,,,
BNCI2014_001,fixed_uniform_raw_power,fixed,uniform,raw_power,3,6398,136,7.300670216456168e-06,0.021902010649368503,,,,6398,2b1b45e4e4a812f6d748c2c175962332f0dbca2acd50b6a4d146c963428b0e9a,,,,,,
BNCI2014_001,fixed_uniform_raw_power,fixed,uniform,raw_power,3,6398,137,7.207459003982171e-06,0.02162237701194651,,,,6398,2b1b45e4e4a812f6d748c2c175962332f0dbca2acd50b6a4d146c963428b0e9a,,,,,,
BNCI2014_001,fixed_uniform_raw_power,fixed,uniform,raw_power,3,6398,138,7.130421047688557e-06,0.021391263143065668,,,,6398,2b1b45e4e4a812f6d748c2c175962332f0dbca2acd50b6a4d146c963428b0e9a,,,,,,
BNCI2014_001,fixed_uniform_raw_power,fixed,uniform,raw_power,3,6398,139,7.0263669036395515e-06,0.021079100710918654,,,,6398,2b1b45e4e4a812f6d748c2c175962332f0dbca2acd50b6a4d146c963428b0e9a,,,,,,
BNCI2014_001,fixed_uniform_raw_power,fixed,uniform,raw_power,3,6398,140,6.9415812409865286e-06,0.020824743722959588,,,,6398,2b1b45e4e4a812f6d748c2c175962332f0dbca2acd50b6a4d146c963428b0e9a,,,,,,
BNCI2014_001,fixed_uniform_raw_power,fixed,uniform,raw_power,3,6398,141,6.836384981308857e-06,0.020509154943926574,,,,6398,2b1b45e4e4a812f6d748c2c175962332f0dbca2acd50b6a4d146c963428b0e9a,,,,,,
BNCI2014_001,fixed_uniform_raw_power,fixed,uniform,raw_power,3,6398,142,6.748923564527714e-06,0.02024677069358314,,,,6398,2b1b45e4e4a812f6d748c2c175962332f0dbca2acd50b6a4d146c963428b0e9a,,,,,,
BNCI2014_001,fixed_uniform_raw_power,fixed,uniform,raw_power,3,6398,143,6.659391265029861e-06,0.019978173795089583,,,,6398,2b1b45e4e4a812f6d748c2c175962332f0dbca2acd50b6a4d146c963428b0e9a,,,,,,
BNCI2014_001,fixed_uniform_raw_power,fixed,uniform,raw_power,3,6398,144,6.563552182045323e-06,0.019690656546135967,,,,6398,2b1b45e4e4a812f6d748c2c175962332f0dbca2acd50b6a4d146c963428b0e9a,,,,,,
BNCI2014_001,fixed_uniform_raw_power,fixed,uniform,raw_power,3,6398,145,6.487881719699205e-06,0.019463645159097615,,,,6398,2b1b45e4e4a812f6d748c2c175962332f0dbca2acd50b6a4d146c963428b0e9a,,,,,,
BNCI2014_001,fixed_uniform_raw_power,fixed,uniform,raw_power,3,6398,146,6.41035629173674e-06,0.019231068875210224,,,,6398,2b1b45e4e4a812f6d748c2c175962332f0dbca2acd50b6a4d146c963428b0e9a,,,,,,
BNCI2014_001,fixed_uniform_raw_power,fixed,uniform,raw_power,3,6398,147,6.3284583364403065e-06,0.018985375009320918,,,,6398,2b1b45e4e4a812f6d748c2c175962332f0dbca2acd50b6a4d146c963428b0e9a,,,,,,
BNCI2014_001,fixed_uniform_raw_power,fixed,uniform,raw_power,3,6398,148,6.249434904944372e-06,0.018748304714833117,,,,6398,2b1b45e4e4a812f6d748c2c175962332f0dbca2acd50b6a4d146c963428b0e9a,,,,,,
BNCI2014_001,fixed_uniform_raw_power,fixed,uniform,raw_power,3,6398,149,6.179793940519639e-06,0.01853938182155892,,,,6398,2b1b45e4e4a812f6d748c2c175962332f0dbca2acd50b6a4d146c963428b0e9a,,,,,,
BNCI2014_001,fixed_uniform_raw_power,fixed,uniform,raw_power,3,6398,150,6.102229586691454e-06,0.018306688760074363,,,,6398,2b1b45e4e4a812f6d748c2c175962332f0dbca2acd50b6a4d146c963428b0e9a,,,,,,
BNCI2014_001,fixed_uniform_raw_power,fixed,uniform,raw_power,3,6398,151,6.031324369761962e-06,0.018093973109285885,,,,6398,2b1b45e4e4a812f6d748c2c175962332f0dbca2acd50b6a4d146c963428b0e9a,,,,,,
BNCI2014_001,fixed_uniform_raw_power,fixed,uniform,raw_power,3,6398,152,5.961489748114023e-06,0.017884469244342067,,,,6398,2b1b45e4e4a812f6d748c2c175962332f0dbca2acd50b6a4d146c963428b0e9a,,,,,,
BNCI2014_001,fixed_uniform_raw_power,fixed,uniform,raw_power,3,6398,153,5.891835696859836e-06,0.01767550709057951,,,,6398,2b1b45e4e4a812f6d748c2c175962332f0dbca2acd50b6a4d146c963428b0e9a,,,,,,
BNCI2014_001,fixed_uniform_raw_power,fixed,uniform,raw_power,3,6398,154,5.815390177546916e-06,0.017446170532640748,,,,6398,2b1b45e4e4a812f6d748c2c175962332f0dbca2acd50b6a4d146c963428b0e9a,,,,,,
BNCI2014_001,fixed_uniform_raw_power,fixed,uniform,raw_power,3,6398,155,5.75987617524019e-06,0.01727962852572057,,,,6398,2b1b45e4e4a812f6d748c2c175962332f0dbca2acd50b6a4d146c963428b0e9a,,,,,,
BNCI2014_001,fixed_uniform_raw_power,fixed,uniform,raw_power,3,6398,156,5.695926825221977e-06,0.01708778047566593,,,,6398,2b1b45e4e4a812f6d748c2c175962332f0dbca2acd50b6a4d146c963428b0e9a,,,,,,
BNCI2014_001,fixed_uniform_raw_power,fixed,uniform,raw_power,3,6398,157,5.630199561962455e-06,0.016890598685887364,,,,6398,2b1b45e4e4a812f6d748c2c175962332f0dbca2acd50b6a4d146c963428b0e9a,,,,,,
BNCI2014_001,fixed_uniform_raw_power,fixed,uniform,raw_power,3,6398,158,5.556140224402351e-06,0.016668420673207056,,,,6398,2b1b45e4e4a812f6d748c2c175962332f0dbca2acd50b6a4d146c963428b0e9a,,,,,,
BNCI2014_001,fixed_uniform_raw_power,fixed,uniform,raw_power,3,6398,159,5.4820672552816595e-06,0.01644620176584498,,,,6398,2b1b45e4e4a812f6d748c2c175962332f0dbca2acd50b6a4d146c963428b0e9a,,,,,,
BNCI2014_001,fixed_uniform_raw_power,fixed,uniform,raw_power,3,6398,160,5.431446074583002e-06,0.016294338223749007,,,,6398,2b1b45e4e4a812f6d748c2c175962332f0dbca2acd50b6a4d146c963428b0e9a,,,,,,
BNCI2014_001,fixed_uniform_raw_power,fixed,uniform,raw_power,3,6398,161,5.360042719852851e-06,0.016080128159558553,,,,6398,2b1b45e4e4a812f6d748c2c175962332f0dbca2acd50b6a4d146c963428b0e9a,,,,,,
BNCI2014_001,fixed_uniform_raw_power,fixed,uniform,raw_power,3,6398,162,5.317673973064287e-06,0.015953021919192862,,,,6398,2b1b45e4e4a812f6d748c2c175962332f0dbca2acd50b6a4d146c963428b0e9a,,,,,,
BNCI2014_001,fixed_uniform_raw_power,fixed,uniform,raw_power,3,6398,163,5.2536309157763375e-06,0.015760892747329013,,,,6398,2b1b45e4e4a812f6d748c2c175962332f0dbca2acd50b6a4d146c963428b0e9a,,,,,,
BNCI2014_001,fixed_uniform_raw_power,fixed,uniform,raw_power,3,6398,164,5.194218275307826e-06,0.015582654825923479,,,,6398,2b1b45e4e4a812f6d748c2c175962332f0dbca2acd50b6a4d146c963428b0e9a,,,,,,
BNCI2014_001,fixed_uniform_raw_power,fixed,uniform,raw_power,3,6398,165,5.153206862768572e-06,0.015459620588305715,,,,6398,2b1b45e4e4a812f6d748c2c175962332f0dbca2acd50b6a4d146c963428b0e9a,,,,,,
BNCI2014_001,fixed_uniform_raw_power,fixed,uniform,raw_power,3,6398,166,5.1029020878995205e-06,0.015308706263698561,,,,6398,2b1b45e4e4a812f6d748c2c175962332f0dbca2acd50b6a4d146c963428b0e9a,,,,,,
BNCI2014_001,fixed_uniform_raw_power,fixed,uniform,raw_power,3,6398,167,5.029668488857411e-06,0.015089005466572235,,,,6398,2b1b45e4e4a812f6d748c2c175962332f0dbca2acd50b6a4d146c963428b0e9a,,,,,,
BNCI2014_001,fixed_uniform_raw_power,fixed,uniform,raw_power,3,6398,168,4.9752561524244065e-06,0.01492576845727322,,,,6398,2b1b45e4e4a812f6d748c2c175962332f0dbca2acd50b6a4d146c963428b0e9a,,,,,,
BNCI2014_001,fixed_uniform_raw_power,fixed,uniform,raw_power,3,6398,169,4.928742827340705e-06,0.014786228482022113,,,,6398,2b1b45e4e4a812f6d748c2c175962332f0dbca2acd50b6a4d146c963428b0e9a,,,,,,
BNCI2014_001,fixed_uniform_raw_power,fixed,uniform,raw_power,3,6398,170,4.873238699126386e-06,0.014619716097379158,,,,6398,2b1b45e4e4a812f6d748c2c175962332f0dbca2acd50b6a4d146c963428b0e9a,,,,,,
BNCI2014_001,fixed_uniform_raw_power,fixed,uniform,raw_power,3,6398,171,4.810737962404728e-06,0.014432213887214183,,,,6398,2b1b45e4e4a812f6d748c2c175962332f0dbca2acd50b6a4d146c963428b0e9a,,,,,,
BNCI2014_001,fixed_uniform_raw_power,fixed,uniform,raw_power,3,6398,172,4.75752452461918e-06,0.01427257357385754,,,,6398,2b1b45e4e4a812f6d748c2c175962332f0dbca2acd50b6a4d146c963428b0e9a,,,,,,
BNCI2014_001,fixed_uniform_raw_power,fixed,uniform,raw_power,3,6398,173,4.701145802243167e-06,0.0141034374067295,,,,6398,2b1b45e4e4a812f6d748c2c175962332f0dbca2acd50b6a4d146c963428b0e9a,,,,,,
BNCI2014_001,fixed_uniform_raw_power,fixed,uniform,raw_power,3,6398,174,4.648326529540767e-06,0.0139449795886223,,,,6398,2b1b45e4e4a812f6d748c2c175962332f0dbca2acd50b6a4d146c963428b0e9a,,,,,,
BNCI2014_001,fixed_uniform_raw_power,fixed,uniform,raw_power,3,6398,175,4.59935479239098e-06,0.013798064377172941,,,,6398,2b1b45e4e4a812f6d748c2c175962332f0dbca2acd50b6a4d146c963428b0e9a,,,,,,
BNCI2014_001,fixed_uniform_raw_power,fixed,uniform,raw_power,3,6398,176,4.543751172608942e-06,0.013631253517826826,,,,6398,2b1b45e4e4a812f6d748c2c175962332f0dbca2acd50b6a4d146c963428b0e9a,,,,,,
BNCI2014_001,fixed_uniform_raw_power,fixed,uniform,raw_power,3,6398,177,4.520809173658757e-06,0.013562427520976271,,,,6398,2b1b45e4e4a812f6d748c2c175962332f0dbca2acd50b6a4d146c963428b0e9a,,,,,,
BNCI2014_001,fixed_uniform_raw_power,fixed,uniform,raw_power,3,6398,178,4.463544909390851e-06,0.013390634728172554,,,,6398,2b1b45e4e4a812f6d748c2c175962332f0dbca2acd50b6a4d146c963428b0e9a,,,,,,
BNCI2014_001,fixed_uniform_raw_power,fixed,uniform,raw_power,3,6398,179,4.424692835973563e-06,0.013274078507920692,,,,6398,2b1b45e4e4a812f6d748c2c175962332f0dbca2acd50b6a4d146c963428b0e9a,,,,,,
BNCI2014_001,fixed_uniform_raw_power,fixed,uniform,raw_power,3,6398,180,4.374130687603861e-06,0.013122392062811582,,,,6398,2b1b45e4e4a812f6d748c2c175962332f0dbca2acd50b6a4d146c963428b0e9a,,,,,,
BNCI2014_001,fixed_uniform_raw_power,fixed,uniform,raw_power,3,6398,181,4.334633272708192e-06,0.013003899818124576,,,,6398,2b1b45e4e4a812f6d748c2c175962332f0dbca2acd50b6a4d146c963428b0e9a,,,,,,
BNCI2014_001,fixed_uniform_raw_power,fixed,uniform,raw_power,3,6398,182,4.301981184134801e-06,0.012905943552404403,,,,6398,2b1b45e4e4a812f6d748c2c175962332f0dbca2acd50b6a4d146c963428b0e9a,,,,,,
BNCI2014_001,fixed_uniform_raw_power,fixed,uniform,raw_power,3,6398,183,4.260103354705703e-06,0.012780310064117107,,,,6398,2b1b45e4e4a812f6d748c2c175962332f0dbca2acd50b6a4d146c963428b0e9a,,,,,,
BNCI2014_001,fixed_uniform_raw_power,fixed,uniform,raw_power,3,6398,184,4.2056972129057856e-06,0.012617091638717357,,,,6398,2b1b45e4e4a812f6d748c2c175962332f0dbca2acd50b6a4d146c963428b0e9a,,,,,,
BNCI2014_001,fixed_uniform_raw_power,fixed,uniform,raw_power,3,6398,185,4.169718580521686e-06,0.012509155741565059,,,,6398,2b1b45e4e4a812f6d748c2c175962332f0dbca2acd50b6a4d146c963428b0e9a,,,,,,
BNCI2014_001,fixed_uniform_raw_power,fixed,uniform,raw_power,3,6398,186,4.1172829325880804e-06,0.01235184879776424,,,,6398,2b1b45e4e4a812f6d748c2c175962332f0dbca2acd50b6a4d146c963428b0e9a,,,,,,
BNCI2014_001,fixed_uniform_raw_power,fixed,uniform,raw_power,3,6398,187,4.079534679316631e-06,0.012238604037949893,,,,6398,2b1b45e4e4a812f6d748c2c175962332f0dbca2acd50b6a4d146c963428b0e9a,,,,,,
BNCI2014_001,fixed_uniform_raw_power,fixed,uniform,raw_power,3,6398,188,4.053658564969389e-06,0.012160975694908168,,,,6398,2b1b45e4e4a812f6d748c2c175962332f0dbca2acd50b6a4d146c963428b0e9a,,,,,,
BNCI2014_001,fixed_uniform_raw_power,fixed,uniform,raw_power,3,6398,189,4.0210900919440895e-06,0.012063270275832268,,,,6398,2b1b45e4e4a812f6d748c2c175962332f0dbca2acd50b6a4d146c963428b0e9a,,,,,,
BNCI2014_001,fixed_uniform_raw_power,fixed,uniform,raw_power,3,6398,190,3.980990435345033e-06,0.0119429713060351,,,,6398,2b1b45e4e4a812f6d748c2c175962332f0dbca2acd50b6a4d146c963428b0e9a,,,,,,
BNCI2014_001,fixed_uniform_raw_power,fixed,uniform,raw_power,3,6398,191,3.937947233720689e-06,0.011813841701162068,,,,6398,2b1b45e4e4a812f6d748c2c175962332f0dbca2acd50b6a4d146c963428b0e9a,,,,,,
BNCI2014_001,fixed_uniform_raw_power,fixed,uniform,raw_power,3,6398,192,3.897303773465911e-06,0.011691911320397735,,,,6398,2b1b45e4e4a812f6d748c2c175962332f0dbca2acd50b6a4d146c963428b0e9a,,,,,,
BNCI2014_001,fixed_uniform_raw_power,fixed,uniform,raw_power,3,6398,193,3.859022887016087e-06,0.01157706866104826,,,,6398,2b1b45e4e4a812f6d748c2c175962332f0dbca2acd50b6a4d146c963428b0e9a,,,,,,
BNCI2014_001,fixed_uniform_raw_power,fixed,uniform,raw_power,3,6398,194,3.832782501482e-06,0.011498347504446001,,,,6398,2b1b45e4e4a812f6d748c2c175962332f0dbca2acd50b6a4d146c963428b0e9a,,,,,,
BNCI2014_001,fixed_uniform_raw_power,fixed,uniform,raw_power,3,6398,195,3.8018674364924717e-06,0.011405602309477415,,,,6398,2b1b45e4e4a812f6d748c2c175962332f0dbca2acd50b6a4d146c963428b0e9a,,,,,,
BNCI2014_001,fixed_uniform_raw_power,fixed,uniform,raw_power,3,6398,196,3.749885490994039e-06,0.011249656472982116,,,,6398,2b1b45e4e4a812f6d748c2c175962332f0dbca2acd50b6a4d146c963428b0e9a,,,,,,
BNCI2014_001,fixed_uniform_raw_power,fixed,uniform,raw_power,3,6398,197,3.707012122222561e-06,0.011121036366667683,,,,6398,2b1b45e4e4a812f6d748c2c175962332f0dbca2acd50b6a4d146c963428b0e9a,,,,,,
BNCI2014_001,fixed_uniform_raw_power,fixed,uniform,raw_power,3,6398,198,3.667947718909579e-06,0.011003843156728737,,,,6398,2b1b45e4e4a812f6d748c2c175962332f0dbca2acd50b6a4d146c963428b0e9a,,,,,,
BNCI2014_001,fixed_uniform_raw_power,fixed,uniform,raw_power,3,6398,199,3.634814937024438e-06,0.010904444811073314,,,,6398,2b1b45e4e4a812f6d748c2c175962332f0dbca2acd50b6a4d146c963428b0e9a,,,,,,
BNCI2014_001,fixed_uniform_raw_power,fixed,uniform,raw_power,3,6398,200,3.6126557857991025e-06,0.010837967357397307,0.20821217747259876,3.6126557857991025e-06,2.694916155433074e-05,6398,2b1b45e4e4a812f6d748c2c175962332f0dbca2acd50b6a4d146c963428b0e9a,,,,,,1.8898521084338427
BNCI2014_001,fixed_uniform_raw_power,fixed,uniform,raw_power,3,6398,201,3.574817638154426e-06,0.010724452914463277,,,,6398,2b1b45e4e4a812f6d748c2c175962332f0dbca2acd50b6a4d146c963428b0e9a,,,,,,
BNCI2014_001,fixed_uniform_raw_power,fixed,uniform,raw_power,3,6398,202,3.546667848767517e-06,0.01064000354630255,,,,6398,2b1b45e4e4a812f6d748c2c175962332f0dbca2acd50b6a4d146c963428b0e9a,,,,,,
BNCI2014_001,fixed_uniform_raw_power,fixed,uniform,raw_power,3,6398,203,3.5070867215487802e-06,0.010521260164646341,,,,6398,2b1b45e4e4a812f6d748c2c175962332f0dbca2acd50b6a4d146c963428b0e9a,,,,,,
BNCI2014_001,fixed_uniform_raw_power,fixed,uniform,raw_power,3,6398,204,3.48654637544684e-06,0.010459639126340521,,,,6398,2b1b45e4e4a812f6d748c2c175962332f0dbca2acd50b6a4d146c963428b0e9a,,,,,,
BNCI2014_001,fixed_uniform_raw_power,fixed,uniform,raw_power,3,6398,205,3.454847090766273e-06,0.010364541272298819,,,,6398,2b1b45e4e4a812f6d748c2c175962332f0dbca2acd50b6a4d146c963428b0e9a,,,,,,
BNCI2014_001,fixed_uniform_raw_power,fixed,uniform,raw_power,3,6398,206,3.432353077970836e-06,0.010297059233912508,,,,6398,2b1b45e4e4a812f6d748c2c175962332f0dbca2acd50b6a4d146c963428b0e9a,,,,,,
BNCI2014_001,fixed_uniform_raw_power,fixed,uniform,raw_power,3,6398,207,3.4029820179210973e-06,0.010208946053763292,,,,6398,2b1b45e4e4a812f6d748c2c175962332f0dbca2acd50b6a4d146c963428b0e9a,,,,,,
BNCI2014_001,fixed_uniform_raw_power,fixed,uniform,raw_power,3,6398,208,3.3795922749790023e-06,0.010138776824937006,,,,6398,2b1b45e4e4a812f6d748c2c175962332f0dbca2acd50b6a4d146c963428b0e9a,,,,,,
BNCI2014_001,fixed_uniform_raw_power,fixed,uniform,raw_power,3,6398,209,3.360354149316886e-06,0.01008106244795066,,,,6398,2b1b45e4e4a812f6d748c2c175962332f0dbca2acd50b6a4d146c963428b0e9a,,,,,,
BNCI2014_001,fixed_uniform_raw_power,fixed,uniform,raw_power,3,6398,210,3.328960665885886e-06,0.009986881997657657,,,,6398,2b1b45e4e4a812f6d748c2c175962332f0dbca2acd50b6a4d146c963428b0e9a,,,,,,
BNCI2014_001,fixed_uniform_raw_power,fixed,uniform,raw_power,3,6398,211,3.272758241086767e-06,0.0098182747232603,,,,6398,2b1b45e4e4a812f6d748c2c175962332f0dbca2acd50b6a4d146c963428b0e9a,,,,,,
BNCI2014_001,fixed_uniform_raw_power,fixed,uniform,raw_power,3,6398,212,3.2467565789373493e-06,0.009740269736812048,,,,6398,2b1b45e4e4a812f6d748c2c175962332f0dbca2acd50b6a4d146c963428b0e9a,,,,,,
BNCI2014_001,fixed_uniform_raw_power,fixed,uniform,raw_power,3,6398,213,3.213782552508906e-06,0.009641347657526719,,,,6398,2b1b45e4e4a812f6d748c2c175962332f0dbca2acd50b6a4d146c963428b0e9a,,,,,,
BNCI2014_001,fixed_uniform_raw_power,fixed,uniform,raw_power,3,6398,214,3.1889015731506064e-06,0.00956670471945182,,,,6398,2b1b45e4e4a812f6d748c2c175962332f0dbca2acd50b6a4d146c963428b0e9a,,,,,,
BNCI2014_001,fixed_uniform_raw_power,fixed,uniform,raw_power,3,6398,215,3.1797702428144606e-06,0.00953931072844338,,,,6398,2b1b45e4e4a812f6d748c2c175962332f0dbca2acd50b6a4d146c963428b0e9a,,,,,,
BNCI2014_001,fixed_uniform_raw_power,fixed,uniform,raw_power,3,6398,216,3.1417292732222205e-06,0.00942518781966666,,,,6398,2b1b45e4e4a812f6d748c2c175962332f0dbca2acd50b6a4d146c963428b0e9a,,,,,,
BNCI2014_001,fixed_uniform_raw_power,fixed,uniform,raw_power,3,6398,217,3.1247974955714826e-06,0.009374392486714447,,,,6398,2b1b45e4e4a812f6d748c2c175962332f0dbca2acd50b6a4d146c963428b0e9a,,,,,,
BNCI2014_001,fixed_uniform_raw_power,fixed,uniform,raw_power,3,6398,218,3.099284900257256e-06,0.009297854700771768,,,,6398,2b1b45e4e4a812f6d748c2c175962332f0dbca2acd50b6a4d146c963428b0e9a,,,,,,
BNCI2014_001,fixed_uniform_raw_power,fixed,uniform,raw_power,3,6398,219,3.0974404149291084e-06,0.009292321244787325,,,,6398,2b1b45e4e4a812f6d748c2c175962332f0dbca2acd50b6a4d146c963428b0e9a,,,,,,
BNCI2014_001,fixed_uniform_raw_power,fixed,uniform,raw_power,3,6398,220,3.0672186967901404e-06,0.009201656090370422,,,,6398,2b1b45e4e4a812f6d748c2c175962332f0dbca2acd50b6a4d146c963428b0e9a,,,,,,
BNCI2014_001,fixed_uniform_raw_power,fixed,uniform,raw_power,3,6398,221,3.0376447473270057e-06,0.009112934241981016,,,,6398,2b1b45e4e4a812f6d748c2c175962332f0dbca2acd50b6a4d146c963428b0e9a,,,,,,
BNCI2014_001,fixed_uniform_raw_power,fixed,uniform,raw_power,3,6398,222,3.0208309709015313e-06,0.009062492912704593,,,,6398,2b1b45e4e4a812f6d748c2c175962332f0dbca2acd50b6a4d146c963428b0e9a,,,,,,
BNCI2014_001,fixed_uniform_raw_power,fixed,uniform,raw_power,3,6398,223,2.9895766141413632e-06,0.00896872984242409,,,,6398,2b1b45e4e4a812f6d748c2c175962332f0dbca2acd50b6a4d146c963428b0e9a,,,,,,
BNCI2014_001,fixed_uniform_raw_power,fixed,uniform,raw_power,3,6398,224,2.9713629238262844e-06,0.008914088771478855,,,,6398,2b1b45e4e4a812f6d748c2c175962332f0dbca2acd50b6a4d146c963428b0e9a,,,,,,
BNCI2014_001,fixed_uniform_raw_power,fixed,uniform,raw_power,3,6398,225,2.9468949104579827e-06,0.008840684731373949,,,,6398,2b1b45e4e4a812f6d748c2c175962332f0dbca2acd50b6a4d146c963428b0e9a,,,,,,
BNCI2014_001,fixed_uniform_raw_power,fixed,uniform,raw_power,3,6398,226,2.908761498521996e-06,0.008726284495565988,,,,6398,2b1b45e4e4a812f6d748c2c175962332f0dbca2acd50b6a4d146c963428b0e9a,,,,,,
BNCI2014_001,fixed_uniform_raw_power,fixed,uniform,raw_power,3,6398,227,2.899023426861263e-06,0.008697070280583788,,,,6398,2b1b45e4e4a812f6d748c2c175962332f0dbca2acd50b6a4d146c963428b0e9a,,,,,,
BNCI2014_001,fixed_uniform_raw_power,fixed,uniform,raw_power,3,6398,228,2.866553236485674e-06,0.008599659709457022,,,,6398,2b1b45e4e4a812f6d748c2c175962332f0dbca2acd50b6a4d146c963428b0e9a,,,,,,
BNCI2014_001,fixed_uniform_raw_power,fixed,uniform,raw_power,3,6398,229,2.827126500411037e-06,0.008481379501233111,,,,6398,2b1b45e4e4a812f6d748c2c175962332f0dbca2acd50b6a4d146c963428b0e9a,,,,,,
BNCI2014_001,fixed_uniform_raw_power,fixed,uniform,raw_power,3,6398,230,2.8313885722910174e-06,0.008494165716873052,,,,6398,2b1b45e4e4a812f6d748c2c175962332f0dbca2acd50b6a4d146c963428b0e9a,,,,,,
BNCI2014_001,fixed_uniform_raw_power,fixed,uniform,raw_power,3,6398,231,2.796653283288669e-06,0.008389959849866006,,,,6398,2b1b45e4e4a812f6d748c2c175962332f0dbca2acd50b6a4d146c963428b0e9a,,,,,,
BNCI2014_001,fixed_uniform_raw_power,fixed,uniform,raw_power,3,6398,232,2.7774082532129467e-06,0.00833222475963884,,,,6398,2b1b45e4e4a812f6d748c2c175962332f0dbca2acd50b6a4d146c963428b0e9a,,,,,,
BNCI2014_001,fixed_uniform_raw_power,fixed,uniform,raw_power,3,6398,233,2.7519364020760098e-06,0.00825580920622803,,,,6398,2b1b45e4e4a812f6d748c2c175962332f0dbca2acd50b6a4d146c963428b0e9a,,,,,,
BNCI2014_001,fixed_uniform_raw_power,fixed,uniform,raw_power,3,6398,234,2.71653992106915e-06,0.008149619763207449,,,,6398,2b1b45e4e4a812f6d748c2c175962332f0dbca2acd50b6a4d146c963428b0e9a,,,,,,
BNCI2014_001,fixed_uniform_raw_power,fixed,uniform,raw_power,3,6398,235,2.6982259827106868e-06,0.00809467794813206,,,,6398,2b1b45e4e4a812f6d748c2c175962332f0dbca2acd50b6a4d146c963428b0e9a,,,,,,
BNCI2014_001,fixed_uniform_raw_power,fixed,uniform,raw_power,3,6398,236,2.6724039787037457e-06,0.008017211936111237,,,,6398,2b1b45e4e4a812f6d748c2c175962332f0dbca2acd50b6a4d146c963428b0e9a,,,,,,
BNCI2014_001,fixed_uniform_raw_power,fixed,uniform,raw_power,3,6398,237,2.667956023699601e-06,0.008003868071098803,,,,6398,2b1b45e4e4a812f6d748c2c175962332f0dbca2acd50b6a4d146c963428b0e9a,,,,,,
BNCI2014_001,fixed_uniform_raw_power,fixed,uniform,raw_power,3,6398,238,2.656724726952011e-06,0.007970174180856033,,,,6398,2b1b45e4e4a812f6d748c2c175962332f0dbca2acd50b6a4d146c963428b0e9a,,,,,,
BNCI2014_001,fixed_uniform_raw_power,fixed,uniform,raw_power,3,6398,239,2.6258013567922928e-06,0.007877404070376877,,,,6398,2b1b45e4e4a812f6d748c2c175962332f0dbca2acd50b6a4d146c963428b0e9a,,,,,,
BNCI2014_001,fixed_uniform_raw_power,fixed,uniform,raw_power,3,6398,240,2.617579921203173e-06,0.00785273976360952,,,,6398,2b1b45e4e4a812f6d748c2c175962332f0dbca2acd50b6a4d146c963428b0e9a,,,,,,
BNCI2014_001,fixed_uniform_raw_power,fixed,uniform,raw_power,3,6398,241,2.584337037549615e-06,0.007753011112648845,,,,6398,2b1b45e4e4a812f6d748c2c175962332f0dbca2acd50b6a4d146c963428b0e9a,,,,,,
BNCI2014_001,fixed_uniform_raw_power,fixed,uniform,raw_power,3,6398,242,2.5566726509642946e-06,0.007670017952892884,,,,6398,2b1b45e4e4a812f6d748c2c175962332f0dbca2acd50b6a4d146c963428b0e9a,,,,,,
BNCI2014_001,fixed_uniform_raw_power,fixed,uniform,raw_power,3,6398,243,2.5453940124193462e-06,0.00763618203725804,,,,6398,2b1b45e4e4a812f6d748c2c175962332f0dbca2acd50b6a4d146c963428b0e9a,,,,,,
BNCI2014_001,fixed_uniform_raw_power,fixed,uniform,raw_power,3,6398,244,2.530833147487911e-06,0.007592499442463733,,,,6398,2b1b45e4e4a812f6d748c2c175962332f0dbca2acd50b6a4d146c963428b0e9a,,,,,,
BNCI2014_001,fixed_uniform_raw_power,fixed,uniform,raw_power,3,6398,245,2.5186811280081254e-06,0.007556043384024377,,,,6398,2b1b45e4e4a812f6d748c2c175962332f0dbca2acd50b6a4d146c963428b0e9a,,,,,,
BNCI2014_001,fixed_uniform_raw_power,fixed,uniform,raw_power,3,6398,246,2.497272058634437e-06,0.00749181617590331,,,,6398,2b1b45e4e4a812f6d748c2c175962332f0dbca2acd50b6a4d146c963428b0e9a,,,,,,
BNCI2014_001,fixed_uniform_raw_power,fixed,uniform,raw_power,3,6398,247,2.485544717243886e-06,0.007456634151731657,,,,6398,2b1b45e4e4a812f6d748c2c175962332f0dbca2acd50b6a4d146c963428b0e9a,,,,,,
BNCI2014_001,fixed_uniform_raw_power,fixed,uniform,raw_power,3,6398,248,2.4629147838677714e-06,0.007388744351603314,,,,6398,2b1b45e4e4a812f6d748c2c175962332f0dbca2acd50b6a4d146c963428b0e9a,,,,,,
BNCI2014_001,fixed_uniform_raw_power,fixed,uniform,raw_power,3,6398,249,2.4492403916529466e-06,0.00734772117495884,,,,6398,2b1b45e4e4a812f6d748c2c175962332f0dbca2acd50b6a4d146c963428b0e9a,,,,,,
BNCI2014_001,fixed_uniform_raw_power,fixed,uniform,raw_power,3,6398,250,2.416767146064343e-06,0.007250301438193029,,,,6398,2b1b45e4e4a812f6d748c2c175962332f0dbca2acd50b6a4d146c963428b0e9a,,,,,,
BNCI2014_001,fixed_uniform_raw_power,fixed,uniform,raw_power,3,6398,251,2.4125351745497812e-06,0.007237605523649344,,,,6398,2b1b45e4e4a812f6d748c2c175962332f0dbca2acd50b6a4d146c963428b0e9a,,,,,,
BNCI2014_001,fixed_uniform_raw_power,fixed,uniform,raw_power,3,6398,252,2.381607747971827e-06,0.007144823243915481,,,,6398,2b1b45e4e4a812f6d748c2c175962332f0dbca2acd50b6a4d146c963428b0e9a,,,,,,
BNCI2014_001,fixed_uniform_raw_power,fixed,uniform,raw_power,3,6398,253,2.3785006377744395e-06,0.007135501913323318,,,,6398,2b1b45e4e4a812f6d748c2c175962332f0dbca2acd50b6a4d146c963428b0e9a,,,,,,
BNCI2014_001,fixed_uniform_raw_power,fixed,uniform,raw_power,3,6398,254,2.365720562909761e-06,0.007097161688729283,,,,6398,2b1b45e4e4a812f6d748c2c175962332f0dbca2acd50b6a4d146c963428b0e9a,,,,,,
BNCI2014_001,fixed_uniform_raw_power,fixed,uniform,raw_power,3,6398,255,2.3563573690103023e-06,0.007069072107030907,,,,6398,2b1b45e4e4a812f6d748c2c175962332f0dbca2acd50b6a4d146c963428b0e9a,,,,,,
BNCI2014_001,fixed_uniform_raw_power,fixed,uniform,raw_power,3,6398,256,2.342184960140735e-06,0.007026554880422204,,,,6398,2b1b45e4e4a812f6d748c2c175962332f0dbca2acd50b6a4d146c963428b0e9a,,,,,,
BNCI2014_001,fixed_uniform_raw_power,fixed,uniform,raw_power,3,6398,257,2.3285486705829323e-06,0.006985646011748796,,,,6398,2b1b45e4e4a812f6d748c2c175962332f0dbca2acd50b6a4d146c963428b0e9a,,,,,,
BNCI2014_001,fixed_uniform_raw_power,fixed,uniform,raw_power,3,6398,258,2.3092392929409647e-06,0.006927717878822894,,,,6398,2b1b45e4e4a812f6d748c2c175962332f0dbca2acd50b6a4d146c963428b0e9a,,,,,,
BNCI2014_001,fixed_uniform_raw_power,fixed,uniform,raw_power,3,6398,259,2.2945416756483346e-06,0.006883625026945004,,,,6398,2b1b45e4e4a812f6d748c2c175962332f0dbca2acd50b6a4d146c963428b0e9a,,,,,,
BNCI2014_001,fixed_uniform_raw_power,fixed,uniform,raw_power,3,6398,260,2.2764835763389935e-06,0.0068294507290169795,,,,6398,2b1b45e4e4a812f6d748c2c175962332f0dbca2acd50b6a4d146c963428b0e9a,,,,,,
BNCI2014_001,fixed_uniform_raw_power,fixed,uniform,raw_power,3,6398,261,2.264207490256593e-06,0.006792622470769779,,,,6398,2b1b45e4e4a812f6d748c2c175962332f0dbca2acd50b6a4d146c963428b0e9a,,,,,,
BNCI2014_001,fixed_uniform_raw_power,fixed,uniform,raw_power,3,6398,262,2.245540524519211e-06,0.006736621573557633,,,,6398,2b1b45e4e4a812f6d748c2c175962332f0dbca2acd50b6a4d146c963428b0e9a,,,,,,
BNCI2014_001,fixed_uniform_raw_power,fixed,uniform,raw_power,3,6398,263,2.233238811222699e-06,0.006699716433668097,,,,6398,2b1b45e4e4a812f6d748c2c175962332f0dbca2acd50b6a4d146c963428b0e9a,,,,,,
BNCI2014_001,fixed_uniform_raw_power,fixed,uniform,raw_power,3,6398,264,2.2295008944045697e-06,0.006688502683213709,,,,6398,2b1b45e4e4a812f6d748c2c175962332f0dbca2acd50b6a4d146c963428b0e9a,,,,,,
BNCI2014_001,fixed_uniform_raw_power,fixed,uniform,raw_power,3,6398,265,2.2089263045223888e-06,0.006626778913567167,,,,6398,2b1b45e4e4a812f6d748c2c175962332f0dbca2acd50b6a4d146c963428b0e9a,,,,,,
BNCI2014_001,fixed_uniform_raw_power,fixed,uniform,raw_power,3,6398,266,2.1973082858247907e-06,0.006591924857474372,,,,6398,2b1b45e4e4a812f6d748c2c175962332f0dbca2acd50b6a4d146c963428b0e9a,,,,,,
BNCI2014_001,fixed_uniform_raw_power,fixed,uniform,raw_power,3,6398,267,2.183008524133985e-06,0.006549025572401956,,,,6398,2b1b45e4e4a812f6d748c2c175962332f0dbca2acd50b6a4d146c963428b0e9a,,,,,,
BNCI2014_001,fixed_uniform_raw_power,fixed,uniform,raw_power,3,6398,268,2.179293949212035e-06,0.006537881847636104,,,,6398,2b1b45e4e4a812f6d748c2c175962332f0dbca2acd50b6a4d146c963428b0e9a,,,,,,
BNCI2014_001,fixed_uniform_raw_power,fixed,uniform,raw_power,3,6398,269,2.170260049887172e-06,0.0065107801496615166,,,,6398,2b1b45e4e4a812f6d748c2c175962332f0dbca2acd50b6a4d146c963428b0e9a,,,,,,
BNCI2014_001,fixed_uniform_raw_power,fixed,uniform,raw_power,3,6398,270,2.1252688489129595e-06,0.0063758065467388785,,,,6398,2b1b45e4e4a812f6d748c2c175962332f0dbca2acd50b6a4d146c963428b0e9a,,,,,,
BNCI2014_001,fixed_uniform_raw_power,fixed,uniform,raw_power,3,6398,271,2.1103543296619605e-06,0.006331062988985881,,,,6398,2b1b45e4e4a812f6d748c2c175962332f0dbca2acd50b6a4d146c963428b0e9a,,,,,,
BNCI2014_001,fixed_uniform_raw_power,fixed,uniform,raw_power,3,6398,272,2.0845969749426136e-06,0.006253790924827841,,,,6398,2b1b45e4e4a812f6d748c2c175962332f0dbca2acd50b6a4d146c963428b0e9a,,,,,,
BNCI2014_001,fixed_uniform_raw_power,fixed,uniform,raw_power,3,6398,273,2.0625166441873255e-06,0.006187549932561976,,,,6398,2b1b45e4e4a812f6d748c2c175962332f0dbca2acd50b6a4d146c963428b0e9a,,,,,,
BNCI2014_001,fixed_uniform_raw_power,fixed,uniform,raw_power,3,6398,274,2.0572134613853902e-06,0.006171640384156171,,,,6398,2b1b45e4e4a812f6d748c2c175962332f0dbca2acd50b6a4d146c963428b0e9a,,,,,,
BNCI2014_001,fixed_uniform_raw_power,fixed,uniform,raw_power,3,6398,275,2.0499322043610296e-06,0.006149796613083088,,,,6398,2b1b45e4e4a812f6d748c2c175962332f0dbca2acd50b6a4d146c963428b0e9a,,,,,,
BNCI2014_001,fixed_uniform_raw_power,fixed,uniform,raw_power,3,6398,276,2.040605043599509e-06,0.0061218151307985275,,,,6398,2b1b45e4e4a812f6d748c2c175962332f0dbca2acd50b6a4d146c963428b0e9a,,,,,,
BNCI2014_001,fixed_uniform_raw_power,fixed,uniform,raw_power,3,6398,277,2.0365977574451505e-06,0.006109793272335452,,,,6398,2b1b45e4e4a812f6d748c2c175962332f0dbca2acd50b6a4d146c963428b0e9a,,,,,,
BNCI2014_001,fixed_uniform_raw_power,fixed,uniform,raw_power,3,6398,278,2.040573308364456e-06,0.006121719925093368,,,,6398,2b1b45e4e4a812f6d748c2c175962332f0dbca2acd50b6a4d146c963428b0e9a,,,,,,
BNCI2014_001,fixed_uniform_raw_power,fixed,uniform,raw_power,3,6398,279,2.0184795895190556e-06,0.0060554387685571665,,,,6398,2b1b45e4e4a812f6d748c2c175962332f0dbca2acd50b6a4d146c963428b0e9a,,,,,,
BNCI2014_001,fixed_uniform_raw_power,fixed,uniform,raw_power,3,6398,280,2.0026004160774717e-06,0.006007801248232416,,,,6398,2b1b45e4e4a812f6d748c2c175962332f0dbca2acd50b6a4d146c963428b0e9a,,,,,,
BNCI2014_001,fixed_uniform_raw_power,fixed,uniform,raw_power,3,6398,281,1.9689767862811984e-06,0.005906930358843596,,,,6398,2b1b45e4e4a812f6d748c2c175962332f0dbca2acd50b6a4d146c963428b0e9a,,,,,,
BNCI2014_001,fixed_uniform_raw_power,fixed,uniform,raw_power,3,6398,282,1.9517376023406763e-06,0.005855212807022029,,,,6398,2b1b45e4e4a812f6d748c2c175962332f0dbca2acd50b6a4d146c963428b0e9a,,,,,,
BNCI2014_001,fixed_uniform_raw_power,fixed,uniform,raw_power,3,6398,283,1.940470724200773e-06,0.0058214121726023185,,,,6398,2b1b45e4e4a812f6d748c2c175962332f0dbca2acd50b6a4d146c963428b0e9a,,,,,,
BNCI2014_001,fixed_uniform_raw_power,fixed,uniform,raw_power,3,6398,284,1.9296575968041246e-06,0.005788972790412374,,,,6398,2b1b45e4e4a812f6d748c2c175962332f0dbca2acd50b6a4d146c963428b0e9a,,,,,,
BNCI2014_001,fixed_uniform_raw_power,fixed,uniform,raw_power,3,6398,285,1.9129498983969864e-06,0.005738849695190959,,,,6398,2b1b45e4e4a812f6d748c2c175962332f0dbca2acd50b6a4d146c963428b0e9a,,,,,,
BNCI2014_001,fixed_uniform_raw_power,fixed,uniform,raw_power,3,6398,286,1.9046402607679045e-06,0.005713920782303713,,,,6398,2b1b45e4e4a812f6d748c2c175962332f0dbca2acd50b6a4d146c963428b0e9a,,,,,,
BNCI2014_001,fixed_uniform_raw_power,fixed,uniform,raw_power,3,6398,287,1.8892039180930695e-06,0.005667611754279209,,,,6398,2b1b45e4e4a812f6d748c2c175962332f0dbca2acd50b6a4d146c963428b0e9a,,,,,,
BNCI2014_001,fixed_uniform_raw_power,fixed,uniform,raw_power,3,6398,288,1.8713172968268853e-06,0.005613951890480655,,,,6398,2b1b45e4e4a812f6d748c2c175962332f0dbca2acd50b6a4d146c963428b0e9a,,,,,,
BNCI2014_001,fixed_uniform_raw_power,fixed,uniform,raw_power,3,6398,289,1.8704700362288478e-06,0.005611410108686544,,,,6398,2b1b45e4e4a812f6d748c2c175962332f0dbca2acd50b6a4d146c963428b0e9a,,,,,,
BNCI2014_001,fixed_uniform_raw_power,fixed,uniform,raw_power,3,6398,290,1.844858349989955e-06,0.005534575049969866,,,,6398,2b1b45e4e4a812f6d748c2c175962332f0dbca2acd50b6a4d146c963428b0e9a,,,,,,
BNCI2014_001,fixed_uniform_raw_power,fixed,uniform,raw_power,3,6398,291,1.8367312563728692e-06,0.005510193769118608,,,,6398,2b1b45e4e4a812f6d748c2c175962332f0dbca2acd50b6a4d146c963428b0e9a,,,,,,
BNCI2014_001,fixed_uniform_raw_power,fixed,uniform,raw_power,3,6398,292,1.8225025969568853e-06,0.005467507790870656,,,,6398,2b1b45e4e4a812f6d748c2c175962332f0dbca2acd50b6a4d146c963428b0e9a,,,,,,
BNCI2014_001,fixed_uniform_raw_power,fixed,uniform,raw_power,3,6398,293,1.8121714916030087e-06,0.005436514474809026,,,,6398,2b1b45e4e4a812f6d748c2c175962332f0dbca2acd50b6a4d146c963428b0e9a,,,,,,
BNCI2014_001,fixed_uniform_raw_power,fixed,uniform,raw_power,3,6398,294,1.8277050302794954e-06,0.005483115090838486,,,,6398,2b1b45e4e4a812f6d748c2c175962332f0dbca2acd50b6a4d146c963428b0e9a,,,,,,
BNCI2014_001,fixed_uniform_raw_power,fixed,uniform,raw_power,3,6398,295,1.8125328849065125e-06,0.005437598654719537,,,,6398,2b1b45e4e4a812f6d748c2c175962332f0dbca2acd50b6a4d146c963428b0e9a,,,,,,
BNCI2014_001,fixed_uniform_raw_power,fixed,uniform,raw_power,3,6398,296,1.7905988354878664e-06,0.005371796506463599,,,,6398,2b1b45e4e4a812f6d748c2c175962332f0dbca2acd50b6a4d146c963428b0e9a,,,,,,
BNCI2014_001,fixed_uniform_raw_power,fixed,uniform,raw_power,3,6398,297,1.7802408405259613e-06,0.005340722521577883,,,,6398,2b1b45e4e4a812f6d748c2c175962332f0dbca2acd50b6a4d146c963428b0e9a,,,,,,
BNCI2014_001,fixed_uniform_raw_power,fixed,uniform,raw_power,3,6398,298,1.767436059129972e-06,0.005302308177389916,,,,6398,2b1b45e4e4a812f6d748c2c175962332f0dbca2acd50b6a4d146c963428b0e9a,,,,,,
BNCI2014_001,fixed_uniform_raw_power,fixed,uniform,raw_power,3,6398,299,1.729752497088368e-06,0.005189257491265104,,,,6398,2b1b45e4e4a812f6d748c2c175962332f0dbca2acd50b6a4d146c963428b0e9a,,,,,,
BNCI2014_001,fixed_uniform_raw_power,fixed,uniform,raw_power,3,6398,300,1.720978677559901e-06,0.0051629360326797035,0.10209844985708579,1.720978677559901e-06,2.2607069623609523e-05,6398,2b1b45e4e4a812f6d748c2c175962332f0dbca2acd50b6a4d146c963428b0e9a,,,,,,1.7176989931613207
BNCI2014_001,fixed_uniform_raw_power,fixed,uniform,raw_power,3,6398,301,1.7030920076018145e-06,0.005109276022805444,,,,6398,2b1b45e4e4a812f6d748c2c175962332f0dbca2acd50b6a4d146c963428b0e9a,,,,,,
BNCI2014_001,fixed_uniform_raw_power,fixed,uniform,raw_power,3,6398,302,1.6985601232087204e-06,0.005095680369626161,,,,6398,2b1b45e4e4a812f6d748c2c175962332f0dbca2acd50b6a4d146c963428b0e9a,,,,,,
BNCI2014_001,fixed_uniform_raw_power,fixed,uniform,raw_power,3,6398,303,1.692192322237779e-06,0.005076576966713337,,,,6398,2b1b45e4e4a812f6d748c2c175962332f0dbca2acd50b6a4d146c963428b0e9a,,,,,,
BNCI2014_001,fixed_uniform_raw_power,fixed,uniform,raw_power,3,6398,304,1.6677537316475663e-06,0.005003261194942699,,,,6398,2b1b45e4e4a812f6d748c2c175962332f0dbca2acd50b6a4d146c963428b0e9a,,,,,,
BNCI2014_001,fixed_uniform_raw_power,fixed,uniform,raw_power,3,6398,305,1.6708247383328472e-06,0.005012474214998542,,,,6398,2b1b45e4e4a812f6d748c2c175962332f0dbca2acd50b6a4d146c963428b0e9a,,,,,,
BNCI2014_001,fixed_uniform_raw_power,fixed,uniform,raw_power,3,6398,306,1.6465042299850907e-06,0.004939512689955272,,,,6398,2b1b45e4e4a812f6d748c2c175962332f0dbca2acd50b6a4d146c963428b0e9a,,,,,,
BNCI2014_001,fixed_uniform_raw_power,fixed,uniform,raw_power,3,6398,307,1.6410380047526212e-06,0.004923114014257863,,,,6398,2b1b45e4e4a812f6d748c2c175962332f0dbca2acd50b6a4d146c963428b0e9a,,,,,,
BNCI2014_001,fixed_uniform_raw_power,fixed,uniform,raw_power,3,6398,308,1.6367289597274838e-06,0.004910186879182451,,,,6398,2b1b45e4e4a812f6d748c2c175962332f0dbca2acd50b6a4d146c963428b0e9a,,,,,,
BNCI2014_001,fixed_uniform_raw_power,fixed,uniform,raw_power,3,6398,309,1.652274736957687e-06,0.0049568242108730615,,,,6398,2b1b45e4e4a812f6d748c2c175962332f0dbca2acd50b6a4d146c963428b0e9a,,,,,,
BNCI2014_001,fixed_uniform_raw_power,fixed,uniform,raw_power,3,6398,310,1.6414739683188208e-06,0.004924421904956462,,,,6398,2b1b45e4e4a812f6d748c2c175962332f0dbca2acd50b6a4d146c963428b0e9a,,,,,,
BNCI2014_001,fixed_uniform_raw_power,fixed,uniform,raw_power,3,6398,311,1.6480485433058504e-06,0.004944145629917551,,,,6398,2b1b45e4e4a812f6d748c2c175962332f0dbca2acd50b6a4d146c963428b0e9a,,,,,,
BNCI2014_001,fixed_uniform_raw_power,fixed,uniform,raw_power,3,6398,312,1.6405081751154835e-06,0.00492152452534645,,,,6398,2b1b45e4e4a812f6d748c2c175962332f0dbca2acd50b6a4d146c963428b0e9a,,,,,,
BNCI2014_001,fixed_uniform_raw_power,fixed,uniform,raw_power,3,6398,313,1.6413094403157533e-06,0.00492392832094726,,,,6398,2b1b45e4e4a812f6d748c2c175962332f0dbca2acd50b6a4d146c963428b0e9a,,,,,,
BNCI2014_001,fixed_uniform_raw_power,fixed,uniform,raw_power,3,6398,314,1.6363055443883529e-06,0.004908916633165059,,,,6398,2b1b45e4e4a812f6d748c2c175962332f0dbca2acd50b6a4d146c963428b0e9a,,,,,,
BNCI2014_001,fixed_uniform_raw_power,fixed,uniform,raw_power,3,6398,315,1.634069678796492e-06,0.004902209036389476,,,,6398,2b1b45e4e4a812f6d748c2c175962332f0dbca2acd50b6a4d146c963428b0e9a,,,,,,
BNCI2014_001,fixed_uniform_raw_power,fixed,uniform,raw_power,3,6398,316,1.6270631393471356e-06,0.004881189418041406,,,,6398,2b1b45e4e4a812f6d748c2c175962332f0dbca2acd50b6a4d146c963428b0e9a,,,,,,
BNCI2014_001,fixed_uniform_raw_power,fixed,uniform,raw_power,3,6398,317,1.6221792704009425e-06,0.004866537811202827,,,,6398,2b1b45e4e4a812f6d748c2c175962332f0dbca2acd50b6a4d146c963428b0e9a,,,,,,
BNCI2014_001,fixed_uniform_raw_power,fixed,uniform,raw_power,3,6398,318,1.6203514656444648e-06,0.004861054396933395,,,,6398,2b1b45e4e4a812f6d748c2c175962332f0dbca2acd50b6a4d146c963428b0e9a,,,,,,
BNCI2014_001,fixed_uniform_raw_power,fixed,uniform,raw_power,3,6398,319,1.607585291731646e-06,0.004822755875194938,,,,6398,2b1b45e4e4a812f6d748c2c175962332f0dbca2acd50b6a4d146c963428b0e9a,,,,,,
BNCI2014_001,fixed_uniform_raw_power,fixed,uniform,raw_power,3,6398,320,1.6124465426819111e-06,0.004837339628045734,,,,6398,2b1b45e4e4a812f6d748c2c175962332f0dbca2acd50b6a4d146c963428b0e9a,,,,,,
BNCI2014_001,fixed_uniform_raw_power,fixed,uniform,raw_power,3,6398,321,1.6027515459414858e-06,0.004808254637824457,,,,6398,2b1b45e4e4a812f6d748c2c175962332f0dbca2acd50b6a4d146c963428b0e9a,,,,,,
BNCI2014_001,fixed_uniform_raw_power,fixed,uniform,raw_power,3,6398,322,1.5988624679007534e-06,0.00479658740370226,,,,6398,2b1b45e4e4a812f6d748c2c175962332f0dbca2acd50b6a4d146c963428b0e9a,,,,,,
BNCI2014_001,fixed_uniform_raw_power,fixed,uniform,raw_power,3,6398,323,1.576916373898753e-06,0.004730749121696259,,,,6398,2b1b45e4e4a812f6d748c2c175962332f0dbca2acd50b6a4d146c963428b0e9a,,,,,,
BNCI2014_001,fixed_uniform_raw_power,fixed,uniform,raw_power,3,6398,324,1.5523773771310893e-06,0.004657132131393268,,,,6398,2b1b45e4e4a812f6d748c2c175962332f0dbca2acd50b6a4d146c963428b0e9a,,,,,,
BNCI2014_001,fixed_uniform_raw_power,fixed,uniform,raw_power,3,6398,325,1.5377276365380715e-06,0.004613182909614214,,,,6398,2b1b45e4e4a812f6d748c2c175962332f0dbca2acd50b6a4d146c963428b0e9a,,,,,,
BNCI2014_001,fixed_uniform_raw_power,fixed,uniform,raw_power,3,6398,326,1.526707367011591e-06,0.004580122101034773,,,,6398,2b1b45e4e4a812f6d748c2c175962332f0dbca2acd50b6a4d146c963428b0e9a,,,,,,
BNCI2014_001,fixed_uniform_raw_power,fixed,uniform,raw_power,3,6398,327,1.524804420201291e-06,0.004574413260603873,,,,6398,2b1b45e4e4a812f6d748c2c175962332f0dbca2acd50b6a4d146c963428b0e9a,,,,,,
BNCI2014_001,fixed_uniform_raw_power,fixed,uniform,raw_power,3,6398,328,1.5136104930659689e-06,0.004540831479197907,,,,6398,2b1b45e4e4a812f6d748c2c175962332f0dbca2acd50b6a4d146c963428b0e9a,,,,,,
BNCI2014_001,fixed_uniform_raw_power,fixed,uniform,raw_power,3,6398,329,1.509127102035889e-06,0.004527381306107667,,,,6398,2b1b45e4e4a812f6d748c2c175962332f0dbca2acd50b6a4d146c963428b0e9a,,,,,,
BNCI2014_001,fixed_uniform_raw_power,fixed,uniform,raw_power,3,6398,330,1.4950790028175538e-06,0.004485237008452662,,,,6398,2b1b45e4e4a812f6d748c2c175962332f0dbca2acd50b6a4d146c963428b0e9a,,,,,,
BNCI2014_001,fixed_uniform_raw_power,fixed,uniform,raw_power,3,6398,331,1.481048597678274e-06,0.004443145793034822,,,,6398,2b1b45e4e4a812f6d748c2c175962332f0dbca2acd50b6a4d146c963428b0e9a,,,,,,
BNCI2014_001,fixed_uniform_raw_power,fixed,uniform,raw_power,3,6398,332,1.486710247213e-06,0.004460130741639,,,,6398,2b1b45e4e4a812f6d748c2c175962332f0dbca2acd50b6a4d146c963428b0e9a,,,,,,
BNCI2014_001,fixed_uniform_raw_power,fixed,uniform,raw_power,3,6398,333,1.471031371149346e-06,0.0044130941134480385,,,,6398,2b1b45e4e4a812f6d748c2c175962332f0dbca2acd50b6a4d146c963428b0e9a,,,,,,
BNCI2014_001,fixed_uniform_raw_power,fixed,uniform,raw_power,3,6398,334,1.5064035808608664e-06,0.004519210742582599,,,,6398,2b1b45e4e4a812f6d748c2c175962332f0dbca2acd50b6a4d146c963428b0e9a,,,,,,
BNCI2014_001,fixed_uniform_raw_power,fixed,uniform,raw_power,3,6398,335,1.4802488916470136e-06,0.00444074667494104,,,,6398,2b1b45e4e4a812f6d748c2c175962332f0dbca2acd50b6a4d146c963428b0e9a,,,,,,
BNCI2014_001,fixed_uniform_raw_power,fixed,uniform,raw_power,3,6398,336,1.4830605175579722e-06,0.004449181552673917,,,,6398,2b1b45e4e4a812f6d748c2c175962332f0dbca2acd50b6a4d146c963428b0e9a,,,,,,
BNCI2014_001,fixed_uniform_raw_power,fixed,uniform,raw_power,3,6398,337,1.4636037671964422e-06,0.004390811301589326,,,,6398,2b1b45e4e4a812f6d748c2c175962332f0dbca2acd50b6a4d146c963428b0e9a,,,,,,
BNCI2014_001,fixed_uniform_raw_power,fixed,uniform,raw_power,3,6398,338,1.457826669808222e-06,0.004373480009424666,,,,6398,2b1b45e4e4a812f6d748c2c175962332f0dbca2acd50b6a4d146c963428b0e9a,,,,,,
BNCI2014_001,fixed_uniform_raw_power,fixed,uniform,raw_power,3,6398,339,1.475533233577442e-06,0.004426599700732325,,,,6398,2b1b45e4e4a812f6d748c2c175962332f0dbca2acd50b6a4d146c963428b0e9a,,,,,,
BNCI2014_001,fixed_uniform_raw_power,fixed,uniform,raw_power,3,6398,340,1.4644892363003846e-06,0.004393467708901154,,,,6398,2b1b45e4e4a812f6d748c2c175962332f0dbca2acd50b6a4d146c963428b0e9a,,,,,,
BNCI2014_001,fixed_uniform_raw_power,fixed,uniform,raw_power,3,6398,341,1.4630735374730978e-06,0.004389220612419294,,,,6398,2b1b45e4e4a812f6d748c2c175962332f0dbca2acd50b6a4d146c963428b0e9a,,,,,,
BNCI2014_001,fixed_uniform_raw_power,fixed,uniform,raw_power,3,6398,342,1.4362425709702637e-06,0.004308727712910791,,,,6398,2b1b45e4e4a812f6d748c2c175962332f0dbca2acd50b6a4d146c963428b0e9a,,,,,,
BNCI2014_001,fixed_uniform_raw_power,fixed,uniform,raw_power,3,6398,343,1.4489447847370297e-06,0.004346834354211088,,,,6398,2b1b45e4e4a812f6d748c2c175962332f0dbca2acd50b6a4d146c963428b0e9a,,,,,,
BNCI2014_001,fixed_uniform_raw_power,fixed,uniform,raw_power,3,6398,344,1.4374962348316876e-06,0.004312488704495063,,,,6398,2b1b45e4e4a812f6d748c2c175962332f0dbca2acd50b6a4d146c963428b0e9a,,,,,,
BNCI2014_001,fixed_uniform_raw_power,fixed,uniform,raw_power,3,6398,345,1.432198858426866e-06,0.004296596575280597,,,,6398,2b1b45e4e4a812f6d748c2c175962332f0dbca2acd50b6a4d146c963428b0e9a,,,,,,
BNCI2014_001,fixed_uniform_raw_power,fixed,uniform,raw_power,3,6398,346,1.4156143307849727e-06,0.0042468429923549185,,,,6398,2b1b45e4e4a812f6d748c2c175962332f0dbca2acd50b6a4d146c963428b0e9a,,,,,,
BNCI2014_001,fixed_uniform_raw_power,fixed,uniform,raw_power,3,6398,347,1.403825053680922e-06,0.004211475161042766,,,,6398,2b1b45e4e4a812f6d748c2c175962332f0dbca2acd50b6a4d146c963428b0e9a,,,,,,
BNCI2014_001,fixed_uniform_raw_power,fixed,uniform,raw_power,3,6398,348,1.4057260789114357e-06,0.004217178236734307,,,,6398,2b1b45e4e4a812f6d748c2c175962332f0dbca2acd50b6a4d146c963428b0e9a,,,,,,
BNCI2014_001,fixed_uniform_raw_power,fixed,uniform,raw_power,3,6398,349,1.3736531127163718e-06,0.004120959338149116,,,,6398,2b1b45e4e4a812f6d748c2c175962332f0dbca2acd50b6a4d146c963428b0e9a,,,,,,
BNCI2014_001,fixed_uniform_raw_power,fixed,uniform,raw_power,3,6398,350,1.3777661005917739e-06,0.004133298301775321,,,,6398,2b1b45e4e4a812f6d748c2c175962332f0dbca2acd50b6a4d146c963428b0e9a,,,,,,
BNCI2014_001,fixed_uniform_raw_power,fixed,uniform,raw_power,3,6398,351,1.38356212446123e-06,0.00415068637338369,,,,6398,2b1b45e4e4a812f6d748c2c175962332f0dbca2acd50b6a4d146c963428b0e9a,,,,,,
BNCI2014_001,fixed_uniform_raw_power,fixed,uniform,raw_power,3,6398,352,1.3648148506529302e-06,0.00409444455195879,,,,6398,2b1b45e4e4a812f6d748c2c175962332f0dbca2acd50b6a4d146c963428b0e9a,,,,,,
BNCI2014_001,fixed_uniform_raw_power,fixed,uniform,raw_power,3,6398,353,1.3497149729562564e-06,0.0040491449188687694,,,,6398,2b1b45e4e4a812f6d748c2c175962332f0dbca2acd50b6a4d146c963428b0e9a,,,,,,
BNCI2014_001,fixed_uniform_raw_power,fixed,uniform,raw_power,3,6398,354,1.3305480092126182e-06,0.003991644027637855,,,,6398,2b1b45e4e4a812f6d748c2c175962332f0dbca2acd50b6a4d146c963428b0e9a,,,,,,
BNCI2014_001,fixed_uniform_raw_power,fixed,uniform,raw_power,3,6398,355,1.3234211791559893e-06,0.003970263537467968,,,,6398,2b1b45e4e4a812f6d748c2c175962332f0dbca2acd50b6a4d146c963428b0e9a,,,,,,
BNCI2014_001,fixed_uniform_raw_power,fixed,uniform,raw_power,3,6398,356,1.3073313384815244e-06,0.003921994015444573,,,,6398,2b1b45e4e4a812f6d748c2c175962332f0dbca2acd50b6a4d146c963428b0e9a,,,,,,
BNCI2014_001,fixed_uniform_raw_power,fixed,uniform,raw_power,3,6398,357,1.2996521783900457e-06,0.0038989565351701372,,,,6398,2b1b45e4e4a812f6d748c2c175962332f0dbca2acd50b6a4d146c963428b0e9a,,,,,,
BNCI2014_001,fixed_uniform_raw_power,fixed,uniform,raw_power,3,6398,358,1.293628154215999e-06,0.0038808844626479965,,,,6398,2b1b45e4e4a812f6d748c2c175962332f0dbca2acd50b6a4d146c963428b0e9a,,,,,,
BNCI2014_001,fixed_uniform_raw_power,fixed,uniform,raw_power,3,6398,359,1.2933542083425013e-06,0.003880062625027504,,,,6398,2b1b45e4e4a812f6d748c2c175962332f0dbca2acd50b6a4d146c963428b0e9a,,,,,,
BNCI2014_001,fixed_uniform_raw_power,fixed,uniform,raw_power,3,6398,360,1.2957815570707025e-06,0.003887344671212107,,,,6398,2b1b45e4e4a812f6d748c2c175962332f0dbca2acd50b6a4d146c963428b0e9a,,,,,,
BNCI2014_001,fixed_uniform_raw_power,fixed,uniform,raw_power,3,6398,361,1.3000526007259552e-06,0.0039001578021778654,,,,6398,2b1b45e4e4a812f6d748c2c175962332f0dbca2acd50b6a4d146c963428b0e9a,,,,,,
BNCI2014_001,fixed_uniform_raw_power,fixed,uniform,raw_power,3,6398,362,1.2879044566017894e-06,0.003863713369805368,,,,6398,2b1b45e4e4a812f6d748c2c175962332f0dbca2acd50b6a4d146c963428b0e9a,,,,,,
BNCI2014_001,fixed_uniform_raw_power,fixed,uniform,raw_power,3,6398,363,1.2792272959791474e-06,0.0038376818879374422,,,,6398,2b1b45e4e4a812f6d748c2c175962332f0dbca2acd50b6a4d146c963428b0e9a,,,,,,
BNCI2014_001,fixed_uniform_raw_power,fixed,uniform,raw_power,3,6398,364,1.3016513111073473e-06,0.003904953933322042,,,,6398,2b1b45e4e4a812f6d748c2c175962332f0dbca2acd50b6a4d146c963428b0e9a,,,,,,
BNCI2014_001,fixed_uniform_raw_power,fixed,uniform,raw_power,3,6398,365,1.3152252172419696e-06,0.003945675651725909,,,,6398,2b1b45e4e4a812f6d748c2c175962332f0dbca2acd50b6a4d146c963428b0e9a,,,,,,
BNCI2014_001,fixed_uniform_raw_power,fixed,uniform,raw_power,3,6398,366,1.3213601218992172e-06,0.003964080365697651,,,,6398,2b1b45e4e4a812f6d748c2c175962332f0dbca2acd50b6a4d146c963428b0e9a,,,,,,
BNCI2014_001,fixed_uniform_raw_power,fixed,uniform,raw_power,3,6398,367,1.3082789958700712e-06,0.003924836987610213,,,,6398,2b1b45e4e4a812f6d748c2c175962332f0dbca2acd50b6a4d146c963428b0e9a,,,,,,
BNCI2014_001,fixed_uniform_raw_power,fixed,uniform,raw_power,3,6398,368,1.3079583867345413e-06,0.003923875160203624,,,,6398,2b1b45e4e4a812f6d748c2c175962332f0dbca2acd50b6a4d146c963428b0e9a,,,,,,
BNCI2014_001,fixed_uniform_raw_power,fixed,uniform,raw_power,3,6398,369,1.3013711123623266e-06,0.0039041133370869793,,,,6398,2b1b45e4e4a812f6d748c2c175962332f0dbca2acd50b6a4d146c963428b0e9a,,,,,,
BNCI2014_001,fixed_uniform_raw_power,fixed,uniform,raw_power,3,6398,370,1.292519033786606e-06,0.003877557101359818,,,,6398,2b1b45e4e4a812f6d748c2c175962332f0dbca2acd50b6a4d146c963428b0e9a,,,,,,
BNCI2014_001,fixed_uniform_raw_power,fixed,uniform,raw_power,3,6398,371,1.300347682426566e-06,0.0039010430472796987,,,,6398,2b1b45e4e4a812f6d748c2c175962332f0dbca2acd50b6a4d146c963428b0e9a,,,,,,
BNCI2014_001,fixed_uniform_raw_power,fixed,uniform,raw_power,3,6398,372,1.3065640681853715e-06,0.003919692204556114,,,,6398,2b1b45e4e4a812f6d748c2c175962332f0dbca2acd50b6a4d146c963428b0e9a,,,,,,
BNCI2014_001,fixed_uniform_raw_power,fixed,uniform,raw_power,3,6398,373,1.2941474025472775e-06,0.0038824422076418324,,,,6398,2b1b45e4e4a812f6d748c2c175962332f0dbca2acd50b6a4d146c963428b0e9a,,,,,,
BNCI2014_001,fixed_uniform_raw_power,fixed,uniform,raw_power,3,6398,374,1.2753655867498067e-06,0.00382609676024942,,,,6398,2b1b45e4e4a812f6d748c2c175962332f0dbca2acd50b6a4d146c963428b0e9a,,,,,,
BNCI2014_001,fixed_uniform_raw_power,fixed,uniform,raw_power,3,6398,375,1.2584837231084618e-06,0.0037754511693253853,,,,6398,2b1b45e4e4a812f6d748c2c175962332f0dbca2acd50b6a4d146c963428b0e9a,,,,,,
BNCI2014_001,fixed_uniform_raw_power,fixed,uniform,raw_power,3,6398,376,1.2455154535096816e-06,0.003736546360529045,,,,6398,2b1b45e4e4a812f6d748c2c175962332f0dbca2acd50b6a4d146c963428b0e9a,,,,,,
BNCI2014_001,fixed_uniform_raw_power,fixed,uniform,raw_power,3,6398,377,1.2511935733790217e-06,0.003753580720137065,,,,6398,2b1b45e4e4a812f6d748c2c175962332f0dbca2acd50b6a4d146c963428b0e9a,,,,,,
BNCI2014_001,fixed_uniform_raw_power,fixed,uniform,raw_power,3,6398,378,1.2518673293287585e-06,0.003755601987986275,,,,6398,2b1b45e4e4a812f6d748c2c175962332f0dbca2acd50b6a4d146c963428b0e9a,,,,,,
BNCI2014_001,fixed_uniform_raw_power,fixed,uniform,raw_power,3,6398,379,1.2596171434259534e-06,0.00377885143027786,,,,6398,2b1b45e4e4a812f6d748c2c175962332f0dbca2acd50b6a4d146c963428b0e9a,,,,,,
BNCI2014_001,fixed_uniform_raw_power,fixed,uniform,raw_power,3,6398,380,1.263685552299448e-06,0.0037910566568983436,,,,6398,2b1b45e4e4a812f6d748c2c175962332f0dbca2acd50b6a4d146c963428b0e9a,,,,,,
BNCI2014_001,fixed_uniform_raw_power,fixed,uniform,raw_power,3,6398,381,1.2412676867422518e-06,0.003723803060226755,,,,6398,2b1b45e4e4a812f6d748c2c175962332f0dbca2acd50b6a4d146c963428b0e9a,,,,,,
BNCI2014_001,fixed_uniform_raw_power,fixed,uniform,raw_power,3,6398,382,1.2450534429490827e-06,0.003735160328847248,,,,6398,2b1b45e4e4a812f6d748c2c175962332f0dbca2acd50b6a4d146c963428b0e9a,,,,,,
BNCI2014_001,fixed_uniform_raw_power,fixed,uniform,raw_power,3,6398,383,1.2244030359014743e-06,0.003673209107704423,,,,6398,2b1b45e4e4a812f6d748c2c175962332f0dbca2acd50b6a4d146c963428b0e9a,,,,,,
BNCI2014_001,fixed_uniform_raw_power,fixed,uniform,raw_power,3,6398,384,1.2110414511804219e-06,0.0036331243535412654,,,,6398,2b1b45e4e4a812f6d748c2c175962332f0dbca2acd50b6a4d146c963428b0e9a,,,,,,
BNCI2014_001,fixed_uniform_raw_power,fixed,uniform,raw_power,3,6398,385,1.1893613294737604e-06,0.0035680839884212807,,,,6398,2b1b45e4e4a812f6d748c2c175962332f0dbca2acd50b6a4d146c963428b0e9a,,,,,,
BNCI2014_001,fixed_uniform_raw_power,fixed,uniform,raw_power,3,6398,386,1.2165048839746297e-06,0.003649514651923889,,,,6398,2b1b45e4e4a812f6d748c2c175962332f0dbca2acd50b6a4d146c963428b0e9a,,,,,,
BNCI2014_001,fixed_uniform_raw_power,fixed,uniform,raw_power,3,6398,387,1.219526494967996e-06,0.0036585794849039884,,,,6398,2b1b45e4e4a812f6d748c2c175962332f0dbca2acd50b6a4d146c963428b0e9a,,,,,,
BNCI2014_001,fixed_uniform_raw_power,fixed,uniform,raw_power,3,6398,388,1.2325433513681602e-06,0.0036976300541044804,,,,6398,2b1b45e4e4a812f6d748c2c175962332f0dbca2acd50b6a4d146c963428b0e9a,,,,,,
BNCI2014_001,fixed_uniform_raw_power,fixed,uniform,raw_power,3,6398,389,1.2048620556781142e-06,0.0036145861670343424,,,,6398,2b1b45e4e4a812f6d748c2c175962332f0dbca2acd50b6a4d146c963428b0e9a,,,,,,
BNCI2014_001,fixed_uniform_raw_power,fixed,uniform,raw_power,3,6398,390,1.2201241667621314e-06,0.0036603725002863946,,,,6398,2b1b45e4e4a812f6d748c2c175962332f0dbca2acd50b6a4d146c963428b0e9a,,,,,,
BNCI2014_001,fixed_uniform_raw_power,fixed,uniform,raw_power,3,6398,391,1.1997595125206945e-06,0.003599278537562083,,,,6398,2b1b45e4e4a812f6d748c2c175962332f0dbca2acd50b6a4d146c963428b0e9a,,,,,,
BNCI2014_001,fixed_uniform_raw_power,fixed,uniform,raw_power,3,6398,392,1.1693051272963218e-06,0.0035079153818889657,,,,6398,2b1b45e4e4a812f6d748c2c175962332f0dbca2acd50b6a4d146c963428b0e9a,,,,,,
BNCI2014_001,fixed_uniform_raw_power,fixed,uniform,raw_power,3,6398,393,1.1713552411197616e-06,0.0035140657233592846,,,,6398,2b1b45e4e4a812f6d748c2c175962332f0dbca2acd50b6a4d146c963428b0e9a,,,,,,
BNCI2014_001,fixed_uniform_raw_power,fixed,uniform,raw_power,3,6398,394,1.1768822580676918e-06,0.0035306467742030763,,,,6398,2b1b45e4e4a812f6d748c2c175962332f0dbca2acd50b6a4d146c963428b0e9a,,,,,,
BNCI2014_001,fixed_uniform_raw_power,fixed,uniform,raw_power,3,6398,395,1.1783594886132629e-06,0.003535078465839789,,,,6398,2b1b45e4e4a812f6d748c2c175962332f0dbca2acd50b6a4d146c963428b0e9a,,,,,,
BNCI2014_001,fixed_uniform_raw_power,fixed,uniform,raw_power,3,6398,396,1.171276374652424e-06,0.003513829123957272,,,,6398,2b1b45e4e4a812f6d748c2c175962332f0dbca2acd50b6a4d146c963428b0e9a,,,,,,
BNCI2014_001,fixed_uniform_raw_power,fixed,uniform,raw_power,3,6398,397,1.16752168260156e-06,0.00350256504780468,,,,6398,2b1b45e4e4a812f6d748c2c175962332f0dbca2acd50b6a4d146c963428b0e9a,,,,,,
BNCI2014_001,fixed_uniform_raw_power,fixed,uniform,raw_power,3,6398,398,1.162200414813746e-06,0.0034866012444412374,,,,6398,2b1b45e4e4a812f6d748c2c175962332f0dbca2acd50b6a4d146c963428b0e9a,,,,,,
BNCI2014_001,fixed_uniform_raw_power,fixed,uniform,raw_power,3,6398,399,1.1390436057426663e-06,0.003417130817227999,,,,6398,2b1b45e4e4a812f6d748c2c175962332f0dbca2acd50b6a4d146c963428b0e9a,,,,,,
BNCI2014_001,fixed_uniform_raw_power,fixed,uniform,raw_power,3,6398,400,1.135713149282692e-06,0.003407139447848076,0.07811178355306735,1.135713149282692e-06,2.1158571732626753e-05,6398,2b1b45e4e4a812f6d748c2c175962332f0dbca2acd50b6a4d146c963428b0e9a,,,,,,3.220893908292055
BNCI2014_001,fixed_uniform_raw_power,fixed,uniform,raw_power,3,6398,401,1.1275015960051507e-06,0.0033825047880154517,,,,6398,2b1b45e4e4a812f6d748c2c175962332f0dbca2acd50b6a4d146c963428b0e9a,,,,,,
BNCI2014_001,fixed_uniform_raw_power,fixed,uniform,raw_power,3,6398,402,1.1168922961718542e-06,0.0033506768885155623,,,,6398,2b1b45e4e4a812f6d748c2c175962332f0dbca2acd50b6a4d146c963428b0e9a,,,,,,
BNCI2014_001,fixed_uniform_raw_power,fixed,uniform,raw_power,3,6398,403,1.1225250819318392e-06,0.0033675752457955174,,,,6398,2b1b45e4e4a812f6d748c2c175962332f0dbca2acd50b6a4d146c963428b0e9a,,,,,,
BNCI2014_001,fixed_uniform_raw_power,fixed,uniform,raw_power,3,6398,404,1.122466021570566e-06,0.003367398064711698,,,,6398,2b1b45e4e4a812f6d748c2c175962332f0dbca2acd50b6a4d146c963428b0e9a,,,,,,
BNCI2014_001,fixed_uniform_raw_power,fixed,uniform,raw_power,3,6398,405,1.1161311843429785e-06,0.0033483935530289354,,,,6398,2b1b45e4e4a812f6d748c2c175962332f0dbca2acd50b6a4d146c963428b0e9a,,,,,,
BNCI2014_001,fixed_uniform_raw_power,fixed,uniform,raw_power,3,6398,406,1.1013073451542237e-06,0.003303922035462671,,,,6398,2b1b45e4e4a812f6d748c2c175962332f0dbca2acd50b6a4d146c963428b0e9a,,,,,,
BNCI2014_001,fixed_uniform_raw_power,fixed,uniform,raw_power,3,6398,407,1.09633962729031e-06,0.00328901888187093,,,,6398,2b1b45e4e4a812f6d748c2c175962332f0dbca2acd50b6a4d146c963428b0e9a,,,,,,
BNCI2014_001,fixed_uniform_raw_power,fixed,uniform,raw_power,3,6398,408,1.0962083520985845e-06,0.0032886250562957535,,,,6398,2b1b45e4e4a812f6d748c2c175962332f0dbca2acd50b6a4d146c963428b0e9a,,,,,,
BNCI2014_001,fixed_uniform_raw_power,fixed,uniform,raw_power,3,6398,409,1.097187435845304e-06,0.0032915623075359117,,,,6398,2b1b45e4e4a812f6d748c2c175962332f0dbca2acd50b6a4d146c963428b0e9a,,,,,,
BNCI2014_001,fixed_uniform_raw_power,fixed,uniform,raw_power,3,6398,410,1.1187392208122688e-06,0.003356217662436806,,,,6398,2b1b45e4e4a812f6d748c2c175962332f0dbca2acd50b6a4d146c963428b0e9a,,,,,,
BNCI2014_001,fixed_uniform_raw_power,fixed,uniform,raw_power,3,6398,411,1.1102698816940868e-06,0.0033308096450822603,,,,6398,2b1b45e4e4a812f6d748c2c175962332f0dbca2acd50b6a4d146c963428b0e9a,,,,,,
BNCI2014_001,fixed_uniform_raw_power,fixed,uniform,raw_power,3,6398,412,1.1089721871460843e-06,0.0033269165614382527,,,,6398,2b1b45e4e4a812f6d748c2c175962332f0dbca2acd50b6a4d146c963428b0e9a,,,,,,
BNCI2014_001,fixed_uniform_raw_power,fixed,uniform,raw_power,3,6398,413,1.0956600899942933e-06,0.00328698026998288,,,,6398,2b1b45e4e4a812f6d748c2c175962332f0dbca2acd50b6a4d146c963428b0e9a,,,,,,
BNCI2014_001,fixed_uniform_raw_power,fixed,uniform,raw_power,3,6398,414,1.0988232478781096e-06,0.003296469743634329,,,,6398,2b1b45e4e4a812f6d748c2c175962332f0dbca2acd50b6a4d146c963428b0e9a,,,,,,
BNCI2014_001,fixed_uniform_raw_power,fixed,uniform,raw_power,3,6398,415,1.0838220158649202e-06,0.0032514660475947608,,,,6398,2b1b45e4e4a812f6d748c2c175962332f0dbca2acd50b6a4d146c963428b0e9a,,,,,,
BNCI2014_001,fixed_uniform_raw_power,fixed,uniform,raw_power,3,6398,416,1.091339063219037e-06,0.0032740171896571114,,,,6398,2b1b45e4e4a812f6d748c2c175962332f0dbca2acd50b6a4d146c963428b0e9a,,,,,,
BNCI2014_001,fixed_uniform_raw_power,fixed,uniform,raw_power,3,6398,417,1.099016462465652e-06,0.003297049387396956,,,,6398,2b1b45e4e4a812f6d748c2c175962332f0dbca2acd50b6a4d146c963428b0e9a,,,,,,
BNCI2014_001,fixed_uniform_raw_power,fixed,uniform,raw_power,3,6398,418,1.1094658217322046e-06,0.003328397465196614,,,,6398,2b1b45e4e4a812f6d748c2c175962332f0dbca2acd50b6a4d146c963428b0e9a,,,,,,
BNCI2014_001,fixed_uniform_raw_power,fixed,uniform,raw_power,3,6398,419,1.0759618223970358e-06,0.0032278854671911076,,,,6398,2b1b45e4e4a812f6d748c2c175962332f0dbca2acd50b6a4d146c963428b0e9a,,,,,,
BNCI2014_001,fixed_uniform_raw_power,fixed,uniform,raw_power,3,6398,420,1.0679860100576955e-06,0.0032039580301730865,,,,6398,2b1b45e4e4a812f6d748c2c175962332f0dbca2acd50b6a4d146c963428b0e9a,,,,,,
BNCI2014_001,fixed_uniform_raw_power,fixed,uniform,raw_power,3,6398,421,1.0978913691248878e-06,0.0032936741073746633,,,,6398,2b1b45e4e4a812f6d748c2c175962332f0dbca2acd50b6a4d146c963428b0e9a,,,,,,
BNCI2014_001,fixed_uniform_raw_power,fixed,uniform,raw_power,3,6398,422,1.0749809635024343e-06,0.0032249428905073026,,,,6398,2b1b45e4e4a812f6d748c2c175962332f0dbca2acd50b6a4d146c963428b0e9a,,,,,,
BNCI2014_001,fixed_uniform_raw_power,fixed,uniform,raw_power,3,6398,423,1.0739022425097744e-06,0.0032217067275293236,,,,6398,2b1b45e4e4a812f6d748c2c175962332f0dbca2acd50b6a4d146c963428b0e9a,,,,,,
BNCI2014_001,fixed_uniform_raw_power,fixed,uniform,raw_power,3,6398,424,1.0921285786287903e-06,0.0032763857358863707,,,,6398,2b1b45e4e4a812f6d748c2c175962332f0dbca2acd50b6a4d146c963428b0e9a,,,,,,
BNCI2014_001,fixed_uniform_raw_power,fixed,uniform,raw_power,3,6398,425,1.0831847966354667e-06,0.0032495543899064,,,,6398,2b1b45e4e4a812f6d748c2c175962332f0dbca2acd50b6a4d146c963428b0e9a,,,,,,
BNCI2014_001,fixed_uniform_raw_power,fixed,uniform,raw_power,3,6398,426,1.0714142500971374e-06,0.003214242750291412,,,,6398,2b1b45e4e4a812f6d748c2c175962332f0dbca2acd50b6a4d146c963428b0e9a,,,,,,
BNCI2014_001,fixed_uniform_raw_power,fixed,uniform,raw_power,3,6398,427,1.090133300936203e-06,0.0032703999028086085,,,,6398,2b1b45e4e4a812f6d748c2c175962332f0dbca2acd50b6a4d146c963428b0e9a,,,,,,
BNCI2014_001,fixed_uniform_raw_power,fixed,uniform,raw_power,3,6398,428,1.0848035259467083e-06,0.003254410577840125,,,,6398,2b1b45e4e4a812f6d748c2c175962332f0dbca2acd50b6a4d146c963428b0e9a,,,,,,
BNCI2014_001,fixed_uniform_raw_power,fixed,uniform,raw_power,3,6398,429,1.0647585452152917e-06,0.0031942756356458752,,,,6398,2b1b45e4e4a812f6d748c2c175962332f0dbca2acd50b6a4d146c963428b0e9a,,,,,,
BNCI2014_001,fixed_uniform_raw_power,fixed,uniform,raw_power,3,6398,430,1.0501715997525489e-06,0.0031505147992576463,,,,6398,2b1b45e4e4a812f6d748c2c175962332f0dbca2acd50b6a4d146c963428b0e9a,,,,,,
BNCI2014_001,fixed_uniform_raw_power,fixed,uniform,raw_power,3,6398,431,1.0494721917912998e-06,0.0031484165753739,,,,6398,2b1b45e4e4a812f6d748c2c175962332f0dbca2acd50b6a4d146c963428b0e9a,,,,,,
BNCI2014_001,fixed_uniform_raw_power,fixed,uniform,raw_power,3,6398,432,1.0281922060226135e-06,0.00308457661806784,,,,6398,2b1b45e4e4a812f6d748c2c175962332f0dbca2acd50b6a4d146c963428b0e9a,,,,,,
BNCI2014_001,fixed_uniform_raw_power,fixed,uniform,raw_power,3,6398,433,1.0129528976918762e-06,0.003038858693075629,,,,6398,2b1b45e4e4a812f6d748c2c175962332f0dbca2acd50b6a4d146c963428b0e9a,,,,,,
BNCI2014_001,fixed_uniform_raw_power,fixed,uniform,raw_power,3,6398,434,1.0314165325617461e-06,0.0030942495976852384,,,,6398,2b1b45e4e4a812f6d748c2c175962332f0dbca2acd50b6a4d146c963428b0e9a,,,,,,
BNCI2014_001,fixed_uniform_raw_power,fixed,uniform,raw_power,3,6398,435,1.017441131379952e-06,0.003052323394139856,,,,6398,2b1b45e4e4a812f6d748c2c175962332f0dbca2acd50b6a4d146c963428b0e9a,,,,,,
BNCI2014_001,fixed_uniform_raw_power,fixed,uniform,raw_power,3,6398,436,1.012016168784123e-06,0.003036048506352369,,,,6398,2b1b45e4e4a812f6d748c2c175962332f0dbca2acd50b6a4d146c963428b0e9a,,,,,,
BNCI2014_001,fixed_uniform_raw_power,fixed,uniform,raw_power,3,6398,437,1.0408480547572063e-06,0.0031225441642716185,,,,6398,2b1b45e4e4a812f6d748c2c175962332f0dbca2acd50b6a4d146c963428b0e9a,,,,,,
BNCI2014_001,fixed_uniform_raw_power,fixed,uniform,raw_power,3,6398,438,1.0549828887784796e-06,0.003164948666335439,,,,6398,2b1b45e4e4a812f6d748c2c175962332f0dbca2acd50b6a4d146c963428b0e9a,,,,,,
BNCI2014_001,fixed_uniform_raw_power,fixed,uniform,raw_power,3,6398,439,1.0357282959717365e-06,0.003107184887915209,,,,6398,2b1b45e4e4a812f6d748c2c175962332f0dbca2acd50b6a4d146c963428b0e9a,,,,,,
BNCI2014_001,fixed_uniform_raw_power,fixed,uniform,raw_power,3,6398,440,1.042089057720748e-06,0.0031262671731622435,,,,6398,2b1b45e4e4a812f6d748c2c175962332f0dbca2acd50b6a4d146c963428b0e9a,,,,,,
BNCI2014_001,fixed_uniform_raw_power,fixed,uniform,raw_power,3,6398,441,1.0353192492737595e-06,0.0031059577478212788,,,,6398,2b1b45e4e4a812f6d748c2c175962332f0dbca2acd50b6a4d146c963428b0e9a,,,,,,
BNCI2014_001,fixed_uniform_raw_power,fixed,uniform,raw_power,3,6398,442,1.0152637360551327e-06,0.0030457912081653976,,,,6398,2b1b45e4e4a812f6d748c2c175962332f0dbca2acd50b6a4d146c963428b0e9a,,,,,,
BNCI2014_001,fixed_uniform_raw_power,fixed,uniform,raw_power,3,6398,443,1.0158983347798844e-06,0.003047695004339653,,,,6398,2b1b45e4e4a812f6d748c2c175962332f0dbca2acd50b6a4d146c963428b0e9a,,,,,,
BNCI2014_001,fixed_uniform_raw_power,fixed,uniform,raw_power,3,6398,444,1.0023270085835621e-06,0.0030069810257506865,,,,6398,2b1b45e4e4a812f6d748c2c175962332f0dbca2acd50b6a4d146c963428b0e9a,,,,,,
BNCI2014_001,fixed_uniform_raw_power,fixed,uniform,raw_power,3,6398,445,9.826648622320834e-07,0.0029479945866962504,,,,6398,2b1b45e4e4a812f6d748c2c175962332f0dbca2acd50b6a4d146c963428b0e9a,,,,,,
BNCI2014_001,fixed_uniform_raw_power,fixed,uniform,raw_power,3,6398,446,9.755210656114806e-07,0.0029265631968344416,,,,6398,2b1b45e4e4a812f6d748c2c175962332f0dbca2acd50b6a4d146c963428b0e9a,,,,,,
BNCI2014_001,fixed_uniform_raw_power,fixed,uniform,raw_power,3,6398,447,9.65884930545365e-07,0.0028976547916360947,,,,6398,2b1b45e4e4a812f6d748c2c175962332f0dbca2acd50b6a4d146c963428b0e9a,,,,,,
BNCI2014_001,fixed_uniform_raw_power,fixed,uniform,raw_power,3,6398,448,9.66382688406779e-07,0.0028991480652203368,,,,6398,2b1b45e4e4a812f6d748c2c175962332f0dbca2acd50b6a4d146c963428b0e9a,,,,,,
BNCI2014_001,fixed_uniform_raw_power,fixed,uniform,raw_power,3,6398,449,9.666159902980027e-07,0.0028998479708940077,,,,6398,2b1b45e4e4a812f6d748c2c175962332f0dbca2acd50b6a4d146c963428b0e9a,,,,,,
BNCI2014_001,fixed_uniform_raw_power,fixed,uniform,raw_power,3,6398,450,9.723448598250298e-07,0.002917034579475089,,,,6398,2b1b45e4e4a812f6d748c2c175962332f0dbca2acd50b6a4d146c963428b0e9a,,,,,,
BNCI2014_001,fixed_uniform_raw_power,fixed,uniform,raw_power,3,6398,451,9.868840299873808e-07,0.0029606520899621426,,,,6398,2b1b45e4e4a812f6d748c2c175962332f0dbca2acd50b6a4d146c963428b0e9a,,,,,,
BNCI2014_001,fixed_uniform_raw_power,fixed,uniform,raw_power,3,6398,452,9.849293799400967e-07,0.0029547881398202898,,,,6398,2b1b45e4e4a812f6d748c2c175962332f0dbca2acd50b6a4d146c963428b0e9a,,,,,,
BNCI2014_001,fixed_uniform_raw_power,fixed,uniform,raw_power,3,6398,453,9.72988658146521e-07,0.002918965974439563,,,,6398,2b1b45e4e4a812f6d748c2c175962332f0dbca2acd50b6a4d146c963428b0e9a,,,,,,
BNCI2014_001,fixed_uniform_raw_power,fixed,uniform,raw_power,3,6398,454,9.620385367893262e-07,0.0028861156103679787,,,,6398,2b1b45e4e4a812f6d748c2c175962332f0dbca2acd50b6a4d146c963428b0e9a,,,,,,
BNCI2014_001,fixed_uniform_raw_power,fixed,uniform,raw_power,3,6398,455,9.60518497143117e-07,0.0028815554914293517,,,,6398,2b1b45e4e4a812f6d748c2c175962332f0dbca2acd50b6a4d146c963428b0e9a,,,,,,
BNCI2014_001,fixed_uniform_raw_power,fixed,uniform,raw_power,3,6398,456,9.7099585602421e-07,0.00291298756807263,,,,6398,2b1b45e4e4a812f6d748c2c175962332f0dbca2acd50b6a4d146c963428b0e9a,,,,,,
BNCI2014_001,fixed_uniform_raw_power,fixed,uniform,raw_power,3,6398,457,9.61405990384931e-07,0.002884217971154793,,,,6398,2b1b45e4e4a812f6d748c2c175962332f0dbca2acd50b6a4d146c963428b0e9a,,,,,,
BNCI2014_001,fixed_uniform_raw_power,fixed,uniform,raw_power,3,6398,458,9.630372951763072e-07,0.0028891118855289217,,,,6398,2b1b45e4e4a812f6d748c2c175962332f0dbca2acd50b6a4d146c963428b0e9a,,,,,,
BNCI2014_001,fixed_uniform_raw_power,fixed,uniform,raw_power,3,6398,459,9.829752426544267e-07,0.00294892572796328,,,,6398,2b1b45e4e4a812f6d748c2c175962332f0dbca2acd50b6a4d146c963428b0e9a,,,,,,
BNCI2014_001,fixed_uniform_raw_power,fixed,uniform,raw_power,3,6398,460,9.855389595605934e-07,0.00295661687868178,,,,6398,2b1b45e4e4a812f6d748c2c175962332f0dbca2acd50b6a4d146c963428b0e9a,,,,,,
BNCI2014_001,fixed_uniform_raw_power,fixed,uniform,raw_power,3,6398,461,9.860722827452253e-07,0.002958216848235676,,,,6398,2b1b45e4e4a812f6d748c2c175962332f0dbca2acd50b6a4d146c963428b0e9a,,,,,,
BNCI2014_001,fixed_uniform_raw_power,fixed,uniform,raw_power,3,6398,462,9.693549806588118e-07,0.0029080649419764354,,,,6398,2b1b45e4e4a812f6d748c2c175962332f0dbca2acd50b6a4d146c963428b0e9a,,,,,,
BNCI2014_001,fixed_uniform_raw_power,fixed,uniform,raw_power,3,6398,463,9.745253437350352e-07,0.0029235760312051056,,,,6398,2b1b45e4e4a812f6d748c2c175962332f0dbca2acd50b6a4d146c963428b0e9a,,,,,,
BNCI2014_001,fixed_uniform_raw_power,fixed,uniform,raw_power,3,6398,464,9.65910035487813e-07,0.002897730106463439,,,,6398,2b1b45e4e4a812f6d748c2c175962332f0dbca2acd50b6a4d146c963428b0e9a,,,,,,
BNCI2014_001,fixed_uniform_raw_power,fixed,uniform,raw_power,3,6398,465,9.834082618929199e-07,0.0029502247856787595,,,,6398,2b1b45e4e4a812f6d748c2c175962332f0dbca2acd50b6a4d146c963428b0e9a,,,,,,
BNCI2014_001,fixed_uniform_raw_power,fixed,uniform,raw_power,3,6398,466,9.708496723174127e-07,0.0029125490169522377,,,,6398,2b1b45e4e4a812f6d748c2c175962332f0dbca2acd50b6a4d146c963428b0e9a,,,,,,
BNCI2014_001,fixed_uniform_raw_power,fixed,uniform,raw_power,3,6398,467,9.5798438580056e-07,0.00287395315740168,,,,6398,2b1b45e4e4a812f6d748c2c175962332f0dbca2acd50b6a4d146c963428b0e9a,,,,,,
BNCI2014_001,fixed_uniform_raw_power,fixed,uniform,raw_power,3,6398,468,9.432496202869136e-07,0.0028297488608607403,,,,6398,2b1b45e4e4a812f6d748c2c175962332f0dbca2acd50b6a4d146c963428b0e9a,,,,,,
BNCI2014_001,fixed_uniform_raw_power,fixed,uniform,raw_power,3,6398,469,9.54016169889824e-07,0.002862048509669472,,,,6398,2b1b45e4e4a812f6d748c2c175962332f0dbca2acd50b6a4d146c963428b0e9a,,,,,,
BNCI2014_001,fixed_uniform_raw_power,fixed,uniform,raw_power,3,6398,470,9.396711671093982e-07,0.0028190135013281947,,,,6398,2b1b45e4e4a812f6d748c2c175962332f0dbca2acd50b6a4d146c963428b0e9a,,,,,,
BNCI2014_001,fixed_uniform_raw_power,fixed,uniform,raw_power,3,6398,471,9.42028643177411e-07,0.002826085929532233,,,,6398,2b1b45e4e4a812f6d748c2c175962332f0dbca2acd50b6a4d146c963428b0e9a,,,,,,
BNCI2014_001,fixed_uniform_raw_power,fixed,uniform,raw_power,3,6398,472,9.439209557122976e-07,0.002831762867136893,,,,6398,2b1b45e4e4a812f6d748c2c175962332f0dbca2acd50b6a4d146c963428b0e9a,,,,,,
BNCI2014_001,fixed_uniform_raw_power,fixed,uniform,raw_power,3,6398,473,9.327794762525099e-07,0.0027983384287575295,,,,6398,2b1b45e4e4a812f6d748c2c175962332f0dbca2acd50b6a4d146c963428b0e9a,,,,,,
BNCI2014_001,fixed_uniform_raw_power,fixed,uniform,raw_power,3,6398,474,9.229971531245855e-07,0.0027689914593737566,,,,6398,2b1b45e4e4a812f6d748c2c175962332f0dbca2acd50b6a4d146c963428b0e9a,,,,,,
BNCI2014_001,fixed_uniform_raw_power,fixed,uniform,raw_power,3,6398,475,9.197982169305802e-07,0.0027593946507917405,,,,6398,2b1b45e4e4a812f6d748c2c175962332f0dbca2acd50b6a4d146c963428b0e9a,,,,,,
BNCI2014_001,fixed_uniform_raw_power,fixed,uniform,raw_power,3,6398,476,9.059564187458249e-07,0.0027178692562374747,,,,6398,2b1b45e4e4a812f6d748c2c175962332f0dbca2acd50b6a4d146c963428b0e9a,,,,,,
BNCI2014_001,fixed_uniform_raw_power,fixed,uniform,raw_power,3,6398,477,9.150861273404189e-07,0.0027452583820212566,,,,6398,2b1b45e4e4a812f6d748c2c175962332f0dbca2acd50b6a4d146c963428b0e9a,,,,,,
BNCI2014_001,fixed_uniform_raw_power,fixed,uniform,raw_power,3,6398,478,8.991288782330944e-07,0.0026973866346992835,,,,6398,2b1b45e4e4a812f6d748c2c175962332f0dbca2acd50b6a4d146c963428b0e9a,,,,,,
BNCI2014_001,fixed_uniform_raw_power,fixed,uniform,raw_power,3,6398,479,9.32445280848614e-07,0.0027973358425458423,,,,6398,2b1b45e4e4a812f6d748c2c175962332f0dbca2acd50b6a4d146c963428b0e9a,,,,,,
BNCI2014_001,fixed_uniform_raw_power,fixed,uniform,raw_power,3,6398,480,9.160989867977157e-07,0.002748296960393147,,,,6398,2b1b45e4e4a812f6d748c2c175962332f0dbca2acd50b6a4d146c963428b0e9a,,,,,,
BNCI2014_001,fixed_uniform_raw_power,fixed,uniform,raw_power,3,6398,481,9.217400808606217e-07,0.0027652202425818653,,,,6398,2b1b45e4e4a812f6d748c2c175962332f0dbca2acd50b6a4d146c963428b0e9a,,,,,,
BNCI2014_001,fixed_uniform_raw_power,fixed,uniform,raw_power,3,6398,482,9.141006451087982e-07,0.0027423019353263944,,,,6398,2b1b45e4e4a812f6d748c2c175962332f0dbca2acd50b6a4d146c963428b0e9a,,,,,,
BNCI2014_001,fixed_uniform_raw_power,fixed,uniform,raw_power,3,6398,483,9.339488239738497e-07,0.002801846471921549,,,,6398,2b1b45e4e4a812f6d748c2c175962332f0dbca2acd50b6a4d146c963428b0e9a,,,,,,
BNCI2014_001,fixed_uniform_raw_power,fixed,uniform,raw_power,3,6398,484,9.067050309114695e-07,0.002720115092734408,,,,6398,2b1b45e4e4a812f6d748c2c175962332f0dbca2acd50b6a4d146c963428b0e9a,,,,,,
BNCI2014_001,fixed_uniform_raw_power,fixed,uniform,raw_power,3,6398,485,8.960774052437326e-07,0.002688232215731198,,,,6398,2b1b45e4e4a812f6d748c2c175962332f0dbca2acd50b6a4d146c963428b0e9a,,,,,,
BNCI2014_001,fixed_uniform_raw_power,fixed,uniform,raw_power,3,6398,486,8.981576319351087e-07,0.002694472895805326,,,,6398,2b1b45e4e4a812f6d748c2c175962332f0dbca2acd50b6a4d146c963428b0e9a,,,,,,
BNCI2014_001,fixed_uniform_raw_power,fixed,uniform,raw_power,3,6398,487,9.356655669386024e-07,0.0028069967008158073,,,,6398,2b1b45e4e4a812f6d748c2c175962332f0dbca2acd50b6a4d146c963428b0e9a,,,,,,
BNCI2014_001,fixed_uniform_raw_power,fixed,uniform,raw_power,3,6398,488,9.122384074727908e-07,0.0027367152224183726,,,,6398,2b1b45e4e4a812f6d748c2c175962332f0dbca2acd50b6a4d146c963428b0e9a,,,,,,
BNCI2014_001,fixed_uniform_raw_power,fixed,uniform,raw_power,3,6398,489,8.960396919269177e-07,0.0026881190757807533,,,,6398,2b1b45e4e4a812f6d748c2c175962332f0dbca2acd50b6a4d146c963428b0e9a,,,,,,
BNCI2014_001,fixed_uniform_raw_power,fixed,uniform,raw_power,3,6398,490,8.840902058917667e-07,0.0026522706176753,,,,6398,2b1b45e4e4a812f6d748c2c175962332f0dbca2acd50b6a4d146c963428b0e9a,,,,,,
BNCI2014_001,fixed_uniform_raw_power,fixed,uniform,raw_power,3,6398,491,8.738553391680659e-07,0.002621566017504198,,,,6398,2b1b45e4e4a812f6d748c2c175962332f0dbca2acd50b6a4d146c963428b0e9a,,,,,,
BNCI2014_001,fixed_uniform_raw_power,fixed,uniform,raw_power,3,6398,492,8.821251857389946e-07,0.002646375557216984,,,,6398,2b1b45e4e4a812f6d748c2c175962332f0dbca2acd50b6a4d146c963428b0e9a,,,,,,
BNCI2014_001,fixed_uniform_raw_power,fixed,uniform,raw_power,3,6398,493,8.876018848471351e-07,0.0026628056545414053,,,,6398,2b1b45e4e4a812f6d748c2c175962332f0dbca2acd50b6a4d146c963428b0e9a,,,,,,
BNCI2014_001,fixed_uniform_raw_power,fixed,uniform,raw_power,3,6398,494,8.823724291324879e-07,0.0026471172873974635,,,,6398,2b1b45e4e4a812f6d748c2c175962332f0dbca2acd50b6a4d146c963428b0e9a,,,,,,
BNCI2014_001,fixed_uniform_raw_power,fixed,uniform,raw_power,3,6398,495,8.761447155279767e-07,0.0026284341465839297,,,,6398,2b1b45e4e4a812f6d748c2c175962332f0dbca2acd50b6a4d146c963428b0e9a,,,,,,
BNCI2014_001,fixed_uniform_raw_power,fixed,uniform,raw_power,3,6398,496,8.515193917017766e-07,0.0025545581751053297,,,,6398,2b1b45e4e4a812f6d748c2c175962332f0dbca2acd50b6a4d146c963428b0e9a,,,,,,
BNCI2014_001,fixed_uniform_raw_power,fixed,uniform,raw_power,3,6398,497,8.588669875692828e-07,0.002576600962707849,,,,6398,2b1b45e4e4a812f6d748c2c175962332f0dbca2acd50b6a4d146c963428b0e9a,,,,,,
BNCI2014_001,fixed_uniform_raw_power,fixed,uniform,raw_power,3,6398,498,8.548369171847698e-07,0.002564510751554309,,,,6398,2b1b45e4e4a812f6d748c2c175962332f0dbca2acd50b6a4d146c963428b0e9a,,,,,,
BNCI2014_001,fixed_uniform_raw_power,fixed,uniform,raw_power,3,6398,499,8.491051824063816e-07,0.002547315547219145,,,,6398,2b1b45e4e4a812f6d748c2c175962332f0dbca2acd50b6a4d146c963428b0e9a,,,,,,
BNCI2014_001,fixed_uniform_raw_power,fixed,uniform,raw_power,3,6398,500,,,0.05880547327118928,8.630416810801124e-07,2.0311207487484875e-05,6398,2b1b45e4e4a812f6d748c2c175962332f0dbca2acd50b6a4d146c963428b0e9a,,,,,,1.8286060076206923
