method,seed,control,learning_rate,target_step_norm,epoch,eval_independent_sw,train_power_loss,gradient_norm,update_norm,seconds_cum,diverged
sw,6398,lr_grid,0.01,,0,2.7664906210783244,7.6132430482085205,0.686692605761752,0.00686692605761752,0.001112647820264101,False
sw,6398,lr_grid,0.01,,10,2.758217235578437,8.187482600779253,0.7420851761533521,0.007420851761533521,0.010774372844025493,False
sw,6398,lr_grid,0.01,,20,2.749560836250123,7.184696832934453,0.654104972291376,0.00654104972291376,0.02032618992961943,False
sw,6398,lr_grid,0.01,,30,2.7413691363733683,7.202325582062031,0.6553099682845633,0.006553099682845633,0.029922235757112503,False
sw,6398,lr_grid,0.01,,40,2.732926939782009,7.713800656547795,0.70474838708639,0.0070474838708639,0.03947692387737334,False
sw,6398,lr_grid,0.01,,50,2.7243861547951633,6.534197176188818,0.603031285013318,0.0060303128501331795,0.04901328543201089,False
sw,6398,lr_grid,0.01,,60,2.7159186812372726,7.43722136953821,0.683039452455128,0.00683039452455128,0.05857851612381637,False
sw,6398,lr_grid,0.01,,70,2.707415643975461,7.194457347653984,0.6633917082304484,0.006633917082304484,0.06806593132205307,False
sw,6398,lr_grid,0.01,,80,2.6986858126723305,7.50012304483422,0.6950472128857756,0.006950472128857757,0.07767319236882031,False
sw,6398,lr_grid,0.01,,90,2.690281246248713,6.867040136794321,0.639870917005227,0.006398709170052271,0.08740698196925223,False
sw,6398,lr_grid,0.01,,100,2.682008898111385,,,,0.09592925710603595,False
sw,6398,lr_grid,0.03,,0,2.7664906210783244,7.6132430482085205,0.686692605761752,0.02060077817285256,0.001075961859896779,False
sw,6398,lr_grid,0.03,,10,2.741738586699832,8.090106198150641,0.7376398193241958,0.02212919457972587,0.010685923509299755,False
sw,6398,lr_grid,0.03,,20,2.7160002985065996,7.010626247635087,0.6460822772832745,0.01938246831849823,0.02016182104125619,False
sw,6398,lr_grid,0.03,,30,2.69179531190062,6.944376780164785,0.6433798321996371,0.019301394965989115,0.02969095786102116,False
sw,6398,lr_grid,0.03,,40,2.6670030768134247,7.346205144512367,0.6876273967051973,0.02062882190115592,0.039287094958126545,False
sw,6398,lr_grid,0.03,,50,2.6420793267679605,6.146317305467112,0.5847571757586298,0.017542715272758896,0.04884759383276105,False
sw,6398,lr_grid,0.03,,60,2.6175254744192697,6.908483922336061,0.6581236268231377,0.01974370880469413,0.0584425488486886,False
sw,6398,lr_grid,0.03,,70,2.5930246753113066,6.5993411390619166,0.6351431072424235,0.019054293217272703,0.06795514305122197,False
sw,6398,lr_grid,0.03,,80,2.5680329725672824,6.791557110229599,0.6611765239832946,0.01983529571949884,0.07747342344373465,False
sw,6398,lr_grid,0.03,,90,2.5441265770864594,6.141595013282978,0.604878614241764,0.01814635842725292,0.08700870652683079,False
sw,6398,lr_grid,0.03,,100,2.5207445827841517,,,,0.09546137554571033,False
sw,6398,lr_grid,0.1,,0,2.7664906210783244,7.6132430482085205,0.686692605761752,0.06866926057617521,0.001111611956730485,False
sw,6398,lr_grid,0.1,,10,2.684773004302732,7.757962929772662,0.722253392996873,0.07222533929968729,0.010694422060623765,False
sw,6398,lr_grid,0.1,,20,2.6016205113172663,6.433396281769399,0.618714577908668,0.0618714577908668,0.020257621770724654,False
sw,6398,lr_grid,0.1,,30,2.525117417790793,6.111625165767968,0.6032396695230813,0.060323966952308135,0.029752881731837988,False
sw,6398,lr_grid,0.1,,40,2.448427522103276,6.19157892142889,0.6308914607063253,0.06308914607063254,0.03953795973211527,False
sw,6398,lr_grid,0.1,,50,2.3730223257104153,4.961156838509519,0.5249597566307235,0.052495975663072354,0.049052172573283315,False
sw,6398,lr_grid,0.1,,60,2.3003664487403523,5.336867888707122,0.5777966458735315,0.05777966458735315,0.05857556941919029,False
sw,6398,lr_grid,0.1,,70,2.229464004507405,4.878527347571837,0.5453602298518191,0.05453602298518191,0.06807388365268707,False
sw,6398,lr_grid,0.1,,80,2.158767487212268,4.79955725612584,0.5549507795660787,0.05549507795660788,0.07753494218923151,False
sw,6398,lr_grid,0.1,,90,2.092654751772497,4.156265703944907,0.4967613282488589,0.04967613282488589,0.08693145029246807,False
sw,6398,lr_grid,0.1,,100,2.0294068692320604,,,,0.09539781813509762,False
sw,6398,normalized,,0.021952907087918014,0,2.7664906210783244,7.6132430482085205,0.686692605761752,0.021952907087918014,0.0011026100255548954,False
sw,6398,normalized,,0.021952907087918014,10,2.739234940520078,8.075353885034245,0.7369605970947055,0.021952907087918014,0.010805797763168812,False
sw,6398,normalized,,0.021952907087918014,20,2.71195310012099,6.98977151017438,0.6451106975805205,0.021952907087918014,0.02045137668028474,False
sw,6398,normalized,,0.021952907087918014,30,2.684650072747941,6.907586361881791,0.6416603720323596,0.02195290708791801,0.03004017099738121,False
sw,6398,normalized,,0.021952907087918014,40,2.6573109551586844,7.2929363580113735,0.685127022187784,0.021952907087918014,0.03974891803227365,False
sw,6398,normalized,,0.021952907087918014,50,2.6299699962001646,6.090189342891465,0.5820527526593485,0.021952907087918017,0.049356529489159584,False
sw,6398,normalized,,0.021952907087918014,60,2.6026505781882645,6.83024723389633,0.6543646128266072,0.021952907087918014,0.05892546731047332,False
sw,6398,normalized,,0.021952907087918014,70,2.575319469902472,6.5095428949668985,0.6307760324021348,0.021952907087918014,0.06854407233186066,False
sw,6398,normalized,,0.021952907087918014,80,2.5479721628209107,6.685896721717995,0.6559631307846377,0.021952907087918014,0.07813452975824475,False
sw,6398,normalized,,0.021952907087918014,90,2.520678620457425,6.028962353964671,0.5992595482805793,0.021952907087918014,0.08783331350423396,False
sw,6398,normalized,,0.021952907087918014,100,2.4934204332595513,,,,0.09632819751277566,False
ebsw_exp,6398,lr_grid,0.003,,0,2.7664906210783244,14.674564809827366,1.371249514619529,0.004113748543858587,0.0012359998654574156,False
ebsw_exp,6398,lr_grid,0.003,,10,2.7614008355875708,14.654398760514455,1.367559154032247,0.004102677462096741,0.011466128984466195,False
ebsw_exp,6398,lr_grid,0.003,,20,2.756338515736791,14.51791875906621,1.3601869461390146,0.004080560838417044,0.021779612405225635,False
ebsw_exp,6398,lr_grid,0.003,,30,2.7512816791218597,14.431403159562217,1.3581094426371711,0.004074328327911513,0.03191368957050145,False
ebsw_exp,6398,lr_grid,0.003,,40,2.7462334020505987,14.498318802704993,1.3609734455135867,0.004082920336540761,0.04210067563690245,False
ebsw_exp,6398,lr_grid,0.003,,50,2.7411911403569262,14.424939408365596,1.3528105655034877,0.0040584316965104625,0.052228894317522645,False
ebsw_exp,6398,lr_grid,0.003,,60,2.736153199277984,14.330479844399036,1.3471581127865457,0.004041474338359637,0.06241982546634972,False
ebsw_exp,6398,lr_grid,0.003,,70,2.731123841623943,14.291608037753683,1.3520685984084584,0.004056205795225375,0.07245949399657547,False
ebsw_exp,6398,lr_grid,0.003,,80,2.726109607352382,14.282113810688312,1.3479285637076643,0.004043785691122993,0.08250751416198909,False
ebsw_exp,6398,lr_grid,0.003,,90,2.7211084795470346,14.227378972453394,1.3484199935589096,0.004045259980676729,0.09267493896186352,False
ebsw_exp,6398,lr_grid,0.003,,100,2.716124659345044,,,,0.10167947434820235,False
ebsw_exp,6398,lr_grid,0.01,,0,2.7664906210783244,14.674564809827366,1.371249514619529,0.01371249514619529,0.0011388449929654598,False
ebsw_exp,6398,lr_grid,0.01,,10,2.7495587481472983,14.524233193271154,1.361645743894604,0.01361645743894604,0.011353901820257306,False
ebsw_exp,6398,lr_grid,0.01,,20,2.732793446584662,14.261286386538666,1.3482449740110616,0.013482449740110614,0.021598440827801824,False
ebsw_exp,6398,lr_grid,0.01,,30,2.716120148947077,14.049334136029724,1.3404729916920506,0.013404729916920507,0.03174963314086199,False
ebsw_exp,6398,lr_grid,0.01,,40,2.699548703408024,13.991450578756151,1.3382001020141645,0.013382001020141645,0.04216072685085237,False
ebsw_exp,6398,lr_grid,0.01,,50,2.683070801028343,13.798596437398604,1.3238048978208419,0.01323804897820842,0.05228475155308843,False
ebsw_exp,6398,lr_grid,0.01,,60,2.6666815881718016,13.58638450109517,1.3127342423936876,0.013127342423936875,0.06239853426814079,False
ebsw_exp,6398,lr_grid,0.01,,70,2.6503901624712336,13.426974710924348,1.3118087165625794,0.013118087165625793,0.07251095771789551,False
ebsw_exp,6398,lr_grid,0.01,,80,2.634226187569147,13.30101717877904,1.3020057867712131,0.013020057867712131,0.08259621798060834,False
ebsw_exp,6398,lr_grid,0.01,,90,2.618172882399636,13.129876316529511,1.2977103968172614,0.012977103968172614,0.09280297043733299,False
ebsw_exp,6398,lr_grid,0.01,,100,2.602249889622838,,,,0.10198547528125346,False
ebsw_exp,6398,lr_grid,0.03,,0,2.7664906210783244,14.674564809827366,1.371249514619529,0.04113748543858587,0.0011777079198509455,False
ebsw_exp,6398,lr_grid,0.03,,10,2.715985892398641,14.158207468059556,1.344879193024242,0.040346375790727265,0.011347760446369648,False
ebsw_exp,6398,lr_grid,0.03,,20,2.6666145457008255,13.551886842686713,1.3146642702503333,0.03943992810750999,0.021482249489054084,False
ebsw_exp,6398,lr_grid,0.03,,30,2.6181315633702216,13.010409290885539,1.2912665361754878,0.038737996085264625,0.03157856501638889,False
ebsw_exp,6398,lr_grid,0.03,,40,2.5705496487898554,12.634456700314555,1.2752727497835254,0.038258182493505766,0.04170149308629334,False
ebsw_exp,6398,lr_grid,0.03,,50,2.5238425466105014,12.150743251695461,1.244095422208115,0.03732286266624345,0.05168536491692066,False
ebsw_exp,6398,lr_grid,0.03,,60,2.477987491989266,11.660467792097112,1.2195868525572757,0.036587605576718266,0.06179547403007746,False
ebsw_exp,6398,lr_grid,0.03,,70,2.4329556838435855,11.226342683123871,1.2031434095539597,0.03609430228661879,0.07199188135564327,False
ebsw_exp,6398,lr_grid,0.03,,80,2.3889009568015847,10.84460030159572,1.1789876578845424,0.03536962973653627,0.08220984600484371,False
ebsw_exp,6398,lr_grid,0.03,,90,2.345673734093004,10.422516103638024,1.163810736469886,0.03491432209409657,0.09234891086816788,False
ebsw_exp,6398,lr_grid,0.03,,100,2.303361860667414,,,,0.1013808490242809,False
ebsw_exp,6398,normalized,,0.021952907087918014,0,2.7664906210783244,14.674564809827366,1.371249514619529,0.021952907087918014,0.0012009290512651205,False
ebsw_exp,6398,normalized,,0.021952907087918014,10,2.739257053944249,14.411447448609826,1.3564946870020123,0.021952907087918017,0.01140313851647079,False
ebsw_exp,6398,normalized,,0.021952907087918014,20,2.712011613554622,14.03662367463766,1.3376996813116275,0.02195290708791801,0.02181441430002451,False
ebsw_exp,6398,normalized,,0.021952907087918014,30,2.684779624713965,13.712906004515691,1.3247413636827596,0.021952907087918017,0.03203928121365607,False
ebsw_exp,6398,normalized,,0.021952907087918014,40,2.657558886204391,13.542723507676635,1.3177085859718298,0.021952907087918014,0.04229611833579838,False
ebsw_exp,6398,normalized,,0.021952907087918014,50,2.6303466496901193,13.241886206307505,1.297451576073688,0.021952907087918014,0.052578329807147384,False
ebsw_exp,6398,normalized,,0.021952907087918014,60,2.6031355710383886,12.922305565857663,1.281283814940362,0.021952907087918014,0.06267949286848307,False
ebsw_exp,6398,normalized,,0.021952907087918014,70,2.5759314126402946,12.652360540403096,1.2746196725141252,0.021952907087918017,0.07289829174987972,False
ebsw_exp,6398,normalized,,0.021952907087918014,80,2.5487305678171364,12.417987894623824,1.259214703047455,0.021952907087918014,0.0830957053694874,False
ebsw_exp,6398,normalized,,0.021952907087918014,90,2.521539186777256,12.13693001789525,1.2501973392140253,0.021952907087918017,0.09336409159004688,False
ebsw_exp,6398,normalized,,0.021952907087918014,100,2.494362893736743,,,,0.10247768997214735,False
evar,6398,lr_grid,0.01,,0,2.7664906210783244,12.41171777530451,1.1277804464573853,0.011277804464573854,0.002945538144558668,False
evar,6398,lr_grid,0.01,,10,2.7526897549245803,12.688485468327341,1.160237760615355,0.011602377606153551,0.03022348158992827,False
evar,6398,lr_grid,0.01,,20,2.738580638103099,11.970136350994192,1.0994862473893148,0.010994862473893148,0.05748581327497959,False
evar,6398,lr_grid,0.01,,30,2.7249513887587193,11.662525531060735,1.0749510205131148,0.010749510205131148,0.08473129267804325,False
evar,6398,lr_grid,0.01,,40,2.7111409645250477,11.870452439715105,1.1002816145596965,0.011002816145596965,0.1117432452738285,False
evar,6398,lr_grid,0.01,,50,2.6972988547348216,11.261887259318481,1.0549082640199712,0.01054908264019971,0.13894244912080467,False
evar,6398,lr_grid,0.01,,60,2.683598563570716,11.580381684384456,1.0849991022787846,0.010849991022787848,0.16585889388807118,False
evar,6398,lr_grid,0.01,,70,2.6699399578900653,11.557996860015994,1.0877611280653017,0.010877611280653015,0.19328504032455385,False
evar,6398,lr_grid,0.01,,80,2.6560329268427108,11.54710453034063,1.0927831611556598,0.0109278316115566,0.22081075771711767,False
evar,6398,lr_grid,0.01,,90,2.642490355886268,10.994909898789734,1.0463290278110262,0.010463290278110264,0.24751849402673542,False
evar,6398,lr_grid,0.01,,100,2.6291342861492786,,,,0.2733636179473251,False
evar,6398,lr_grid,0.03,,0,2.7664906210783244,12.41171777530451,1.1277804464573853,0.03383341339372156,0.0029395869933068752,False
evar,6398,lr_grid,0.03,,10,2.7252788854314383,12.434974685035922,1.1485432098491195,0.03445629629547359,0.029795631766319275,False
evar,6398,lr_grid,0.03,,20,2.683583462276292,11.48993823160279,1.077059115808752,0.032311773474262555,0.056904860539361835,False
evar,6398,lr_grid,0.03,,30,2.6437238006613253,10.972288079459638,1.0424412878757525,0.03127323863627258,0.08405799698084593,False
evar,6398,lr_grid,0.03,,40,2.6037510239601547,10.94111715443733,1.0560450073221526,0.03168135021966457,0.11159687279723585,False
evar,6398,lr_grid,0.03,,50,2.56410526153196,10.168041257026669,1.0020750975661474,0.03006225292698442,0.13836122187785804,False
evar,6398,lr_grid,0.03,,60,2.5252767551945645,10.243081780897661,1.0200125214488078,0.030600375643464232,0.16606197343207896,False
evar,6398,lr_grid,0.03,,70,2.486970954574395,10.014902988390295,1.0120816904979482,0.030362450714938448,0.1932689812965691,False
evar,6398,lr_grid,0.03,,80,2.448384422856087,9.79652444434981,1.0060240007552161,0.030180720022656482,0.2199494948145002,False
evar,6398,lr_grid,0.03,,90,2.411206232880634,9.138350552315586,0.9532812983392379,0.02859843895017714,0.24725308385677636,False
evar,6398,lr_grid,0.03,,100,2.374923915739643,,,,0.27176369656808674,False
evar,6398,lr_grid,0.1,,0,2.7664906210783244,12.41171777530451,1.1277804464573853,0.11277804464573854,0.0029690649826079607,False
evar,6398,lr_grid,0.1,,10,2.631318443100307,11.585252682605718,1.108395678021357,0.11083956780213572,0.03092478821054101,False
evar,6398,lr_grid,0.1,,20,2.499474849020612,9.953484072886479,1.001935600269721,0.1001935600269721,0.05754019087180495,False
evar,6398,lr_grid,0.1,,30,2.377971550477914,8.86021600496099,0.9360340436830558,0.09360340436830558,0.08556394232437015,False
evar,6398,lr_grid,0.1,,40,2.2604851287858376,8.222805228251264,0.9145710298604581,0.0914571029860458,0.11316158925183117,False
evar,6398,lr_grid,0.1,,50,2.148194314333522,7.10976063011563,0.8366470666258482,0.08366470666258484,0.14019624213688076,False
evar,6398,lr_grid,0.1,,60,2.0422294885937555,6.666298899157123,0.8213649938313643,0.08213649938313643,0.16712202224880457,False
evar,6398,lr_grid,0.1,,70,1.9414905377228362,6.065683181454495,0.785933964594808,0.07859339645948081,0.1946335614193231,False
evar,6398,lr_grid,0.1,,80,1.8437990959431918,5.512348511281054,0.7527166267484222,0.07527166267484221,0.22179799247533083,False
evar,6398,lr_grid,0.1,,90,1.753154145095907,4.787603964332419,0.6878350360491724,0.06878350360491724,0.24938021670095623,False
evar,6398,lr_grid,0.1,,100,1.6679400061674825,,,,0.27401448180899024,False
evar,6398,normalized,,0.021952907087918014,0,2.7664906210783244,12.41171777530451,1.1277804464573853,0.021952907087918014,0.0029859570786356926,False
evar,6398,normalized,,0.021952907087918014,10,2.7391755473935557,12.563186571873159,1.1544799187950905,0.021952907087918014,0.030370042426511645,False
evar,6398,normalized,,0.021952907087918014,20,2.711872734679823,11.735732918933023,1.0885942999765785,0.021952907087918017,0.05737887555733323,False
evar,6398,normalized,,0.021952907087918014,30,2.6845554798837736,11.316647788885705,1.0587883238405749,0.021952907087918014,0.08403748064301908,False
evar,6398,normalized,,0.021952907087918014,40,2.657232015112094,11.399235058596638,1.0780775462316834,0.021952907087918017,0.11089707468636334,False
evar,6398,normalized,,0.021952907087918014,50,2.629917425620377,10.701624090671586,1.0282018635704901,0.021952907087918014,0.13824320025742054,False
evar,6398,normalized,,0.021952907087918014,60,2.6026296069104626,10.886301281202794,1.0517610189670654,0.021952907087918014,0.16548915393650532,False
evar,6398,normalized,,0.021952907087918014,70,2.5753260531249844,10.746384234253876,1.0486493052189068,0.021952907087918017,0.1928266368340701,False
evar,6398,normalized,,0.021952907087918014,80,2.5480199994050965,10.618718620209494,1.0476728276300893,0.021952907087918017,0.2198073856998235,False
evar,6398,normalized,,0.021952907087918014,90,2.5207229974330727,9.996263850594836,0.997367414995063,0.021952907087918014,0.24762431369163096,False
evar,6398,normalized,,0.021952907087918014,100,2.493448041816912,,,,0.2720469874329865,False
cvar,6398,lr_grid,0.01,,0,2.7664906210783244,14.380181805798456,1.313741744591847,0.013137417445918469,0.0012010389473289251,False
cvar,6398,lr_grid,0.01,,10,2.7503176041048394,14.369365292428498,1.3193835193107057,0.013193835193107057,0.011463197879493237,False
cvar,6398,lr_grid,0.01,,20,2.734038752567131,13.999122225140328,1.2926712190803922,0.012926712190803923,0.021794622763991356,False
cvar,6398,lr_grid,0.01,,30,2.7180128821051213,13.588350303310346,1.2626375405315997,0.012626375405316,0.03193780779838562,False
cvar,6398,lr_grid,0.01,,40,2.7020247520150074,13.547475466436843,1.2650542704786671,0.01265054270478667,0.04293281608261168,False
cvar,6398,lr_grid,0.01,,50,2.6860333093563096,13.448278062741393,1.2670029320541127,0.012670029320541128,0.05303735681809485,False
cvar,6398,lr_grid,0.01,,60,2.6702552411006426,13.287236932721457,1.2560703797329753,0.012560703797329754,0.06318141845986247,False
cvar,6398,lr_grid,0.01,,70,2.654516348173298,13.234809007794244,1.2660321732835484,0.012660321732835484,0.07339757750742137,False
cvar,6398,lr_grid,0.01,,80,2.638718256522812,13.170378346928604,1.2611448805181646,0.01261144880518165,0.08362771640531719,False
cvar,6398,lr_grid,0.01,,90,2.623098976237989,12.665079225853873,1.2183023654934635,0.012183023654934635,0.09386543114669621,False
cvar,6398,lr_grid,0.01,,100,2.607689812448062,,,,0.10297687444835901,False
cvar,6398,lr_grid,0.03,,0,2.7664906210783244,14.380181805798456,1.313741744591847,0.0394122523377554,0.0011659010779112577,False
cvar,6398,lr_grid,0.03,,10,2.718235960586799,14.031218269537735,1.303739049838867,0.03911217149516601,0.011324777035042644,False
cvar,6398,lr_grid,0.03,,20,2.670256214248348,13.344081930725713,1.261985780094426,0.03785957340283278,0.021473186323419213,False
cvar,6398,lr_grid,0.03,,30,2.623597745288167,12.64734944526272,1.2179964373384404,0.03653989312015322,0.03162113041616976,False
cvar,6398,lr_grid,0.03,,40,2.5776153094789893,12.310455797590583,1.2056999305708627,0.03617099791712588,0.04171906947158277,False
cvar,6398,lr_grid,0.03,,50,2.5321869933067633,11.929576868289017,1.193147275736003,0.03579441827208009,0.05203652451746166,False
cvar,6398,lr_grid,0.03,,60,2.487913770644364,11.507912749680923,1.1686548651073339,0.03505964595322002,0.062114902306348085,False
cvar,6398,lr_grid,0.03,,70,2.444290999632384,11.190305554162059,1.1639822129104371,0.034919466387313115,0.07239707419648767,False
cvar,6398,lr_grid,0.03,,80,2.4010462461063087,10.86688823411581,1.1452790412954297,0.034358371238862886,0.08247129013761878,False
cvar,6398,lr_grid,0.03,,90,2.3588188072412204,10.203935712577795,1.0931215200342312,0.03279364560102694,0.09269073326140642,False
cvar,6398,lr_grid,0.03,,100,2.3176701610665247,,,,0.10179016506299376,False
cvar,6398,lr_grid,0.1,,0,2.7664906210783244,14.380181805798456,1.313741744591847,0.13137417445918467,0.001209774985909462,False
cvar,6398,lr_grid,0.1,,10,2.608682410241144,12.906396138182213,1.250259582520911,0.12502595825209112,0.011571203358471394,False
cvar,6398,lr_grid,0.1,,20,2.4583851882154635,11.279072762919693,1.1599096833482647,0.11599096833482647,0.021740630269050598,False
cvar,6398,lr_grid,0.1,,30,2.3184013594769075,9.833019318684215,1.0734449049849213,0.10734449049849212,0.031884415075182915,False
cvar,6398,lr_grid,0.1,,40,2.18628302625302,8.79938667372759,1.0187092724013114,0.10187092724013114,0.042131171794608235,False
cvar,6398,lr_grid,0.1,,50,2.0613261041926774,7.837267229357511,0.9663437338492126,0.09663437338492126,0.05224352702498436,False
cvar,6398,lr_grid,0.1,,60,1.9447638299384875,6.952961358583403,0.9073805758588703,0.09073805758588704,0.062323770485818386,False
cvar,6398,lr_grid,0.1,,70,1.834851237466295,6.214723395022814,0.866726968247305,0.0866726968247305,0.07250332599505782,False
cvar,6398,lr_grid,0.1,,80,1.7306538875122692,5.540370811365808,0.8166130167815938,0.08166130167815938,0.08267460181377828,False
cvar,6398,lr_grid,0.1,,90,1.633330330650387,4.789380064714036,0.7471290839660052,0.07471290839660051,0.0930183429736644,False
cvar,6398,lr_grid,0.1,,100,1.54264987498776,,,,0.10233653779141605,False
cvar,6398,normalized,,0.021952907087918014,0,2.7664906210783244,14.380181805798456,1.313741744591847,0.021952907087918014,0.001236181939020753,False
cvar,6398,normalized,,0.021952907087918014,10,2.739226821686198,14.252025499539851,1.3139694012804142,0.021952907087918014,0.011591891525313258,False
cvar,6398,normalized,,0.021952907087918014,20,2.7119694688548255,13.77073061777908,1.282059304376056,0.021952907087918014,0.02187592862173915,False
cvar,6398,normalized,,0.021952907087918014,30,2.6847038255393305,13.25259210232668,1.246883344206118,0.021952907087918014,0.03215239429846406,False
cvar,6398,normalized,,0.021952907087918014,40,2.6574610311576534,13.097682674648752,1.2437984668475168,0.02195290708791801,0.04239980806596577,False
cvar,6398,normalized,,0.021952907087918014,50,2.630232194372782,12.887137222132651,1.2402517782276272,0.021952907087918014,0.052596647292375565,False
cvar,6398,normalized,,0.021952907087918014,60,2.6029885561366064,12.616225913127648,1.2238322272334239,0.02195290708791801,0.06274716602638364,False
cvar,6398,normalized,,0.021952907087918014,70,2.5757456854387066,12.44906264304694,1.2278294807222916,0.021952907087918014,0.0730606981087476,False
cvar,6398,normalized,,0.021952907087918014,80,2.5485290408434627,12.27071855400558,1.2172209502375795,0.021952907087918017,0.08327390509657562,False
cvar,6398,normalized,,0.021952907087918014,90,2.521313912502033,11.686306340125839,1.1701141569158986,0.021952907087918014,0.09376950096338987,False
cvar,6398,normalized,,0.021952907087918014,100,2.494115914335427,,,,0.10290661081671715,False
sampled_max,6398,lr_grid,0.003,,0,2.7664906210783244,14.949385960593307,1.3669942373961068,0.00410098271218832,0.0011627229396253824,False
sampled_max,6398,lr_grid,0.003,,10,2.7614086408592096,14.893858436013929,1.3644531155381414,0.004093359346614425,0.010744181228801608,False
sampled_max,6398,lr_grid,0.003,,20,2.756342568833669,14.83086355769083,1.3615645209505696,0.004084693562851709,0.020320554031059146,False
sampled_max,6398,lr_grid,0.003,,30,2.751280370735041,14.757706810772646,1.358202249794404,0.004074606749383212,0.02979863784275949,False
sampled_max,6398,lr_grid,0.003,,40,2.746229456822877,14.727396218022745,1.3568067390947183,0.004070420217284154,0.039479858707636595,False
sampled_max,6398,lr_grid,0.003,,50,2.7411859847245204,14.668024427727815,1.3540690726347666,0.0040622072179043,0.04893062962219119,False
sampled_max,6398,lr_grid,0.003,,60,2.7361530846632367,14.613127701121238,1.3515328196681553,0.004054598459004466,0.05855949828401208,False
sampled_max,6398,lr_grid,0.003,,70,2.731128904020463,14.561878985223117,1.3491608032969569,0.00404748240989087,0.06824986450374126,False
sampled_max,6398,lr_grid,0.003,,80,2.726112678164401,14.504830905251715,1.3465154522531348,0.004039546356759404,0.07784588821232319,False
sampled_max,6398,lr_grid,0.003,,90,2.7211114480343594,14.454001500063889,1.3441540787826318,0.004032462236347896,0.08740942226722836,False
sampled_max,6398,lr_grid,0.003,,100,2.7161223075240297,,,,0.09590897150337696,False
sampled_max,6398,lr_grid,0.01,,0,2.7664906210783244,14.949385960593307,1.3669942373961068,0.013669942373961068,0.0011534348595887423,False
sampled_max,6398,lr_grid,0.01,,10,2.7495848676120564,14.764137239007688,1.3584981247230197,0.013584981247230196,0.010736943455412984,False
sampled_max,6398,lr_grid,0.01,,20,2.7328074573597356,14.573802727384727,1.3497130587362232,0.013497130587362231,0.020230562426149845,False
sampled_max,6398,lr_grid,0.01,,30,2.7161169089100854,14.375741988507551,1.3405102567915859,0.01340510256791586,0.029612089740112424,False
sampled_max,6398,lr_grid,0.01,,40,2.6995386295145885,14.221169662494809,1.3332839936832102,0.013332839936832102,0.03921634214930236,False
sampled_max,6398,lr_grid,0.01,,50,2.683057779438059,14.040473599498448,1.324786473337234,0.013247864733372342,0.0487560520414263,False
sampled_max,6398,lr_grid,0.01,,60,2.6666849014808314,13.866088994833602,1.3165337535947188,0.013165337535947189,0.05823547346517444,False
sampled_max,6398,lr_grid,0.01,,70,2.6504129227662587,13.697070473715721,1.3084853110426824,0.013084853110426824,0.06784120015799999,False
sampled_max,6398,lr_grid,0.01,,80,2.6342394896263612,13.524553714745222,1.3002189101621129,0.01300218910162113,0.07736578327603638,False
sampled_max,6398,lr_grid,0.01,,90,2.618186116111029,13.35983094461668,1.2922766221196933,0.012922766221196934,0.08697931352071464,False
sampled_max,6398,lr_grid,0.01,,100,2.602243191575298,,,,0.09542425163090229,False
sampled_max,6398,lr_grid,0.03,,0,2.7664906210783244,14.949385960593307,1.3669942373961068,0.041009827121883204,0.0011036279611289501,False
sampled_max,6398,lr_grid,0.03,,10,2.716067034713929,14.399380080309998,1.3416119073855708,0.040248357221567124,0.01061908807605505,False
sampled_max,6398,lr_grid,0.03,,20,2.666657657016754,13.863031061630949,1.3163885758786684,0.03949165727636005,0.020140124019235373,False
sampled_max,6398,lr_grid,0.03,,30,2.6181280813624066,13.337214150847133,1.2911823143367058,0.03873546943010117,0.02973124571144581,False
sampled_max,6398,lr_grid,0.03,,40,2.570538913292999,12.867561071243017,1.26824490296842,0.038047347089052594,0.039187694899737835,False
sampled_max,6398,lr_grid,0.03,,50,2.523831131507413,12.39019684168852,1.2444977321036246,0.03733493196310874,0.04870450240559876,False
sampled_max,6398,lr_grid,0.03,,60,2.478020230000453,11.934015233329633,1.2213729586683193,0.036641188760049584,0.05822496023029089,False
sampled_max,6398,lr_grid,0.03,,70,2.4330740148503858,11.497203297399004,1.1988120837624534,0.0359643625128736,0.06798744155094028,False
sampled_max,6398,lr_grid,0.03,,80,2.3889759082846345,11.071948271906162,1.176432545447579,0.035292976363427375,0.07738273520953953,False
sampled_max,6398,lr_grid,0.03,,90,2.345756027732456,10.66693490024977,1.154715056856548,0.034641451705696436,0.08686882420442998,False
sampled_max,6398,lr_grid,0.03,,100,2.303389165247813,,,,0.09536789963021874,False
sampled_max,6398,normalized,,0.021952907087918014,0,2.7664906210783244,14.949385960593307,1.3669942373961068,0.021952907087918014,0.0010819518938660622,False
sampled_max,6398,normalized,,0.021952907087918014,10,2.739260374835206,14.651320867989167,1.3532978639230335,0.021952907087918017,0.010561007540673018,False
sampled_max,6398,normalized,,0.021952907087918014,20,2.712054641617295,14.348963267831387,1.3392611427495846,0.021952907087918017,0.02007768233306706,False
sampled_max,6398,normalized,,0.021952907087918014,30,2.6848379439618015,14.040103235701194,1.324769000415789,0.021952907087918014,0.0296358831692487,False
sampled_max,6398,normalized,,0.021952907087918014,40,2.657632049998967,13.774203338951784,1.3121644018067906,0.021952907087918014,0.03924955544061959,False
sampled_max,6398,normalized,,0.021952907087918014,50,2.6304257800038515,13.483835620440852,1.2982601636633184,0.021952907087918014,0.04885037709027529,False
sampled_max,6398,normalized,,0.021952907087918014,60,2.6032291409610124,13.200476548027282,1.2845464446657466,0.021952907087918014,0.05844956007786095,False
sampled_max,6398,normalized,,0.021952907087918014,70,2.5760371001682283,12.923117505195293,1.2709798142179174,0.021952907087918014,0.06799267022870481,False
sampled_max,6398,normalized,,0.021952907087918014,80,2.548845463365929,12.64349435850599,1.2571542446387591,0.02195290708791801,0.07844257587566972,False
sampled_max,6398,normalized,,0.021952907087918014,90,2.521676213498085,12.372125129593702,1.243589820318264,0.021952907087918014,0.08798158192075789,False
sampled_max,6398,normalized,,0.021952907087918014,100,2.494521627157703,,,,0.0965357709210366,False
sw,3654,lr_grid,0.01,,0,3.0007393790825727,8.303447163323177,0.6877611795938254,0.006877611795938254,0.0011158848647028208,False
sw,3654,lr_grid,0.01,,10,2.9918673001278306,9.482612002869878,0.7892598090804513,0.007892598090804514,0.010684993118047714,False
sw,3654,lr_grid,0.01,,20,2.982628140669923,8.81227770683993,0.7335368843868711,0.007335368843868712,0.02001791587099433,False
sw,3654,lr_grid,0.01,,30,2.973797396834851,9.046846204204323,0.7611178960504059,0.00761117896050406,0.029495753347873688,False
sw,3654,lr_grid,0.01,,40,2.9650491484952908,8.53868152897951,0.7185355058502252,0.0071853550585022526,0.038819279288873076,False
sw,3654,lr_grid,0.01,,50,2.9561309435145984,9.220449926064246,0.7796884421528069,0.007796884421528068,0.048216954339295626,False
sw,3654,lr_grid,0.01,,60,2.947284150423969,8.616114959012316,0.7319499298531947,0.0073194992985319484,0.0575931912753731,False
sw,3654,lr_grid,0.01,,70,2.9380565418450617,6.6663862356440315,0.5622384441260455,0.0056223844412604555,0.06692527397535741,False
sw,3654,lr_grid,0.01,,80,2.928950026054013,8.096718362159885,0.6873566911095336,0.0068735669110953366,0.07626950810663402,False
sw,3654,lr_grid,0.01,,90,2.9203318691916396,8.186147308867898,0.6975794751577971,0.0069757947515779704,0.08556288317777216,False
sw,3654,lr_grid,0.01,,100,2.911677342369368,,,,0.09413275122642517,False
sw,3654,lr_grid,0.03,,0,3.0007393790825727,8.303447163323177,0.6877611795938254,0.020632835387814765,0.0011265850625932217,False
sw,3654,lr_grid,0.03,,10,2.974195738673665,9.370915425466906,0.7845484674383834,0.0235364540231515,0.010493423789739609,False
sw,3654,lr_grid,0.03,,20,2.946724626321939,8.602178533616444,0.7245936685162697,0.021737810055488093,0.019770372193306684,False
sw,3654,lr_grid,0.03,,30,2.920628525916498,8.727435259573884,0.747495154185244,0.022424854625557322,0.029196467250585556,False
sw,3654,lr_grid,0.03,,40,2.894930785355966,8.13968953313125,0.7015798710168198,0.021047396130504596,0.03859550761990249,False
sw,3654,lr_grid,0.03,,50,2.868892653909653,8.682481713014282,0.7563818085268323,0.02269145425580497,0.048011102713644505,False
sw,3654,lr_grid,0.03,,60,2.8432240448981796,8.016892998274873,0.705639757340746,0.02116919272022238,0.05736656370572746,False
sw,3654,lr_grid,0.03,,70,2.816616009528159,6.129967436717571,0.5387144679391257,0.01616143403817377,0.06675061769783497,False
sw,3654,lr_grid,0.03,,80,2.7905242602966713,7.351485893023986,0.6545864367225427,0.019637593101676284,0.0760436849668622,False
sw,3654,lr_grid,0.03,,90,2.765982580415836,7.343793861554733,0.6604110697267678,0.019812332091803032,0.08531172783114016,False
sw,3654,lr_grid,0.03,,100,2.741491124682285,,,,0.0936220099683851,False
sw,3654,lr_grid,0.1,,0,3.0007393790825727,8.303447163323177,0.6877611795938254,0.06877611795938256,0.0011288740206509829,False
sw,3654,lr_grid,0.1,,10,2.9130984629917793,8.989865386517732,0.7682011617611088,0.07682011617611088,0.010519601171836257,False
sw,3654,lr_grid,0.1,,20,2.824343616906815,7.905081215222553,0.6943285518367757,0.06943285518367756,0.0198625058401376,False
sw,3654,lr_grid,0.1,,30,2.741842875846756,7.695176890376599,0.7016781199067834,0.07016781199067834,0.02915452909655869,False
sw,3654,lr_grid,0.1,,40,2.66227791556257,6.883903084889239,0.6448658138386567,0.06448658138386568,0.038478744216263294,False
sw,3654,lr_grid,0.1,,50,2.5833630119064654,7.034758770716719,0.6799989689284264,0.06799989689284265,0.04841022798791528,False
sw,3654,lr_grid,0.1,,60,2.5072472496813596,6.230140548532637,0.620920297039051,0.0620920297039051,0.057765454053878784,False
sw,3654,lr_grid,0.1,,70,2.43005216832228,4.5722339278070905,0.4645473419266253,0.046454734192662536,0.06710336916148663,False
sw,3654,lr_grid,0.1,,80,2.3560278574145253,5.245584043500526,0.5519820495598055,0.055198204955980545,0.07633842597715557,False
sw,3654,lr_grid,0.1,,90,2.2878863816328465,5.0256507916209845,0.5446018467021411,0.05446018467021411,0.0855576868634671,False
sw,3654,lr_grid,0.1,,100,2.2213671125020213,,,,0.09396289195865393,False
sw,3654,normalized,,0.021952907087918014,0,3.0007393790825727,8.303447163323177,0.6877611795938254,0.021952907087918014,0.0011285641230642796,False
sw,3654,normalized,,0.021952907087918014,10,2.9734877881830735,9.366456540268222,0.7843562919894459,0.02195290708791801,0.010695902165025473,False
sw,3654,normalized,,0.021952907087918014,20,2.9462413487397505,8.599366448624732,0.7244715709815647,0.021952907087918014,0.02015498257242143,False
sw,3654,normalized,,0.021952907087918014,30,2.9190215018401657,8.71780537971851,0.7470985446290505,0.02195290708791801,0.02961164154112339,False
sw,3654,normalized,,0.021952907087918014,40,2.8917822364140933,8.12198062085667,0.7008151898216126,0.021952907087918014,0.03909839130938053,False
sw,3654,normalized,,0.021952907087918014,50,2.8645079051002007,8.655887682071501,0.7552048706956327,0.021952907087918014,0.04860029835253954,False
sw,3654,normalized,,0.021952907087918014,60,2.8372909455314335,7.983393064961489,0.7041499242942715,0.021952907087918014,0.05801462777890265,False
sw,3654,normalized,,0.021952907087918014,70,2.810053041665207,6.101576698854399,0.5374527772997497,0.021952907087918014,0.06738689914345741,False
sw,3654,normalized,,0.021952907087918014,80,2.7827980856860184,7.310969901761074,0.652751054452919,0.021952907087918014,0.0768200948368758,False
sw,3654,normalized,,0.021952907087918014,90,2.755536449984344,7.28844456925491,0.6578849305225594,0.021952907087918014,0.08624840481206775,False
sw,3654,normalized,,0.021952907087918014,100,2.7283435348877276,,,,0.09470577002502978,False
ebsw_exp,3654,lr_grid,0.003,,0,3.0007393790825727,16.992177257734486,1.4691891657737612,0.004407567497321284,0.0012257809285074472,False
ebsw_exp,3654,lr_grid,0.003,,10,2.995369673533477,16.82904364861574,1.4586906572009977,0.004376071971602993,0.011354935122653842,False
ebsw_exp,3654,lr_grid,0.003,,20,2.989996089944087,16.766832652047547,1.453202910146302,0.004359608730438906,0.021332608070224524,False
ebsw_exp,3654,lr_grid,0.003,,30,2.9846430601358196,16.78089066822715,1.4628879168933326,0.0043886637506799974,0.031366442097350955,False
ebsw_exp,3654,lr_grid,0.003,,40,2.9792963417142175,16.583941399037585,1.4555147447084045,0.004366544234125213,0.041394113563001156,False
ebsw_exp,3654,lr_grid,0.003,,50,2.9739469823749904,16.626337239104412,1.454001862169653,0.004362005586508959,0.05131160467863083,False
ebsw_exp,3654,lr_grid,0.003,,60,2.968624023477585,16.68047604934302,1.4480790775022692,0.004344237232506807,0.061216762755066156,False
ebsw_exp,3654,lr_grid,0.003,,70,2.9633140264616737,16.40162932501856,1.4506732532493236,0.004352019759747971,0.07117517665028572,False
ebsw_exp,3654,lr_grid,0.003,,80,2.9580119049471794,16.377633348093074,1.4442123713678354,0.0043326371141035065,0.08128688554279506,False
ebsw_exp,3654,lr_grid,0.003,,90,2.9527289463157778,16.44188849729454,1.445013554141908,0.004335040662425725,0.09120967728085816,False
ebsw_exp,3654,lr_grid,0.003,,100,2.9474365567564216,,,,0.10017164703458548,False
ebsw_exp,3654,lr_grid,0.01,,0,3.0007393790825727,16.992177257734486,1.4691891657737612,0.014691891657737613,0.0011703120544552803,False
ebsw_exp,3654,lr_grid,0.01,,10,2.982876263275882,16.68057200794239,1.4522553669210192,0.014522553669210193,0.011232027783989906,False
ebsw_exp,3654,lr_grid,0.01,,20,2.965081174023123,16.47251983954721,1.4405301471597045,0.014405301471597045,0.0212595674674958,False
ebsw_exp,3654,lr_grid,0.01,,30,2.947433933035538,16.33923623616286,1.4440105472969935,0.014440105472969937,0.031253044959157705,False
ebsw_exp,3654,lr_grid,0.01,,40,2.9298851280267066,16.00198542108517,1.4301973531235534,0.014301973531235534,0.04122387198731303,False
ebsw_exp,3654,lr_grid,0.01,,50,2.9124080487516033,15.903532250390398,1.4225019204486777,0.014225019204486777,0.05120645300485194,False
ebsw_exp,3654,lr_grid,0.01,,60,2.8950951236800067,15.821571220411284,1.410660055701427,0.01410660055701427,0.06117150094360113,False
ebsw_exp,3654,lr_grid,0.01,,70,2.877907133196529,15.404171974425745,1.4080141715092362,0.014080141715092365,0.07111965515650809,False
ebsw_exp,3654,lr_grid,0.01,,80,2.8608223281102285,15.249519797160247,1.395015438282932,0.013950154382829321,0.0811374681070447,False
ebsw_exp,3654,lr_grid,0.01,,90,2.8438794919013133,15.180214187655508,1.3897293949158345,0.013897293949158345,0.09109095926396549,False
ebsw_exp,3654,lr_grid,0.01,,100,2.8269764891862845,,,,0.10004773852415383,False
ebsw_exp,3654,lr_grid,0.03,,0,3.0007393790825727,16.992177257734486,1.4691891657737612,0.04407567497321284,0.0011861608363687992,False
ebsw_exp,3654,lr_grid,0.03,,10,2.9474583219004096,16.263053639975666,1.4342594904272168,0.0430277847128165,0.011188430711627007,False
ebsw_exp,3654,lr_grid,0.03,,20,2.8950657928758194,15.658461062445305,1.4054526453874916,0.042163579361624744,0.02116272645071149,False
ebsw_exp,3654,lr_grid,0.03,,30,2.8437805896006147,15.137879952018903,1.391253015340583,0.04173759046021749,0.031023428309708834,False
ebsw_exp,3654,lr_grid,0.03,,40,2.793413309359532,14.44542768038865,1.3600807898056042,0.04080242369416812,0.04089694167487323,False
ebsw_exp,3654,lr_grid,0.03,,50,2.743920973459513,14.002015466127945,1.3363423656074616,0.040090270968223846,0.05090524279512465,False
ebsw_exp,3654,lr_grid,0.03,,60,2.6955213673562453,13.598890659183146,1.3092179602299132,0.039276538806897396,0.0608138230163604,False
ebsw_exp,3654,lr_grid,0.03,,70,2.648131096966491,12.862608527228037,1.2917983753936775,0.038753951261810325,0.07087109400890768,False
ebsw_exp,3654,lr_grid,0.03,,80,2.6016488269381832,12.425980661779505,1.261773998265609,0.03785321994796827,0.08086663205176592,False
ebsw_exp,3654,lr_grid,0.03,,90,2.556167444769181,12.07299166864383,1.242569172037024,0.037277075161110715,0.09086119150742888,False
ebsw_exp,3654,lr_grid,0.03,,100,2.511343883606563,,,,0.09992442256771028,False
ebsw_exp,3654,normalized,,0.021952907087918014,0,3.0007393790825727,16.992177257734486,1.4691891657737612,0.021952907087918014,0.0012158160097897053,False
ebsw_exp,3654,normalized,,0.021952907087918014,10,2.9738675325296353,16.573897216408472,1.4476140606620789,0.021952907087918014,0.011453201761469245,False
ebsw_exp,3654,normalized,,0.021952907087918014,20,2.9469897228928295,16.26031533329721,1.4316006099340965,0.021952907087918014,0.02151200734078884,False
ebsw_exp,3654,normalized,,0.021952907087918014,30,2.920152170396413,16.01888249498172,1.4301256745452502,0.021952907087918014,0.03157207602635026,False
ebsw_exp,3654,normalized,,0.021952907087918014,40,2.8933219018670306,15.577620657093115,1.4115049301227944,0.021952907087918017,0.04169150348752737,False
ebsw_exp,3654,normalized,,0.021952907087918014,50,2.86647426859473,15.37391217473983,1.3990326402869429,0.021952907087918014,0.051930012414231896,False
ebsw_exp,3654,normalized,,0.021952907087918014,60,2.8396936109384194,15.188634846799705,1.382501941179108,0.021952907087918017,0.06204785034060478,False
ebsw_exp,3654,normalized,,0.021952907087918014,70,2.8129084037911207,14.664065185073634,1.3751289218701122,0.021952907087918014,0.07208961085416377,False
ebsw_exp,3654,normalized,,0.021952907087918014,80,2.7860982896338107,14.407751205977423,1.3566938934286203,0.021952907087918014,0.08212532568722963,False
ebsw_exp,3654,normalized,,0.021952907087918014,90,2.759343032080503,14.23291274575784,1.346718330702785,0.021952907087918014,0.09213356487452984,False
ebsw_exp,3654,normalized,,0.021952907087918014,100,2.7325428390522,,,,0.10113098658621311,False
evar,3654,lr_grid,0.01,,0,3.0007393790825727,14.177269419312442,1.1940694935353064,0.011940694935353064,0.0026668300852179527,False
evar,3654,lr_grid,0.01,,10,2.985962993654195,14.73084765622449,1.2478325385161644,0.012478325385161646,0.02954359957948327,False
evar,3654,lr_grid,0.01,,20,2.9710266270200636,13.998573556987564,1.1887160036708364,0.011887160036708366,0.05643549654632807,False
evar,3654,lr_grid,0.01,,30,2.956473472634191,14.312864874281631,1.2247358344443673,0.012247358344443673,0.08325649471953511,False
evar,3654,lr_grid,0.01,,40,2.9419646624258085,13.776454601267856,1.1837607241709198,0.011837607241709198,0.11011250503361225,False
evar,3654,lr_grid,0.01,,50,2.9274023096033357,14.149288876080558,1.223974895307396,0.01223974895307396,0.13712702691555023,False
evar,3654,lr_grid,0.01,,60,2.912906974008279,13.895961183264008,1.2078723191378262,0.01207872319137826,0.16329303057864308,False
evar,3654,lr_grid,0.01,,70,2.8981326457756897,11.952713209190499,1.0375699566033398,0.0103756995660334,0.18977901292964816,False
evar,3654,lr_grid,0.01,,80,2.8835281925804574,13.084320419199093,1.1453287667249368,0.011453287667249368,0.21647529629990458,False
evar,3654,lr_grid,0.01,,90,2.8693585546223317,13.242455677688461,1.1668135294405537,0.011668135294405536,0.24388163816183805,False
evar,3654,lr_grid,0.01,,100,2.8551914077382823,,,,0.2680539309512824,False
evar,3654,lr_grid,0.03,,0,3.0007393790825727,14.177269419312442,1.1940694935353064,0.035822084806059196,0.0027055819518864155,False
evar,3654,lr_grid,0.03,,10,2.956616690584936,14.436673136326277,1.2352055577137306,0.03705616673141192,0.029994211858138442,False
evar,3654,lr_grid,0.03,,20,2.912480000841705,13.442930634975564,1.1646939043677027,0.03494081713103108,0.05708926706574857,False
evar,3654,lr_grid,0.03,,30,2.869920169413949,13.469587883654494,1.1880786449908372,0.035642359349725115,0.08431786531582475,False
evar,3654,lr_grid,0.03,,40,2.827926593911282,12.707903171525885,1.1366032931811336,0.03409809879543401,0.11160063906572759,False
evar,3654,lr_grid,0.03,,50,2.7862129464870278,12.78827999743893,1.163230689400789,0.03489692068202367,0.1385311025660485,False
evar,3654,lr_grid,0.03,,60,2.7451267260426095,12.307560340768104,1.1360981068497653,0.03408294320549296,0.1652493583969772,False
evar,3654,lr_grid,0.03,,70,2.7036919292482406,10.37886665852799,0.9659949152516835,0.028979847457550504,0.19250199920497835,False
evar,3654,lr_grid,0.03,,80,2.663171979365807,11.12434213593396,1.055274077049815,0.03165822231149445,0.21964272717013955,False
evar,3654,lr_grid,0.03,,90,2.624267616068874,11.030427037285044,1.0639676643617622,0.03191902993085286,0.24658317724242806,False
evar,3654,lr_grid,0.03,,100,2.5857752080461958,,,,0.27068847767077386,False
evar,3654,lr_grid,0.1,,0,3.0007393790825727,14.177269419312442,1.1940694935353064,0.11940694935353065,0.002671767957508564,False
evar,3654,lr_grid,0.1,,10,2.8560426636734,13.45071703332195,1.1919341416710647,0.11919341416710647,0.029822670854628086,False
evar,3654,lr_grid,0.1,,20,2.71651261516372,11.663836225973137,1.084151587070816,0.10841515870708161,0.056790413334965706,False
evar,3654,lr_grid,0.1,,30,2.586820339441459,10.887357505647136,1.0672733166638761,0.10672733166638762,0.08339314698241651,False
evar,3654,lr_grid,0.1,,40,2.46344014085241,9.57746559377868,0.9854343638410527,0.09854343638410529,0.11054572835564613,False
evar,3654,lr_grid,0.1,,50,2.3453320580192525,8.974806600914212,0.9727143042137975,0.09727143042137974,0.13782223756425083,False
evar,3654,lr_grid,0.1,,60,2.2332346401675522,8.048947070790783,0.9164120437337823,0.09164120437337823,0.16500245151109993,False
evar,3654,lr_grid,0.1,,70,2.1244537951693707,6.341533614307108,0.7518440739840275,0.07518440739840276,0.19207215844653547,False
evar,3654,lr_grid,0.1,,80,2.0221137440461887,6.313698565487904,0.7913996158499715,0.07913996158499716,0.21924092061817646,False
evar,3654,lr_grid,0.1,,90,1.9274640415241222,5.830211721990449,0.7692931170846913,0.07692931170846913,0.246594951255247,False
evar,3654,lr_grid,0.1,,100,1.8372870547117728,,,,0.27047972031868994,False
evar,3654,normalized,,0.021952907087918014,0,3.0007393790825727,14.177269419312442,1.1940694935353064,0.02195290708791801,0.0027430790942162275,False
evar,3654,normalized,,0.021952907087918014,10,2.9735870991197295,14.606436870746816,1.2424899226430974,0.021952907087918017,0.03054549265652895,False
evar,3654,normalized,,0.021952907087918014,20,2.9464412689528845,13.763904271046187,1.1785743681024141,0.02195290708791801,0.05827608797699213,False
evar,3654,normalized,,0.021952907087918014,30,2.9192770601703937,13.947406109075748,1.2090399669210765,0.021952907087918014,0.08567763608880341,False
evar,3654,normalized,,0.021952907087918014,40,2.892131330645148,13.30431894299945,1.1631815952924525,0.02195290708791801,0.11310793249867857,False
evar,3654,normalized,,0.021952907087918014,50,2.865001515352237,13.539470596170425,1.197198122481565,0.02195290708791801,0.14128971914760768,False
evar,3654,normalized,,0.021952907087918014,60,2.8378591930880654,13.173795062601778,1.175758317847924,0.021952907087918014,0.16839247266761959,False
evar,3654,normalized,,0.021952907087918014,70,2.810758650535946,11.23192604320695,1.005452574384923,0.021952907087918017,0.19578119390644133,False
evar,3654,normalized,,0.021952907087918014,80,2.783656795334571,12.176702817317157,1.1045514478979193,0.021952907087918014,0.22215265757404268,False
evar,3654,normalized,,0.021952907087918014,90,2.756564979897495,12.199849406934323,1.1195675241595182,0.021952907087918017,0.2492951366584748,False
evar,3654,normalized,,0.021952907087918014,100,2.7294415711091395,,,,0.2736995704472065,False
cvar,3654,lr_grid,0.01,,0,3.0007393790825727,16.74743002515772,1.4245598329302742,0.014245598329302741,0.0011430538725107908,False
cvar,3654,lr_grid,0.01,,10,2.9834802077278177,16.590110846131708,1.418994225501589,0.01418994225501589,0.011148345423862338,False
cvar,3654,lr_grid,0.01,,20,2.966303403877079,16.23981557732792,1.3971213528936255,0.013971213528936256,0.021076537668704987,False
cvar,3654,lr_grid,0.01,,30,2.9493123169772226,16.157084713822673,1.3986049408262289,0.013986049408262289,0.03130661393515766,False
cvar,3654,lr_grid,0.01,,40,2.9324333877082336,15.666088536403072,1.3621930969884737,0.013621930969884738,0.04128630179911852,False
cvar,3654,lr_grid,0.01,,50,2.9156523016682163,15.831323255396121,1.3867591132565025,0.013867591132565027,0.05136960279196501,False
cvar,3654,lr_grid,0.01,,60,2.898907436211536,15.895920615772539,1.4044367555781003,0.014044367555781003,0.06141574098728597,False
cvar,3654,lr_grid,0.01,,70,2.8821045817763267,14.42430347188383,1.289492668863689,0.012894926688636892,0.07147417031228542,False
cvar,3654,lr_grid,0.01,,80,2.865432505422458,14.988785065271317,1.3337319344062684,0.013337319344062685,0.08160046976990998,False
cvar,3654,lr_grid,0.01,,90,2.8490016002778975,15.1233928913043,1.3574082611742844,0.013574082611742843,0.0916081489995122,False
cvar,3654,lr_grid,0.01,,100,2.8326326224588403,,,,0.10053463350050151,False
cvar,3654,lr_grid,0.03,,0,3.0007393790825727,16.74743002515772,1.4245598329302742,0.04273679498790822,0.0012016680557280779,False
cvar,3654,lr_grid,0.03,,10,2.949249484804372,16.197427966141877,1.4020676496268925,0.042062029488806774,0.011236964259296656,False
cvar,3654,lr_grid,0.03,,20,2.89863606064174,15.479954766782306,1.3640679280060293,0.04092203784018087,0.021699757082387805,False
cvar,3654,lr_grid,0.03,,30,2.849188949866962,15.037584787522523,1.3491415245695988,0.04047424573708796,0.03184524388052523,False
cvar,3654,lr_grid,0.03,,40,2.800670282302253,14.240220723291088,1.2984818930932713,0.038954456792798145,0.04190501314587891,False
cvar,3654,lr_grid,0.03,,50,2.7530289068357683,14.047577632463797,1.306408717546188,0.039192261526385636,0.05195796745829284,False
cvar,3654,lr_grid,0.03,,60,2.70607643545978,13.766810460219645,1.306975358071661,0.03920926074214983,0.06191835645586252,False
cvar,3654,lr_grid,0.03,,70,2.6595500106316163,12.215877982863919,1.1861853878112085,0.03558556163433626,0.07194139761850238,False
cvar,3654,lr_grid,0.03,,80,2.613966270325421,12.377723289486635,1.2116165856496726,0.03634849756949018,0.08205492189154029,False
cvar,3654,lr_grid,0.03,,90,2.5696176128603767,12.185896866842274,1.2183903861010117,0.03655171158303035,0.09205335890874267,False
cvar,3654,lr_grid,0.03,,100,2.525980596938664,,,,0.10093750385567546,False
cvar,3654,lr_grid,0.1,,0,3.0007393790825727,16.74743002515772,1.4245598329302742,0.14245598329302742,0.0011646219063550234,False
cvar,3654,lr_grid,0.1,,10,2.8324244958115536,14.891337430857025,1.3444587448647995,0.13444587448647996,0.01118562719784677,False
cvar,3654,lr_grid,0.1,,20,2.674050196563967,13.084059047889058,1.2538288619028264,0.12538288619028265,0.021286831237375736,False
cvar,3654,lr_grid,0.1,,30,2.525973977123739,11.688579172605426,1.1892953884720399,0.11892953884720399,0.03130804211832583,False
cvar,3654,lr_grid,0.1,,40,2.386943706734129,10.190700831332176,1.1002668672524525,0.11002668672524527,0.04136625933460891,False
cvar,3654,lr_grid,0.1,,50,2.256313299305056,9.235145307419891,1.0588386936543235,0.10588386936543234,0.05145873827859759,False
cvar,3654,lr_grid,0.1,,60,2.1332808790562776,8.31111136502437,1.015459024750389,0.1015459024750389,0.06161071895621717,False
cvar,3654,lr_grid,0.1,,70,2.016927112660017,6.836098383566093,0.8847645273050426,0.08847645273050427,0.07170479232445359,False
cvar,3654,lr_grid,0.1,,80,1.9080488477183264,6.331680938499421,0.8651474287685927,0.08651474287685929,0.08182244515046477,False
cvar,3654,lr_grid,0.1,,90,1.8070669078680353,5.715343274033092,0.8334653436627232,0.08334653436627233,0.09181863465346396,False
cvar,3654,lr_grid,0.1,,100,1.7122280476318565,,,,0.10078627616167068,False
cvar,3654,normalized,,0.021952907087918014,0,3.0007393790825727,16.74743002515772,1.4245598329302742,0.02195290708791801,0.0012100772000849247,False
cvar,3654,normalized,,0.021952907087918014,10,2.973797254096594,16.478572407085377,1.4142048180865052,0.021952907087918014,0.01141495699994266,False
cvar,3654,normalized,,0.021952907087918014,20,2.9468660413141845,16.019734957645824,1.3875756355353306,0.021952907087918014,0.021506310673430562,False
cvar,3654,normalized,,0.021952907087918014,30,2.919923374257107,15.82447924433488,1.3840918632066588,0.021952907087918014,0.031721576349809766,False
cvar,3654,normalized,,0.021952907087918014,40,2.8929748499783563,15.232227675978974,1.34311695685541,0.021952907087918014,0.04179090587422252,False
cvar,3654,normalized,,0.021952907087918014,50,2.8660705194257456,15.27665157112333,1.36228580822124,0.021952907087918014,0.05182872153818607,False
cvar,3654,normalized,,0.021952907087918014,60,2.839110201560046,15.220000059611236,1.3743013244791875,0.02195290708791801,0.061753887915983796,False
cvar,3654,normalized,,0.021952907087918014,70,2.8122225602306363,13.711750067429827,1.257046533860302,0.021952907087918014,0.07176188379526138,False
cvar,3654,normalized,,0.021952907087918014,80,2.7853283838481184,14.131068359439166,1.2949395882690176,0.021952907087918014,0.08173403493128717,False
cvar,3654,normalized,,0.021952907087918014,90,2.7584887592838347,14.138573747205976,1.312413603108429,0.021952907087918014,0.09179069590754807,False
cvar,3654,normalized,,0.021952907087918014,100,2.7315998092507847,,,,0.10086850728839636,False
sampled_max,3654,lr_grid,0.003,,0,3.0007393790825727,17.176671573164505,1.4652931265264173,0.004395879379579252,0.0011283219791948795,False
sampled_max,3654,lr_grid,0.003,,10,2.9953709354540883,17.11048670970154,1.4624673803927017,0.004387402141178106,0.010559432907029986,False
sampled_max,3654,lr_grid,0.003,,20,2.9900066464105666,17.016441329617187,1.4584427195478566,0.004375328158643571,0.019931454677134752,False
sampled_max,3654,lr_grid,0.003,,30,2.984659136751532,16.984956139560293,1.4570928307575453,0.004371278492272636,0.02926616184413433,False
sampled_max,3654,lr_grid,0.003,,40,2.9793163849447186,16.921363348851266,1.4543625471684865,0.00436308764150546,0.03859867621213198,False
sampled_max,3654,lr_grid,0.003,,50,2.9739867281885726,16.85282326279358,1.4514141062595463,0.004354242318778639,0.04797160276211798,False
sampled_max,3654,lr_grid,0.003,,60,2.9686656456785045,16.79216915237616,1.4487998978627172,0.004346399693588152,0.057337259873747826,False
sampled_max,3654,lr_grid,0.003,,70,2.963350740621516,16.72564974433485,1.445927459467402,0.004337782378402206,0.06666632811538875,False
sampled_max,3654,lr_grid,0.003,,80,2.9580499886736282,16.651400125816792,1.442714460912865,0.004328143382738595,0.07624320196919143,False
sampled_max,3654,lr_grid,0.003,,90,2.9527534385796317,16.607184998764403,1.4407977390479034,0.00432239321714371,0.08562632277607918,False
sampled_max,3654,lr_grid,0.003,,100,2.947472509902584,,,,0.0939215759281069,False
sampled_max,3654,lr_grid,0.01,,0,3.0007393790825727,17.176671573164505,1.4652931265264173,0.014652931265264173,0.0011163009330630302,False
sampled_max,3654,lr_grid,0.01,,10,2.982881076025458,16.961544336919715,1.4560882672815423,0.014560882672815422,0.010463316924870014,False
sampled_max,3654,lr_grid,0.01,,20,2.9651169158014827,16.721515657931477,1.4457487531523014,0.014457487531523016,0.019796703942120075,False
sampled_max,3654,lr_grid,0.01,,30,2.9474883392732605,16.545177401000295,1.4381054116875567,0.014381054116875566,0.029122585896402597,False
sampled_max,3654,lr_grid,0.01,,40,2.92995502235855,16.33962602275855,1.4291442379426995,0.014291442379426993,0.038395554991438985,False
sampled_max,3654,lr_grid,0.01,,50,2.9125440784185823,16.131897672179015,1.4200307070702296,0.014200307070702299,0.04765502526424825,False
sampled_max,3654,lr_grid,0.01,,60,2.89523984805004,15.933759981625336,1.4112831033152657,0.014112831033152657,0.05695054377429187,False
sampled_max,3654,lr_grid,0.01,,70,2.878035366031225,15.732595372518208,1.402346042018437,0.014023460420184371,0.06633005011826754,False
sampled_max,3654,lr_grid,0.01,,80,2.860955635353155,15.526336984651696,1.393123154312447,0.013931231543124468,0.07563804625533521,False
sampled_max,3654,lr_grid,0.01,,90,2.843964304017008,15.349889963067461,1.3851845528244358,0.01385184552824436,0.0849818077404052,False
sampled_max,3654,lr_grid,0.01,,100,2.8271013946195964,,,,0.09333879593759775,False
sampled_max,3654,lr_grid,0.03,,0,3.0007393790825727,17.176671573164505,1.4652931265264173,0.04395879379579252,0.0011292099952697754,False
sampled_max,3654,lr_grid,0.03,,10,2.9474755669771704,16.54275278637142,1.4380000341781733,0.043140001025345195,0.010556271765381098,False
sampled_max,3654,lr_grid,0.03,,20,2.895177764492483,15.906117373944525,1.4100583930260002,0.04230175179078,0.01992177846841514,False
sampled_max,3654,lr_grid,0.03,,30,2.843946804259929,15.349417987725966,1.3851632569721686,0.04155489770916505,0.029480312718078494,False
sampled_max,3654,lr_grid,0.03,,40,2.7936626764483585,14.784060191368027,1.3594144047791328,0.04078243214337398,0.038809373741969466,False
sampled_max,3654,lr_grid,0.03,,50,2.744371194423003,14.235574000151164,1.33395905110273,0.0400187715330819,0.04812327423132956,False
sampled_max,3654,lr_grid,0.03,,60,2.6960235466887608,13.71354905023296,1.3092721761647268,0.03927816528494181,0.05746199330314994,False
sampled_max,3654,lr_grid,0.03,,70,2.6485760072454245,13.205692401391588,1.2848001985421502,0.038544005956264504,0.06681559490971267,False
sampled_max,3654,lr_grid,0.03,,80,2.602099544796738,12.711301378309138,1.2605207940722922,0.03781562382216876,0.07618615264073014,False
sampled_max,3654,lr_grid,0.03,,90,2.5564578841421324,12.255439426656164,1.2377115691194052,0.037131347073582156,0.08555261790752411,False
sampled_max,3654,lr_grid,0.03,,100,2.5117689306918582,,,,0.09395534847863019,False
sampled_max,3654,normalized,,0.021952907087918014,0,3.0007393790825727,17.176671573164505,1.4652931265264173,0.021952907087918014,0.001111811026930809,False
sampled_max,3654,normalized,,0.021952907087918014,10,2.9738989457048457,16.854821202230596,1.451500137884535,0.021952907087918014,0.010524070356041193,False
sampled_max,3654,normalized,,0.021952907087918014,20,2.9470422830678222,16.50890880486509,1.436528315282416,0.021952907087918014,0.019995422568172216,False
sampled_max,3654,normalized,,0.021952907087918014,30,2.920222453479168,16.22612706978867,1.424171999346843,0.021952907087918014,0.02939242380671203,False
sampled_max,3654,normalized,,0.021952907087918014,40,2.8933916140348708,15.915041628211764,1.410453899823199,0.02195290708791801,0.038912137039005756,False
sampled_max,3654,normalized,,0.021952907087918014,50,2.8665796120602347,15.602409680478313,1.3965318507144004,0.021952907087918014,0.04830463556572795,False
sampled_max,3654,normalized,,0.021952907087918014,60,2.839772684945698,15.299622193562422,1.3829145939628025,0.021952907087918014,0.057789693819358945,False
sampled_max,3654,normalized,,0.021952907087918014,70,2.812959584507238,14.994546993460833,1.369057476581098,0.021952907087918017,0.06723099038936198,False
sampled_max,3654,normalized,,0.021952907087918014,80,2.786178703661938,14.685603805501778,1.3548802440392,0.021952907087918014,0.07675391458906233,False
sampled_max,3654,normalized,,0.021952907087918014,90,2.759369465009105,14.405025456628724,1.3418748757162833,0.021952907087918014,0.08641786058433354,False
sampled_max,3654,normalized,,0.021952907087918014,100,2.732607972079938,,,,0.09494268172420561,False
sw,1788,lr_grid,0.01,,0,2.7063702962734073,7.440041305924548,0.6728883844436446,0.006728883844436447,0.0011430350132286549,False
sw,1788,lr_grid,0.01,,10,2.6984113840146833,7.33589234885216,0.666633890293412,0.006666338902934121,0.010646437993273139,False
sw,1788,lr_grid,0.01,,20,2.690212707954375,6.045257322905883,0.5490554560865648,0.005490554560865647,0.02004741900600493,False
sw,1788,lr_grid,0.01,,30,2.682125362097877,7.197782301691028,0.6615622147394478,0.0066156221473944775,0.029652392491698265,False
sw,1788,lr_grid,0.01,,40,2.67417917748758,7.223665871055516,0.6606815517758512,0.0066068155177585125,0.03919951943680644,False
sw,1788,lr_grid,0.01,,50,2.666157472064726,7.157521645635491,0.6629488792380747,0.006629488792380746,0.04862197954207659,False
sw,1788,lr_grid,0.01,,60,2.657994456666012,6.853668257158933,0.6342695114050536,0.006342695114050536,0.05802930076606572,False
sw,1788,lr_grid,0.01,,70,2.649877128070225,6.823937823775457,0.6291224252516867,0.006291224252516868,0.06760324141941965,False
sw,1788,lr_grid,0.01,,80,2.641636306861743,6.824161915766594,0.6324342930100247,0.006324342930100248,0.0771105035673827,False
sw,1788,lr_grid,0.01,,90,2.6336174811293174,6.78750091053861,0.6355898744789554,0.006355898744789554,0.08655504579655826,False
sw,1788,lr_grid,0.01,,100,2.625934643037889,,,,0.09490289469249547,False
sw,1788,lr_grid,0.03,,0,2.7063702962734073,7.440041305924548,0.6728883844436446,0.020186651533309338,0.0010972358286380768,False
sw,1788,lr_grid,0.03,,10,2.682558326583721,7.250252568290795,0.6626781026229941,0.01988034307868982,0.010565279051661491,False
sw,1788,lr_grid,0.03,,20,2.658178898684178,5.902726815738336,0.5424623653217981,0.016273870959653946,0.019922201754525304,False
sw,1788,lr_grid,0.03,,30,2.6342812106652875,6.942924378837908,0.6495979479202655,0.019487938437607964,0.029187558917328715,False
sw,1788,lr_grid,0.03,,40,2.610943762289025,6.886308546900569,0.6448057467687176,0.019344172403061525,0.03879103413783014,False
sw,1788,lr_grid,0.03,,50,2.5875283771423003,6.7404999189072665,0.6430241380826852,0.019290724142480557,0.04822094296105206,False
sw,1788,lr_grid,0.03,,60,2.563851160416311,6.377469713149717,0.6114527871785203,0.018343583615355607,0.0576322334818542,False
sw,1788,lr_grid,0.03,,70,2.540451405670584,6.273061962583126,0.602652917792988,0.01807958753378964,0.06702170800417662,False
sw,1788,lr_grid,0.03,,80,2.5168472309359453,6.195670363964036,0.6021233753601541,0.018063701260804622,0.07648434792645276,False
sw,1788,lr_grid,0.03,,90,2.4940249845193727,6.087500900559707,0.6014813187390161,0.018044439562170483,0.08593796915374696,False
sw,1788,lr_grid,0.03,,100,2.4722917879749327,,,,0.09429221926257014,False
sw,1788,lr_grid,0.1,,0,2.7063702962734073,7.440041305924548,0.6728883844436446,0.06728883844436447,0.0011122319847345352,False
sw,1788,lr_grid,0.1,,10,2.6277463440235778,6.957996730637441,0.6490724649045277,0.06490724649045278,0.010587200988084078,False
sw,1788,lr_grid,0.1,,20,2.5489630693085643,5.429596180601559,0.5198747638230762,0.05198747638230762,0.019973188173025846,False
sw,1788,lr_grid,0.1,,30,2.4733945267981903,6.119528622080486,0.6094624108190948,0.060946241081909484,0.029399058781564236,False
sw,1788,lr_grid,0.1,,40,2.4011795928415745,5.825012286567724,0.592292272776754,0.0592292272776754,0.03877757443115115,False
sw,1788,lr_grid,0.1,,50,2.3302569923713983,5.46373033954192,0.5779598961848866,0.05779598961848866,0.04821538343094289,False
sw,1788,lr_grid,0.1,,60,2.2601104353603647,4.958262028237287,0.5380163810756661,0.05380163810756662,0.057610361371189356,False
sw,1788,lr_grid,0.1,,70,2.1922826184004465,4.674889722875327,0.5190629538796453,0.05190629538796454,0.06703571416437626,False
sw,1788,lr_grid,0.1,,80,2.125364447298214,4.421055019421787,0.5073476596300223,0.05073476596300223,0.07640922628343105,False
sw,1788,lr_grid,0.1,,90,2.0621114670588345,4.162464794144027,0.4960492829952941,0.04960492829952941,0.08588107349351048,False
sw,1788,lr_grid,0.1,,100,2.0031425525623616,,,,0.09425832773558795,False
sw,1788,normalized,,0.021952907087918014,0,2.7063702962734073,7.440041305924548,0.6728883844436446,0.021952907087918014,0.00106711289845407,False
sw,1788,normalized,,0.021952907087918014,10,2.6795570255159986,7.234064015508262,0.661963500690378,0.021952907087918014,0.010546150850132108,False
sw,1788,normalized,,0.021952907087918014,20,2.6527485002820175,5.878717812260561,0.5413335869171251,0.02195290708791801,0.020053423242643476,False
sw,1788,normalized,,0.021952907087918014,30,2.6259614502782838,6.899027751518877,0.647489340133796,0.021952907087918014,0.02957193902693689,False
sw,1788,normalized,,0.021952907087918014,40,2.599219596661334,6.824653045560762,0.6418890026955825,0.02195290708791801,0.03910375130362809,False
sw,1788,normalized,,0.021952907087918014,50,2.572434923834306,6.661905949466074,0.6392092306085113,0.021952907087918014,0.04856606759130955,False
sw,1788,normalized,,0.021952907087918014,60,2.545715506890254,6.287686580829351,0.6070894289411195,0.02195290708791801,0.05819712043739855,False
sw,1788,normalized,,0.021952907087918014,70,2.5189469437939196,6.167531904519633,0.5974858528931652,0.021952907087918017,0.06774980458430946,False
sw,1788,normalized,,0.021952907087918014,80,2.4921753182903426,6.0749842519383925,0.5961277749242601,0.021952907087918014,0.07734438986517489,False
sw,1788,normalized,,0.021952907087918014,90,2.465437692934987,5.948891678270594,0.5945268457128231,0.021952907087918014,0.08684265217743814,False
sw,1788,normalized,,0.021952907087918014,100,2.4387902325793096,,,,0.09524097386747599,False
ebsw_exp,1788,lr_grid,0.003,,0,2.7063702962734073,14.17025684538471,1.3419680981630318,0.004025904294489096,0.0011814930476248264,False
ebsw_exp,1788,lr_grid,0.003,,10,2.701505150208993,14.069293037123828,1.3294094841269617,0.003988228452380885,0.011293260846287012,False
ebsw_exp,1788,lr_grid,0.003,,20,2.696671787651687,14.112774143844273,1.348460704831787,0.004045382114495361,0.021298773819580674,False
ebsw_exp,1788,lr_grid,0.003,,30,2.691823306850309,14.066110947836094,1.3479504356130414,0.004043851306839125,0.03135419311001897,False
ebsw_exp,1788,lr_grid,0.003,,40,2.686981862704903,14.029518067082137,1.335927295701571,0.004007781887104714,0.04137691459618509,False
ebsw_exp,1788,lr_grid,0.003,,50,2.682147599013994,13.939297363719323,1.3423100872570055,0.004026930261771016,0.05142335454002023,False
ebsw_exp,1788,lr_grid,0.003,,60,2.6773308991328006,13.904890575623197,1.3345577911020647,0.004003673373306194,0.06141979061067104,False
ebsw_exp,1788,lr_grid,0.003,,70,2.672526968156516,13.877562275620704,1.3279772612554335,0.003983931783766301,0.07145233964547515,False
ebsw_exp,1788,lr_grid,0.003,,80,2.6677262128553325,13.756848584645388,1.3248667279922923,0.003974600183976878,0.08146897447295487,False
ebsw_exp,1788,lr_grid,0.003,,90,2.6629362741693994,13.671228826564434,1.325586198827785,0.003976758596483355,0.09147909027524292,False
ebsw_exp,1788,lr_grid,0.003,,100,2.658151137755505,,,,0.100404356373474,False
ebsw_exp,1788,lr_grid,0.01,,0,2.7063702962734073,14.17025684538471,1.3419680981630318,0.013419680981630319,0.0012194549199193716,False
ebsw_exp,1788,lr_grid,0.01,,10,2.690186312327425,13.944976201096607,1.3235713942642002,0.013235713942642004,0.011302205501124263,False
ebsw_exp,1788,lr_grid,0.01,,20,2.6741803745420243,13.862596071797935,1.336912284498848,0.013369122844988481,0.02140975184738636,False
ebsw_exp,1788,lr_grid,0.01,,30,2.6581966317384085,13.69285197856102,1.3307635651878094,0.013307635651878095,0.03146498370915651,False
ebsw_exp,1788,lr_grid,0.01,,40,2.642308502940571,13.538911394716399,1.3130951021382065,0.013130951021382065,0.04155745659954846,False
ebsw_exp,1788,lr_grid,0.01,,50,2.626512275903375,13.326790193550229,1.313592097558652,0.013135920975586518,0.05152336065657437,False
ebsw_exp,1788,lr_grid,0.01,,60,2.610845872554954,13.178713769017643,1.3011010225121744,0.013011010225121746,0.06182958907447755,False
ebsw_exp,1788,lr_grid,0.01,,70,2.5952939713952423,13.039583380303805,1.2885320274005767,0.012885320274005768,0.07190483203157783,False
ebsw_exp,1788,lr_grid,0.01,,80,2.57982167402421,12.807512051847805,1.2790368261510607,0.012790368261510608,0.08203654643148184,False
ebsw_exp,1788,lr_grid,0.01,,90,2.5644537335863267,12.609526630477262,1.2733140736761162,0.012733140736761161,0.0922497664578259,False
ebsw_exp,1788,lr_grid,0.01,,100,2.5491773794310486,,,,0.10121824452653527,False
ebsw_exp,1788,lr_grid,0.03,,0,2.7063702962734073,14.17025684538471,1.3419680981630318,0.04025904294489095,0.0012340848334133625,False
ebsw_exp,1788,lr_grid,0.03,,10,2.6581007572157564,13.595419310830966,1.307308408438574,0.039219252253157214,0.011542594525963068,False
ebsw_exp,1788,lr_grid,0.03,,20,2.6109760317732147,13.17065878321999,1.3043720300805492,0.03913116090241647,0.021692288108170033,False
ebsw_exp,1788,lr_grid,0.03,,30,2.5645215402396433,12.677488508762345,1.2824819814397381,0.03847445944319214,0.031852494459599257,False
ebsw_exp,1788,lr_grid,0.03,,40,2.5189407425202295,12.226601224032818,1.249587453263082,0.037487623597892455,0.04195774788968265,False
ebsw_exp,1788,lr_grid,0.03,,50,2.474190627875799,11.715198979378528,1.2344155866676232,0.03703246760002869,0.052023818949237466,False
ebsw_exp,1788,lr_grid,0.03,,60,2.4303920392735683,11.296957662336094,1.2099953753323627,0.03629986125997088,0.06210561585612595,False
ebsw_exp,1788,lr_grid,0.03,,70,2.387497173436763,10.90611452505959,1.181599762740629,0.035447992882218865,0.07210544077679515,False
ebsw_exp,1788,lr_grid,0.03,,80,2.3453773579119916,10.432981761257341,1.1566675805058566,0.034700027415175694,0.08212018688209355,False
ebsw_exp,1788,lr_grid,0.03,,90,2.3040710245685645,10.000997938171585,1.134347636585591,0.03403042909756773,0.09221982187591493,False
ebsw_exp,1788,lr_grid,0.03,,100,2.26361728584242,,,,0.1011956341098994,False
ebsw_exp,1788,normalized,,0.021952907087918014,0,2.7063702962734073,14.17025684538471,1.3419680981630318,0.021952907087918014,0.0012032741215080023,False
ebsw_exp,1788,normalized,,0.021952907087918014,10,2.6798782715550162,13.832223615339355,1.3182512683501098,0.021952907087918014,0.011409233324229717,False
ebsw_exp,1788,normalized,,0.021952907087918014,20,2.6534080590187417,13.633390609942708,1.32622814987997,0.02195290708791801,0.02153056301176548,False
ebsw_exp,1788,normalized,,0.021952907087918014,30,2.6269646673484646,13.350327580366352,1.3146401927241107,0.021952907087918014,0.031704983906820416,False
ebsw_exp,1788,normalized,,0.021952907087918014,40,2.6005253816260208,13.08744927234828,1.2916494594772647,0.021952907087918017,0.042083913926035166,False
ebsw_exp,1788,normalized,,0.021952907087918014,50,2.574078511343469,12.761209961333574,1.286403181732866,0.02195290708791801,0.052199786994606256,False
ebsw_exp,1788,normalized,,0.021952907087918014,60,2.547652080642719,12.504914718212861,1.2692572839511027,0.021952907087918014,0.062357850605621934,False
ebsw_exp,1788,normalized,,0.021952907087918014,70,2.521223867742141,12.258801611560486,1.2505235181502206,0.021952907087918014,0.07244688016362488,False
ebsw_exp,1788,normalized,,0.021952907087918014,80,2.494817174047353,11.920147757854995,1.234603958318904,0.02195290708791801,0.08254419662989676,False
ebsw_exp,1788,normalized,,0.021952907087918014,90,2.4684160693712194,11.613924861530712,1.2221233469158677,0.021952907087918017,0.09272336703725159,False
ebsw_exp,1788,normalized,,0.021952907087918014,100,2.4420339869705674,,,,0.10175647051073611,False
evar,1788,lr_grid,0.01,,0,2.7063702962734073,11.882391763477262,1.0912113722628212,0.010912113722628212,0.002800324931740761,False
evar,1788,lr_grid,0.01,,10,2.6931077316673013,11.872542156925565,1.0987481642263899,0.010987481642263899,0.030151574639603496,False
evar,1788,lr_grid,0.01,,20,2.679658283986736,10.777060853168747,0.9974542144518015,0.009974542144518017,0.0566493954975158,False
evar,1788,lr_grid,0.01,,30,2.666399708425508,11.506905633963278,1.0739399270756458,0.010739399270756459,0.0835477476939559,False
evar,1788,lr_grid,0.01,,40,2.6532753961795783,11.754826078487135,1.1030433841279994,0.011030433841279995,0.11115091852843761,False
evar,1788,lr_grid,0.01,,50,2.640167550414607,11.401007384710091,1.0800520014005264,0.010800520014005265,0.13853792822919786,False
evar,1788,lr_grid,0.01,,60,2.6269722193973575,10.82576288401903,1.0222036628403082,0.010222036628403082,0.16576740331947803,False
evar,1788,lr_grid,0.01,,70,2.6138730025586208,11.217730480822336,1.0680500822795795,0.010680500822795796,0.1928152833133936,False
evar,1788,lr_grid,0.01,,80,2.600726781580909,10.84659319245075,1.0379782281918906,0.010379782281918905,0.2202748127747327,False
evar,1788,lr_grid,0.01,,90,2.587778273712117,10.856714442126567,1.0449182404252224,0.010449182404252225,0.247715360019356,False
evar,1788,lr_grid,0.01,,100,2.575203757004188,,,,0.2725763206835836,False
evar,1788,lr_grid,0.03,,0,2.7063702962734073,11.882391763477262,1.0912113722628212,0.03273634116788464,0.0027575429994612932,False
evar,1788,lr_grid,0.03,,10,2.666767844047319,11.636793724461832,1.087759778639812,0.03263279335919437,0.03038745140656829,False
evar,1788,lr_grid,0.03,,20,2.627025192995854,10.35019488822894,0.9772428803258523,0.029317286409775562,0.057567977579310536,False
evar,1788,lr_grid,0.03,,30,2.588259034923821,10.827701803769653,1.0415072386609459,0.031245217159828375,0.08480826229788363,False
evar,1788,lr_grid,0.03,,40,2.5502832618358626,10.839615427157153,1.058987549458992,0.03176962648376976,0.11207629088312387,False
evar,1788,lr_grid,0.03,,50,2.512753209798326,10.302593810950373,1.026326813142692,0.030789804394280758,0.13925959262996912,False
evar,1788,lr_grid,0.03,,60,2.4753718213975757,9.58926174452241,0.9615232859646263,0.028845698578938785,0.1658624606207013,False
evar,1788,lr_grid,0.03,,70,2.438652035770259,9.731835912374745,0.9940756081661564,0.02982226824498469,0.19340258208103478,False
evar,1788,lr_grid,0.03,,80,2.4021942961145926,9.218595481444137,0.9562429083883832,0.028687287251651497,0.22052140138112009,False
evar,1788,lr_grid,0.03,,90,2.3666643086738732,9.03998679208946,0.9529653530626512,0.028588960591879535,0.24780052388086915,False
evar,1788,lr_grid,0.03,,100,2.332517310899904,,,,0.2720483068842441,False
evar,1788,lr_grid,0.1,,0,2.7063702962734073,11.882391763477262,1.0912113722628212,0.10912113722628214,0.0027749778237193823,False
evar,1788,lr_grid,0.1,,10,2.5764992058683718,10.846371749763584,1.0499782302037595,0.10499782302037595,0.02982452674768865,False
evar,1788,lr_grid,0.1,,20,2.450876540853787,8.983281417614744,0.9097095027783771,0.09097095027783772,0.05701228603720665,False
evar,1788,lr_grid,0.1,,30,2.332797084481208,8.748564103301995,0.9354512280423604,0.09354512280423603,0.0839051017537713,False
evar,1788,lr_grid,0.1,,40,2.2213271646600448,8.159797231796896,0.9178052801682938,0.09178052801682937,0.11068283743225038,False
evar,1788,lr_grid,0.1,,50,2.115201819047129,7.226118521079678,0.8580448130430465,0.08580448130430465,0.13780814339406788,False
evar,1788,lr_grid,0.1,,60,2.0133848560975243,6.275553743413578,0.7756276789966365,0.07756276789966367,0.16510061221197248,False
evar,1788,lr_grid,0.1,,70,1.9171124388501872,5.921350577945871,0.7731692456771007,0.07731692456771007,0.19239431619644165,False
evar,1788,lr_grid,0.1,,80,1.8251456240475517,5.222604540349306,0.7169786818902777,0.07169786818902775,0.220529074780643,False
evar,1788,lr_grid,0.1,,90,1.738887817133139,4.76836641602078,0.6893228628153683,0.06893228628153684,0.2480794438160956,False
evar,1788,lr_grid,0.1,,100,1.659040202245871,,,,0.2730539496988058,False
evar,1788,normalized,,0.021952907087918014,0,2.7063702962734073,11.882391763477262,1.0912113722628212,0.021952907087918017,0.002821095986291766,False
evar,1788,normalized,,0.021952907087918014,10,2.679663204583106,11.751904196058033,1.093116092701291,0.021952907087918014,0.0305469271261245,False
evar,1788,normalized,,0.021952907087918014,20,2.6529749269144065,10.55959337263771,0.9872098744800759,0.021952907087918014,0.058040293864905834,False
evar,1788,normalized,,0.021952907087918014,30,2.6262836781313963,11.155694377731788,1.0573023610239443,0.021952907087918014,0.08493056381121278,False
evar,1788,normalized,,0.021952907087918014,40,2.5995987232902027,11.2733420115761,1.080037702826574,0.02195290708791801,0.11182762030512094,False
evar,1788,normalized,,0.021952907087918014,50,2.5729353715385743,10.814679858159533,1.0516614586565638,0.021952907087918017,0.13876370969228446,False
evar,1788,normalized,,0.021952907087918014,60,2.5462966552880917,10.158608947145801,0.9898951265090351,0.021952907087918014,0.1663284064270556,False
evar,1788,normalized,,0.021952907087918014,70,2.5196465321507158,10.405876948890109,1.0283037717005745,0.021952907087918017,0.193476477637887,False
evar,1788,normalized,,0.021952907087918014,80,2.4930150915324902,9.947285411071823,0.9935144771204232,0.021952907087918014,0.22039231355302036,False
evar,1788,normalized,,0.021952907087918014,90,2.466382585537807,9.839281558585597,0.9942842970701536,0.021952907087918014,0.2476897956803441,False
evar,1788,normalized,,0.021952907087918014,100,2.439766966720457,,,,0.2721429367084056,False
cvar,1788,lr_grid,0.01,,0,2.7063702962734073,13.89525978825457,1.286717432222429,0.012867174322224291,0.0012092080432921648,False
cvar,1788,lr_grid,0.01,,10,2.6907182486684507,13.806238655974632,1.2865988762232183,0.01286598876223218,0.01121927029453218,False
cvar,1788,lr_grid,0.01,,20,2.6751719209058593,13.086844674663443,1.2229554515802794,0.012229554515802795,0.02124436548911035,False
cvar,1788,lr_grid,0.01,,30,2.6597973658373237,13.232763661023004,1.2466057763172969,0.012466057763172968,0.03126550232991576,False
cvar,1788,lr_grid,0.01,,40,2.644567736573523,13.454027067804244,1.2775824076976028,0.012775824076976031,0.04146644612774253,False
cvar,1788,lr_grid,0.01,,50,2.6294131525160074,13.000637555428337,1.239967120341609,0.01239967120341609,0.0514960796572268,False
cvar,1788,lr_grid,0.01,,60,2.614244747484057,12.544775318614475,1.201259587147657,0.01201259587147657,0.06155804707668722,False
cvar,1788,lr_grid,0.01,,70,2.5991734746281865,12.945229383734572,1.2515215778128002,0.012515215778128,0.07162748090922832,False
cvar,1788,lr_grid,0.01,,80,2.5841629462429716,12.605195127638234,1.2245368419670666,0.012245368419670666,0.08168716123327613,False
cvar,1788,lr_grid,0.01,,90,2.5692488022119555,12.43154777114417,1.2140297893124687,0.012140297893124688,0.0917512159794569,False
cvar,1788,lr_grid,0.01,,100,2.5546482352692768,,,,0.10075205890461802,False
cvar,1788,lr_grid,0.03,,0,2.7063702962734073,13.89525978825457,1.286717432222429,0.03860152296667287,0.0011859231162816286,False
cvar,1788,lr_grid,0.03,,10,2.65967706504481,13.478300997053491,1.2713064777017442,0.038139194331052326,0.011225864524021745,False
cvar,1788,lr_grid,0.03,,20,2.613871935323187,12.475074480786331,1.194064762436387,0.0358219428730916,0.021253259386867285,False
cvar,1788,lr_grid,0.03,,30,2.569127935203639,12.315757897641346,1.2025940044402237,0.03607782013320671,0.03129736613482237,False
cvar,1788,lr_grid,0.03,,40,2.525350097760582,12.224547184828905,1.217946142410626,0.03653838427231877,0.04143139603547752,False
cvar,1788,lr_grid,0.03,,50,2.48232920345038,11.536973113146644,1.1680617943378806,0.035041853830136416,0.05150513839907944,False
cvar,1788,lr_grid,0.03,,60,2.4397993865572576,10.870700311448134,1.118197141440746,0.033545914243222376,0.06159736029803753,False
cvar,1788,lr_grid,0.03,,70,2.3980689213946773,10.94622395477672,1.1510619805853635,0.0345318594175609,0.071612837491557,False
cvar,1788,lr_grid,0.03,,80,2.357029160215361,10.40771796769704,1.1128225946034276,0.033384677838102825,0.08190701436251402,False
cvar,1788,lr_grid,0.03,,90,2.3167581124962,10.021002181175158,1.0905332948199566,0.0327159988445987,0.09188527427613735,False
cvar,1788,lr_grid,0.03,,100,2.2778213384731885,,,,0.10092379921115935,False
cvar,1788,lr_grid,0.1,,0,2.7063702962734073,13.89525978825457,1.286717432222429,0.12867174322224292,0.0011076349765062332,False
cvar,1788,lr_grid,0.1,,10,2.5537382340885757,12.387803555655609,1.2180875962493865,0.12180875962493866,0.011407827027142048,False
cvar,1788,lr_grid,0.1,,20,2.41041097118064,10.545522826986765,1.0977879147205805,0.10977879147205806,0.021686364663764834,False
cvar,1788,lr_grid,0.1,,30,2.2764092132438916,9.571860600147167,1.0602938827703323,0.10602938827703325,0.03173444629646838,False
cvar,1788,lr_grid,0.1,,40,2.1509674813517794,8.731492311360498,1.0296699828869618,0.10296699828869618,0.04191171959973872,False
cvar,1788,lr_grid,0.1,,50,2.0331282140514837,7.586474197645316,0.9472184919776694,0.09472184919776694,0.051965133752673864,False
cvar,1788,lr_grid,0.1,,60,1.9217457776470053,6.579013476845249,0.869161539063834,0.08691615390638341,0.062061939388513565,False
cvar,1788,lr_grid,0.1,,70,1.8173965016430265,6.075424077991963,0.8570558410874033,0.08570558410874032,0.0722379763610661,False
cvar,1788,lr_grid,0.1,,80,1.7194653305001093,5.3136376544244985,0.7947687480613367,0.07947687480613368,0.08229063428007066,False
cvar,1788,lr_grid,0.1,,90,1.627705657209072,4.705392972356912,0.7462301639775247,0.07462301639775248,0.0924011159222573,False
cvar,1788,lr_grid,0.1,,100,1.5430209885917692,,,,0.10142864077351987,False
cvar,1788,normalized,,0.021952907087918014,0,2.7063702962734073,13.89525978825457,1.286717432222429,0.021952907087918017,0.0011947238817811012,False
cvar,1788,normalized,,0.021952907087918014,10,2.6798258519935163,13.690732861217114,1.281208233389383,0.02195290708791801,0.01142431958578527,False
cvar,1788,normalized,,0.021952907087918014,20,2.6532791694540543,12.866743820685677,1.212641647739361,0.021952907087918014,0.02156103542074561,False
cvar,1788,normalized,,0.021952907087918014,30,2.626727882652868,12.894639219570248,1.230620287228369,0.021952907087918014,0.03177710110321641,False
cvar,1788,normalized,,0.021952907087918014,40,2.6001728728937943,12.989584280715887,1.255379074862887,0.021952907087918014,0.04191140760667622,False
cvar,1788,normalized,,0.021952907087918014,50,2.5736634772627784,12.436028010878076,1.2128146143857639,0.02195290708791801,0.05227109347470105,False
cvar,1788,normalized,,0.021952907087918014,60,2.5471806592786947,11.887592437003173,1.16945349786629,0.021952907087918014,0.06239638361148536,False
cvar,1788,normalized,,0.021952907087918014,70,2.520693715067463,12.146076736681476,1.2121865132048575,0.021952907087918017,0.07242435729131103,False
cvar,1788,normalized,,0.021952907087918014,80,2.4942177574772693,11.71101054169997,1.1803758666568276,0.021952907087918017,0.08277667174115777,False
cvar,1788,normalized,,0.021952907087918014,90,2.4677457425039857,11.432816147237954,1.1643083169831718,0.021952907087918014,0.09300073073245585,False
cvar,1788,normalized,,0.021952907087918014,100,2.441265596259276,,,,0.10201042122207582,False
sampled_max,1788,lr_grid,0.003,,0,2.7063702962734073,14.481672394733643,1.3454400950401715,0.004036320285120514,0.001141462940722704,False
sampled_max,1788,lr_grid,0.003,,10,2.7015034452195703,14.415658523656564,1.3423700367100981,0.004027110110130295,0.01067289523780346,False
sampled_max,1788,lr_grid,0.003,,20,2.6966520909299083,14.372415923907667,1.3403551732613481,0.004021065519784045,0.020215737633407116,False
sampled_max,1788,lr_grid,0.003,,30,2.691805372979527,14.319330514915508,1.3378775408700299,0.00401363262261009,0.029635741841048002,False
sampled_max,1788,lr_grid,0.003,,40,2.6869676955884834,14.265987522944663,1.3353832559861172,0.004006149767958351,0.03906074305996299,False
sampled_max,1788,lr_grid,0.003,,50,2.682143481146289,14.212255443781658,1.3328660587143433,0.003998598176143031,0.04850375326350331,False
sampled_max,1788,lr_grid,0.003,,60,2.6773288696097883,14.157190711558782,1.3302814886124092,0.0039908444658372285,0.05785612924955785,False
sampled_max,1788,lr_grid,0.003,,70,2.6725185240225513,14.105646378021858,1.3278575967522768,0.00398357279025683,0.06724280375055969,False
sampled_max,1788,lr_grid,0.003,,80,2.6677191373534836,14.052714142837083,1.325363824711779,0.003976091474135337,0.0766941187903285,False
sampled_max,1788,lr_grid,0.003,,90,2.662927203454295,13.990271839563864,1.3224159632829162,0.003967247889848749,0.08602715888991952,False
sampled_max,1788,lr_grid,0.003,,100,2.6581516577238724,,,,0.09442830784246325,False
sampled_max,1788,lr_grid,0.01,,0,2.7063702962734073,14.481672394733643,1.3454400950401715,0.013454400950401714,0.0012082071043550968,False
sampled_max,1788,lr_grid,0.01,,10,2.6901805989074807,14.290150736624998,1.3365136894465859,0.01336513689446586,0.010643216781318188,False
sampled_max,1788,lr_grid,0.01,,20,2.674115437547053,14.123264959983217,1.328686614667997,0.013286866146679968,0.020059708273038268,False
sampled_max,1788,lr_grid,0.01,,30,2.658136447198783,13.94853105073394,1.3204417372007533,0.01320441737200753,0.029429880203679204,False
sampled_max,1788,lr_grid,0.01,,40,2.642260726132836,13.775515623318555,1.3122269060321923,0.013122269060321922,0.038793027866631746,False
sampled_max,1788,lr_grid,0.01,,50,2.6265012049613694,13.604154526718442,1.304039614367526,0.013040396143675258,0.0481501747854054,False
sampled_max,1788,lr_grid,0.01,,60,2.610843399913544,13.433353630134352,1.2958276134450888,0.012958276134450886,0.05745359440334141,False
sampled_max,1788,lr_grid,0.01,,70,2.5952705747804194,13.267978823386827,1.287826600487563,0.012878266004875629,0.06694532441906631,False
sampled_max,1788,lr_grid,0.01,,80,2.5798003386355637,13.102954233847019,1.2797926704083271,0.012797926704083272,0.07638783613219857,False
sampled_max,1788,lr_grid,0.01,,90,2.5644261776823334,12.931096289969513,1.2713721077034015,0.012713721077034015,0.08589912508614361,False
sampled_max,1788,lr_grid,0.01,,100,2.5491756103601713,,,,0.0942665261682123,False
sampled_max,1788,lr_grid,0.03,,0,2.7063702962734073,14.481672394733643,1.3454400950401715,0.04036320285120514,0.0011230520904064178,False
sampled_max,1788,lr_grid,0.03,,10,2.6580841609285075,13.937255707155288,1.3199079374692808,0.03959723812407843,0.010607818141579628,False
sampled_max,1788,lr_grid,0.03,,20,2.610786830997253,13.43432144523196,1.2958742919951745,0.03887622875985523,0.0199882835149765,False
sampled_max,1788,lr_grid,0.03,,30,2.5643495189520107,12.940289555332264,1.2718239636115263,0.038154718908345785,0.029404408065602183,False
sampled_max,1788,lr_grid,0.03,,40,2.5188096730718463,12.464010540594176,1.2481992299205573,0.037445976897616716,0.038819193141534925,False
sampled_max,1788,lr_grid,0.03,,50,2.474186388001557,12.005058575358973,1.2250029885350777,0.03675008965605233,0.048283826326951385,False
sampled_max,1788,lr_grid,0.03,,60,2.4304257420418236,11.561302365010864,1.2021492401637817,0.03606447720491345,0.05789163918234408,False
sampled_max,1788,lr_grid,0.03,,70,2.3874656005018866,11.137147189324082,1.1798912656111622,0.03539673796833486,0.06728917337022722,False
sampled_max,1788,lr_grid,0.03,,80,2.3453492176527373,10.726606329796795,1.1579403228252307,0.03473820968475692,0.07670535426586866,False
sampled_max,1788,lr_grid,0.03,,90,2.304041730248686,10.324383748720802,1.1360228732688882,0.034080686198066645,0.0861338502727449,False
sampled_max,1788,lr_grid,0.03,,100,2.263608149899535,,,,0.09448490524664521,False
sampled_max,1788,normalized,,0.021952907087918014,0,2.7063702962734073,14.481672394733643,1.3454400950401715,0.021952907087918014,0.0011307140812277794,False
sampled_max,1788,normalized,,0.021952907087918014,10,2.679878372941376,14.176410058869006,1.3311841560650526,0.02195290708791801,0.010697934776544571,False
sampled_max,1788,normalized,,0.021952907087918014,20,2.653418651808132,13.896254586369285,1.317965031135561,0.021952907087918014,0.02017069677822292,False
sampled_max,1788,normalized,,0.021952907087918014,30,2.6269500363123144,13.609202995683864,1.3042815549031133,0.021952907087918017,0.029565546428784728,False
sampled_max,1788,normalized,,0.021952907087918014,40,2.6004924964805824,13.324705551824419,1.290576690467503,0.021952907087918014,0.03900525183416903,False
sampled_max,1788,normalized,,0.021952907087918014,50,2.57406167114206,13.042740629841283,1.276848690616927,0.021952907087918017,0.0484130559489131,False
sampled_max,1788,normalized,,0.021952907087918014,60,2.547641064076744,12.762176829701337,1.2630408163288576,0.021952907087918014,0.05796004249714315,False
sampled_max,1788,normalized,,0.021952907087918014,70,2.5212109471137145,12.48804519317028,1.2494021166727245,0.021952907087918017,0.0674644410610199,False
sampled_max,1788,normalized,,0.021952907087918014,80,2.4947912200276203,12.215009923634113,1.2356683375624156,0.021952907087918014,0.07694592885673046,False
sampled_max,1788,normalized,,0.021952907087918014,90,2.468383175827125,11.936956705669157,1.2215234701832973,0.021952907087918017,0.08642383711412549,False
sampled_max,1788,normalized,,0.021952907087918014,100,2.4420169487993486,,,,0.0949860189575702,False
