dataset,phase,control,method,sampling,aggregation,subject,seed,epoch,epochs,N_proj,sigma,d,m,training_power_loss,rooted_distance,lew,relative_lew,lew_reduction_pct,gap_closure,raw_gradient_norm,applied_update_norm,mean_h,std_h,max_h,min_h,spectral_entropy,spectral_effective_N,spectral_max_weight,spectral_top5_weight,bank_seed,bank_hash,bank_hash_kind,target_projection_hash,initial_source_hash,target_hash,direction_sampling_ms,source_projection_ms,target_projection_ms,wasserstein_1d_ms,sorting_aggregation_ms,backward_ms,optimizer_update_ms,total_epoch_ms,one_time_bank_sampling_ms,one_time_target_projection_ms,cumulative_optimization_ms,cumulative_evaluation_ms,cumulative_direct_projection_count,cumulative_direction_draw_count,learning_rate,eta_norm,nan,diverged,status
Schirrmeister2017,hgd_support_calibration,normalized_update,resampled_uniform_N5000,resampled,uniform,3,6398,0,100,5000,0.0,128,8256,0.0013692404310945326,0.03700324892620285,71.12992527977073,1.0,0.0,0.0,,,,,,,,,,,,,,,fa66d19baacaf6e69156c6de01dc8e4c07b1dc63c9d907414be5465835ec8e95,e86426c9fc39789e18f6d34424282846a53a79b76839f12f6f5a72d59f690eb6,0.0,0.0,0.0,0.0,0.0,0.0,0.0,0.0,0.0,0.0,0.0,37.62059402652085,0,0,,7.3473173386245945,False,False,initial
Schirrmeister2017,hgd_support_calibration,normalized_update,resampled_uniform_N5000,resampled,uniform,3,6398,1,100,5000,0.0,128,8256,0.0013692404310945326,0.03700324892620285,,,,,4.4182398378510435e-05,7.347317338624595,0.0013692404310945326,0.001661535701528709,0.017868667087262233,2.8500755554999914e-05,8.51719319141624,4999.999999999999,0.0002,0.001,6398.0,5c2a10687a0b3de3f364b536b7abc96459b27eeaabf01efb8464571e48def1bb,three_row_sha256,2b010c25e6936a6c33e79d7ec89f719a592b6d411845c3a3e6d6484c7b0596fc,fa66d19baacaf6e69156c6de01dc8e4c07b1dc63c9d907414be5465835ec8e95,e86426c9fc39789e18f6d34424282846a53a79b76839f12f6f5a72d59f690eb6,17.963232938200235,138.1148719228804,21.60399197600782,5.414613988250494,0.06297021172940731,138.3002761285752,0.7938949856907129,322.2538521513343,0.0,0.0,322.2538521513343,37.62059402652085,5000,5000,,7.3473173386245945,False,False,ok
Schirrmeister2017,hgd_support_calibration,normalized_update,resampled_uniform_N5000,resampled,uniform,3,6398,2,100,5000,0.0,128,8256,0.0013073000727917218,0.036156604829432226,,,,,4.303800781925442e-05,7.347317338624595,0.0013073000727917218,0.0016145516250151985,0.015615616939558036,2.100462046659295e-05,8.51719319141624,4999.999999999999,0.0002,0.001,6399.0,f191387254b15d943201eee276433dbed21aba7d0ad99cdc8d09e81f273395ac,three_row_sha256,73028c49dd95080c8fbf318953b7c5083d56375c88660d219d0cb2ccca84d0f7,fa66d19baacaf6e69156c6de01dc8e4c07b1dc63c9d907414be5465835ec8e95,e86426c9fc39789e18f6d34424282846a53a79b76839f12f6f5a72d59f690eb6,17.949999077245593,138.10118613764644,21.575283026322722,5.381193943321705,0.06364495493471622,138.27330502681434,0.7988759316504002,322.1434880979359,0.0,0.0,644.3973402492702,37.62059402652085,10000,10000,,7.3473173386245945,False,False,ok
Schirrmeister2017,hgd_support_calibration,normalized_update,resampled_uniform_N5000,resampled,uniform,3,6398,3,100,5000,0.0,128,8256,0.0012086477635257823,0.034765611795649194,,,,,4.153682591573361e-05,7.3473173386245945,0.0012086477635257823,0.0014746898850113376,0.019049030196283442,2.199495129162062e-05,8.51719319141624,4999.999999999999,0.0002,0.001,6401.0,843cbbd5debd5e91e0edb55162f818b438f31d6a802a04e7886476ec838afd51,three_row_sha256,1d80813b0465a5f47dec49a24c9f3115a33cd89413f508f4be6c2d5c1d7334f4,fa66d19baacaf6e69156c6de01dc8e4c07b1dc63c9d907414be5465835ec8e95,e86426c9fc39789e18f6d34424282846a53a79b76839f12f6f5a72d59f690eb6,17.952894093468785,138.1503469310701,21.596210077404976,5.4117420222610235,0.06515905261039734,138.27127288095653,0.7952142041176558,322.24283926188946,0.0,0.0,966.6401795111597,37.62059402652085,15000,15000,,7.3473173386245945,False,False,ok
Schirrmeister2017,hgd_support_calibration,normalized_update,resampled_uniform_N5000,resampled,uniform,3,6398,4,100,5000,0.0,128,8256,0.0010627316976282322,0.03259956591165337,,,,,3.847611933485518e-05,7.3473173386245945,0.0010627316976282322,0.001316049855006651,0.013389393620034013,1.7805347181494555e-05,8.51719319141624,4999.999999999999,0.0002,0.001,6404.0,c89575f898206a8e49b42afa2832c8cc07d0d147041999ff4a242559e2b53746,three_row_sha256,28e8a05b72b975b99814b7d1ebc742b4ef2f6938eb46d02ae2236cefe47705f4,fa66d19baacaf6e69156c6de01dc8e4c07b1dc63c9d907414be5465835ec8e95,e86426c9fc39789e18f6d34424282846a53a79b76839f12f6f5a72d59f690eb6,17.950175795704126,138.1403231061995,21.590295946225524,5.387875018641353,0.06217299960553646,138.25919711962342,0.7934039458632469,322.1834439318627,0.0,0.0,1288.8236234430224,37.62059402652085,20000,20000,,7.3473173386245945,False,False,ok
Schirrmeister2017,hgd_support_calibration,normalized_update,resampled_uniform_N5000,resampled,uniform,3,6398,5,100,5000,0.0,128,8256,0.000983748878898199,0.0313647713031388,,,,,3.712167288587589e-05,7.3473173386245945,0.000983748878898199,0.001182257458617653,0.014073737976931318,2.3174068272092324e-05,8.51719319141624,4999.999999999999,0.0002,0.001,6408.0,e37791f41867225473c2b033282d43a72be28fb751376baae9c702d24f6bf310,three_row_sha256,521662db37d4cc75e8cc51dfeb1f38596be2a2f0609d5643ccde7d317ef54fa2,fa66d19baacaf6e69156c6de01dc8e4c07b1dc63c9d907414be5465835ec8e95,e86426c9fc39789e18f6d34424282846a53a79b76839f12f6f5a72d59f690eb6,17.947701970115304,138.11512500979006,21.588230971246958,5.365843186154962,0.06256997585296631,138.2320870179683,0.7934900932013988,322.10504822432995,0.0,0.0,1610.9286716673523,37.62059402652085,25000,25000,,7.3473173386245945,False,False,ok
Schirrmeister2017,hgd_support_calibration,normalized_update,resampled_uniform_N5000,resampled,uniform,3,6398,6,100,5000,0.0,128,8256,0.0008990647774555495,0.029984408906222403,,,,,3.542229746787713e-05,7.347317338624595,0.0008990647774555495,0.0010751222523967875,0.009789695479418553,2.7904057382857573e-05,8.51719319141624,4999.999999999999,0.0002,0.001,6413.0,9a183c54b33917d0356a84afb98e775281de410b4536e1e0d43cfe09c9a5185f,three_row_sha256,52d6ca73c4546b3ed4dc238a1b7468ce688cc8d037d0237e1730d2c690f72586,fa66d19baacaf6e69156c6de01dc8e4c07b1dc63c9d907414be5465835ec8e95,e86426c9fc39789e18f6d34424282846a53a79b76839f12f6f5a72d59f690eb6,17.947576008737087,138.10701412148774,21.59331412985921,5.361650139093399,0.060259830206632614,138.52420588955283,0.7945599500089884,322.3885800689459,0.0,0.0,1933.3172517362982,37.62059402652085,30000,30000,,7.3473173386245945,False,False,ok
Schirrmeister2017,hgd_support_calibration,normalized_update,resampled_uniform_N5000,resampled,uniform,3,6398,7,100,5000,0.0,128,8256,0.0007996522081403496,0.02827812242954524,,,,,3.314657572398267e-05,7.3473173386245945,0.0007996522081403496,0.00096943186924383,0.009726237761508504,1.9858391904102973e-05,8.51719319141624,4999.999999999999,0.0002,0.001,6419.0,21cd4b81932778e0330463954306b3676255d585d39f4ed44737b2ecdad144d3,three_row_sha256,a701bef571dcc89f032aee647b8f5a416dab616fcb0255e98b89dd3c43a8cac0,fa66d19baacaf6e69156c6de01dc8e4c07b1dc63c9d907414be5465835ec8e95,e86426c9fc39789e18f6d34424282846a53a79b76839f12f6f5a72d59f690eb6,17.941016936674714,138.10197007842362,21.587101044133306,5.408160854130983,0.06522401235997677,138.27747502364218,0.7873331196606159,322.1682810690254,0.0,0.0,2255.4855328053236,37.62059402652085,35000,35000,,7.3473173386245945,False,False,ok
Schirrmeister2017,hgd_support_calibration,normalized_update,resampled_uniform_N5000,resampled,uniform,3,6398,8,100,5000,0.0,128,8256,0.0007061222030476021,0.026572959997855,,,,,3.11377631359173e-05,7.3473173386245945,0.0007061222030476021,0.0008154735950101068,0.008100001919735238,2.0704366212213132e-05,8.51719319141624,4999.999999999999,0.0002,0.001,6426.0,cf51c0103cc4874d38aad0f69ec557343e473a1065b4d02b1ae70f6da48c7195,three_row_sha256,efc21ff13245ea8b8156d1e4368463672901c2e771f66bf21a7a2f719cce9c07,fa66d19baacaf6e69156c6de01dc8e4c07b1dc63c9d907414be5465835ec8e95,e86426c9fc39789e18f6d34424282846a53a79b76839f12f6f5a72d59f690eb6,17.947588814422488,138.1169988308102,21.58497297205031,5.388848017901182,0.0728280283510685,138.2755059748888,0.7937049958854914,322.18044763430953,0.0,0.0,2577.665980439633,37.62059402652085,40000,40000,,7.3473173386245945,False,False,ok
Schirrmeister2017,hgd_support_calibration,normalized_update,resampled_uniform_N5000,resampled,uniform,3,6398,9,100,5000,0.0,128,8256,0.0006510776073171287,0.025516222434308896,,,,,2.9959055788741915e-05,7.347317338624595,0.0006510776073171287,0.000730227216670397,0.007273498229557765,1.8971322438122428e-05,8.51719319141624,4999.999999999999,0.0002,0.001,6434.0,795d0cef79d57b5c042d91996fca0f9b5b16079ba005b335e8615ec89589212a,three_row_sha256,c2397cf73caf76f9ba5a7060884fdaf002e5e9bbdb735446cf5c96f6762a3cf9,fa66d19baacaf6e69156c6de01dc8e4c07b1dc63c9d907414be5465835ec8e95,e86426c9fc39789e18f6d34424282846a53a79b76839f12f6f5a72d59f690eb6,17.949283123016357,138.1221259944141,21.58691198565066,5.400975001975894,0.06575696170330048,138.2759539410472,0.7924740202724934,322.19348102808,0.0,0.0,2899.859461467713,37.62059402652085,45000,45000,,7.3473173386245945,False,False,ok
Schirrmeister2017,hgd_support_calibration,normalized_update,resampled_uniform_N5000,resampled,uniform,3,6398,10,100,5000,0.0,128,8256,0.0005992309621475757,0.024479194475055255,,,,,2.853948590915978e-05,7.3473173386245945,0.0005992309621475757,0.0006866280167925234,0.007346507511585668,2.131921157780025e-05,8.51719319141624,4999.999999999999,0.0002,0.001,6443.0,bfc925792bb60c4978c4106c7c970fef9be98687ad9e4b445b3073a93bf817fd,three_row_sha256,7351387d218a3425f16343523d15f2d4d9da7d78284dd9a17684ee28c6b1c098,fa66d19baacaf6e69156c6de01dc8e4c07b1dc63c9d907414be5465835ec8e95,e86426c9fc39789e18f6d34424282846a53a79b76839f12f6f5a72d59f690eb6,17.9483771789819,138.09805107302964,21.585757145658135,5.404486088082194,0.06339792162179947,138.2458519656211,0.7888430263847113,322.1347643993795,0.0,0.0,3221.9942258670926,37.62059402652085,50000,50000,,7.3473173386245945,False,False,ok
Schirrmeister2017,hgd_support_calibration,normalized_update,resampled_uniform_N5000,resampled,uniform,3,6398,11,100,5000,0.0,128,8256,0.0005157672419307432,0.022710509503988306,,,,,2.614357941727043e-05,7.347317338624595,0.0005157672419307432,0.0005611754187131733,0.005293232222045364,1.9500694471883937e-05,8.51719319141624,4999.999999999999,0.0002,0.001,6453.0,e31372c431d4d08d255ee6b688793a21a8937feb591f0fa04968d999cf6b001c,three_row_sha256,969e31908e4c0a45a92ac9c57694171b55f5bec4e9e20a2dde9fa65bd3b4c3b6,fa66d19baacaf6e69156c6de01dc8e4c07b1dc63c9d907414be5465835ec8e95,e86426c9fc39789e18f6d34424282846a53a79b76839f12f6f5a72d59f690eb6,17.947928979992867,138.0992578342557,21.591207943856716,5.384546937420964,0.06867712363600731,138.28849396668375,0.7872311398386955,322.1673439256847,0.0,0.0,3544.1615697927773,37.62059402652085,55000,55000,,7.3473173386245945,False,False,ok
Schirrmeister2017,hgd_support_calibration,normalized_update,resampled_uniform_N5000,resampled,uniform,3,6398,12,100,5000,0.0,128,8256,0.0004735325339227023,0.021760802694815794,,,,,2.5080110447537008e-05,7.3473173386245945,0.0004735325339227023,0.0005043409399350071,0.004049701317893207,1.7359286149717075e-05,8.51719319141624,4999.999999999999,0.0002,0.001,6464.0,48af716c2476d1a9986c1651d0bba1a5d3a76794dfa30b83a389eb344da3c710,three_row_sha256,9d137830571419a2d7e4a29fbe520cf66a307d420a17ae8b1e7f3efd1b3b974e,fa66d19baacaf6e69156c6de01dc8e4c07b1dc63c9d907414be5465835ec8e95,e86426c9fc39789e18f6d34424282846a53a79b76839f12f6f5a72d59f690eb6,17.951203975826502,138.11168586835265,21.586847957223654,5.3742979653179646,0.06104796193540096,138.3308090735227,0.7906099781394005,322.20650278031826,0.0,0.0,3866.3680725730956,37.62059402652085,60000,60000,,7.3473173386245945,False,False,ok
Schirrmeister2017,hgd_support_calibration,normalized_update,resampled_uniform_N5000,resampled,uniform,3,6398,13,100,5000,0.0,128,8256,0.0004153302303424576,0.020379652360687058,,,,,2.320842793129758e-05,7.3473173386245945,0.0004153302303424576,0.00044593458945500357,0.004807463624130053,1.7898636899507076e-05,8.51719319141624,4999.999999999999,0.0002,0.001,6476.0,cc0a8835b26f3849379f29c485a16570be3407c62bac0cc07a1580c92b34f358,three_row_sha256,1a0784fca600ed6bfc5dd3817708f2bea3ce670310417b1c520ed12ce9edd60a,fa66d19baacaf6e69156c6de01dc8e4c07b1dc63c9d907414be5465835ec8e95,e86426c9fc39789e18f6d34424282846a53a79b76839f12f6f5a72d59f690eb6,17.947874031960964,138.097426854074,21.577686071395874,5.38466707803309,0.06180396303534508,138.31961597315967,0.7865889929234982,322.17566296458244,0.0,0.0,4188.543735537678,37.62059402652085,65000,65000,,7.3473173386245945,False,False,ok
Schirrmeister2017,hgd_support_calibration,normalized_update,resampled_uniform_N5000,resampled,uniform,3,6398,14,100,5000,0.0,128,8256,0.00037608102775498094,0.01939280866081499,,,,,2.220258569572383e-05,7.3473173386245945,0.00037608102775498094,0.00038772704908176576,0.0034730809202575793,2.0835194956212476e-05,8.51719319141624,4999.999999999999,0.0002,0.001,6489.0,9b7108fa6b14f8991b9466f5191a194d5b9309d900951190102bdaaa923fe8d2,three_row_sha256,bb01018830dbf4a7c182ceaea265f205efa68cb33956d15373de9238b1790131,fa66d19baacaf6e69156c6de01dc8e4c07b1dc63c9d907414be5465835ec8e95,e86426c9fc39789e18f6d34424282846a53a79b76839f12f6f5a72d59f690eb6,17.95261399820447,138.09925504028797,21.588158095255494,5.377365043386817,0.06280792877078056,138.22753308340907,0.7939820643514395,322.10171525366604,0.0,0.0,4510.645450791344,37.62059402652085,70000,70000,,7.3473173386245945,False,False,ok
Schirrmeister2017,hgd_support_calibration,normalized_update,resampled_uniform_N5000,resampled,uniform,3,6398,15,100,5000,0.0,128,8256,0.00032663759761686556,0.0180731180933691,,,,,2.0444671851345658e-05,7.347317338624595,0.00032663759761686556,0.00033015215494921996,0.003350089778185341,1.4608506520495094e-05,8.51719319141624,4999.999999999999,0.0002,0.001,6503.0,22e801168c08e496325e0e8573139c347a8f9c8a6f7d140ad9adc3c9670cfe93,three_row_sha256,30ea6da49accf2e30751df3bd472a5b66f8d1696fbdf37def868795754ec5d2b,fa66d19baacaf6e69156c6de01dc8e4c07b1dc63c9d907414be5465835ec8e95,e86426c9fc39789e18f6d34424282846a53a79b76839f12f6f5a72d59f690eb6,17.952657071873546,138.1131550297141,21.58502209931612,5.380864022299647,0.06808503530919552,138.2519039325416,0.8020701352506876,322.1537573263049,0.0,0.0,4832.799208117649,37.62059402652085,75000,75000,,7.3473173386245945,False,False,ok
Schirrmeister2017,hgd_support_calibration,normalized_update,resampled_uniform_N5000,resampled,uniform,3,6398,16,100,5000,0.0,128,8256,0.0002900989232499307,0.01703229060490487,,,,,1.905506411152443e-05,7.3473173386245945,0.0002900989232499307,0.00028865327120058124,0.0029633454820201647,1.8622121693316854e-05,8.51719319141624,4999.999999999999,0.0002,0.001,6518.0,578f6553e0ea9a19e5765eaed5d0a6cee8d21c7dde9c37a8d62ba9c469ad6bc5,three_row_sha256,b5d25bc22bdef984630a9f707b6bff40fa029272d31ad502537d109463151317,fa66d19baacaf6e69156c6de01dc8e4c07b1dc63c9d907414be5465835ec8e95,e86426c9fc39789e18f6d34424282846a53a79b76839f12f6f5a72d59f690eb6,17.95099303126335,138.09607620351017,21.59712789580226,5.355488043278456,0.06055785343050957,138.28705018386245,0.7940069772303104,322.1413001883775,0.0,0.0,5154.9405083060265,37.62059402652085,80000,80000,,7.3473173386245945,False,False,ok
Schirrmeister2017,hgd_support_calibration,normalized_update,resampled_uniform_N5000,resampled,uniform,3,6398,17,100,5000,0.0,128,8256,0.0002586259246798737,0.01608185078527573,,,,,1.7968491988250305e-05,7.3473173386245945,0.0002586259246798737,0.00024652367639629196,0.0021061937208850527,1.6020296195065185e-05,8.51719319141624,4999.999999999999,0.0002,0.001,6534.0,f1c9f977d84342a7ac0ce2a22b2edcfa8631b52938fbae65620b445e41584ca0,three_row_sha256,42d485086cac974cd3e6d7cbdbb5f407fc6f727b89b23d39fc5d15d8bc8d5eec,fa66d19baacaf6e69156c6de01dc8e4c07b1dc63c9d907414be5465835ec8e95,e86426c9fc39789e18f6d34424282846a53a79b76839f12f6f5a72d59f690eb6,17.946494044736028,138.09837005101144,21.59505500458181,5.365622928366065,0.05994713865220547,138.25298193842173,0.8002889808267355,322.118760086596,0.0,0.0,5477.0592683926225,37.62059402652085,85000,85000,,7.3473173386245945,False,False,ok
Schirrmeister2017,hgd_support_calibration,normalized_update,resampled_uniform_N5000,resampled,uniform,3,6398,18,100,5000,0.0,128,8256,0.0002291393195350878,0.015137348497510646,,,,,1.668163318911284e-05,7.3473173386245945,0.0002291393195350878,0.000208953074196914,0.0022790806638955394,1.7478042444884566e-05,8.51719319141624,4999.999999999999,0.0002,0.001,6551.0,6c5c28acfdc2585b7a5565b7fcbb6cc98c7030d6917fa3160a9a7733b03912fc,three_row_sha256,106d75202cc01dd16477f5341b1c77d52a2ece1dc20907e7f74b5de5e421b92d,fa66d19baacaf6e69156c6de01dc8e4c07b1dc63c9d907414be5465835ec8e95,e86426c9fc39789e18f6d34424282846a53a79b76839f12f6f5a72d59f690eb6,17.957902047783136,138.11123790219426,21.603642962872982,5.359661998227239,0.0627289991825819,138.2212219759822,0.7929049897938967,322.1093008760363,0.0,0.0,5799.168569268659,37.62059402652085,90000,90000,,7.3473173386245945,False,False,ok
Schirrmeister2017,hgd_support_calibration,normalized_update,resampled_uniform_N5000,resampled,uniform,3,6398,19,100,5000,0.0,128,8256,0.00020049026151399546,0.014159458376435006,,,,,1.5410927903098223e-05,7.3473173386245945,0.00020049026151399546,0.00017754443428422145,0.0018318894672235727,1.5520581027613325e-05,8.51719319141624,4999.999999999999,0.0002,0.001,6569.0,c58cd888ff25192c1a8fff1b78aa195d032c201973faa73dab6da548088d668d,three_row_sha256,88555bd25397f091abed0cf056e7ea7499bdad977ecbdd56391c876690917e2c,fa66d19baacaf6e69156c6de01dc8e4c07b1dc63c9d907414be5465835ec8e95,e86426c9fc39789e18f6d34424282846a53a79b76839f12f6f5a72d59f690eb6,17.949264962226152,138.1123079918325,21.599760046228766,5.368146812543273,0.0616731122136116,138.2731010671705,0.7937408518046141,322.1579948440194,0.0,0.0,6121.326564112678,37.62059402652085,95000,95000,,7.3473173386245945,False,False,ok
Schirrmeister2017,hgd_support_calibration,normalized_update,resampled_uniform_N5000,resampled,uniform,3,6398,20,100,5000,0.0,128,8256,0.00017615672262556712,0.013272404553266417,,,,,1.4165975552146007e-05,7.3473173386245945,0.00017615672262556712,0.00014898652231282956,0.001888318349832129,1.7524957026226307e-05,8.51719319141624,4999.999999999999,0.0002,0.001,6588.0,a1a9affc30e240d0fd5c6c2563e18041c02d70f7eb4c7e3743bd8e5c2caf2c24,three_row_sha256,ec0e8e9ecd8f3335c152e73de929a0730b5b538fe9e3c06a3d5ef3c0730578ec,fa66d19baacaf6e69156c6de01dc8e4c07b1dc63c9d907414be5465835ec8e95,e86426c9fc39789e18f6d34424282846a53a79b76839f12f6f5a72d59f690eb6,17.95169711112976,138.12533486634493,21.587042836472392,5.406904965639114,0.06411504000425339,138.29714595340192,0.7898188196122646,322.22205959260464,0.0,0.0,6443.548623705283,37.62059402652085,100000,100000,,7.3473173386245945,False,False,ok
Schirrmeister2017,hgd_support_calibration,normalized_update,resampled_uniform_N5000,resampled,uniform,3,6398,21,100,5000,0.0,128,8256,0.00016253017584561368,0.012748732323082703,,,,,1.3458261399654317e-05,7.347317338624595,0.00016253017584561368,0.0001376281629477496,0.002529927950325872,1.596562069660597e-05,8.51719319141624,4999.999999999999,0.0002,0.001,6608.0,eb15137a7764bd1ab267c87892bc8f2b9dab4d8f0272e7c1050b773ccf0bebd3,three_row_sha256,00594b47657fecb2e01d36830a2d9ed59927d0dadf4b210a9878fa37cb8e94c7,fa66d19baacaf6e69156c6de01dc8e4c07b1dc63c9d907414be5465835ec8e95,e86426c9fc39789e18f6d34424282846a53a79b76839f12f6f5a72d59f690eb6,17.946331994608045,138.11519904993474,21.59808110445738,5.408448865637183,0.06270385347306728,138.31941201351583,0.7939341012388468,322.2441109828651,0.0,0.0,6765.792734688148,37.62059402652085,105000,105000,,7.3473173386245945,False,False,ok
Schirrmeister2017,hgd_support_calibration,normalized_update,resampled_uniform_N5000,resampled,uniform,3,6398,22,100,5000,0.0,128,8256,0.00014619579961492154,0.012091145504662556,,,,,1.2571239216081477e-05,7.3473173386245945,0.00014619579961492154,0.00011506025320212497,0.0012492863899225847,1.533326133746927e-05,8.51719319141624,4999.999999999999,0.0002,0.001,6629.0,b49fe3f402a7e7824611147a7a7409a2bd640e820f71385844d6cb1bd0324937,three_row_sha256,9fb341317eddb8b5bbe3b064a69dcdc88461118337aab318ed69e46629488eca,fa66d19baacaf6e69156c6de01dc8e4c07b1dc63c9d907414be5465835ec8e95,e86426c9fc39789e18f6d34424282846a53a79b76839f12f6f5a72d59f690eb6,17.953363014385104,138.1248920224607,21.594499936327338,5.36218099296093,0.06214994937181473,138.2842801976949,0.7944728713482618,322.17583898454905,0.0,0.0,7087.968573672697,37.62059402652085,110000,110000,,7.3473173386245945,False,False,ok
Schirrmeister2017,hgd_support_calibration,normalized_update,resampled_uniform_N5000,resampled,uniform,3,6398,23,100,5000,0.0,128,8256,0.0001339926144214141,0.011575517889987216,,,,,1.1842918054885655e-05,7.347317338624594,0.0001339926144214141,0.00011427390026177188,0.0020665482585109827,1.5307591416200654e-05,8.51719319141624,4999.999999999999,0.0002,0.001,6651.0,548f8f42c002ad994b0c4978187278b9f9c641a2d5123ed812f46923ce34a372,three_row_sha256,c360db195a457c09cfb0673f702d5e7de1d35b37bee675b67409b052f602ce45,fa66d19baacaf6e69156c6de01dc8e4c07b1dc63c9d907414be5465835ec8e95,e86426c9fc39789e18f6d34424282846a53a79b76839f12f6f5a72d59f690eb6,17.9473168682307,138.10364506207407,21.592549979686737,5.3634908981621265,0.060052843764424324,138.25195399113,0.7948190905153751,322.1138287335634,0.0,0.0,7410.08240240626,37.62059402652085,115000,115000,,7.3473173386245945,False,False,ok
Schirrmeister2017,hgd_support_calibration,normalized_update,resampled_uniform_N5000,resampled,uniform,3,6398,24,100,5000,0.0,128,8256,0.0001257593538629107,0.011214247806380537,,,,,1.1310118571097344e-05,7.347317338624594,0.0001257593538629107,0.00011045224690547636,0.002206816872616994,1.5496039540359138e-05,8.51719319141624,4999.999999999999,0.0002,0.001,6674.0,524dcffdc9804011af73b5e4507a9d19347d96113e02a024236ac135de0b49b9,three_row_sha256,99668da93c6199cb4957d1f0e31d1e501cd13ffb4a0600a0b33616c339ca503a,fa66d19baacaf6e69156c6de01dc8e4c07b1dc63c9d907414be5465835ec8e95,e86426c9fc39789e18f6d34424282846a53a79b76839f12f6f5a72d59f690eb6,17.94561999849975,138.1189690437168,21.600504172965884,5.365078104659915,0.06185099482536316,138.240076135844,0.7990570738911629,322.13115552440286,0.0,0.0,7732.213557930663,37.62059402652085,120000,120000,,7.3473173386245945,False,False,ok
Schirrmeister2017,hgd_support_calibration,normalized_update,resampled_uniform_N5000,resampled,uniform,3,6398,25,100,5000,0.0,128,8256,0.00011415257274371383,0.010684220736381003,52.8859780238029,0.7435123517392983,25.648764826070174,25.648764826070174,1.0672211255484615e-05,7.3473173386245945,0.00011415257274371383,9.452718543430165e-05,0.001374967493112297,1.0108690254242097e-05,8.51719319141624,4999.999999999999,0.0002,0.001,6698.0,018a1a640b7274c312a4ac5cc3ff3355da52f4c63174d3991abbb2f4e2264d90,three_row_sha256,b130df085e543765a24189f7b11efd9f513b7742f6c6743b450ed3aa6bc0c65c,fa66d19baacaf6e69156c6de01dc8e4c07b1dc63c9d907414be5465835ec8e95,e86426c9fc39789e18f6d34424282846a53a79b76839f12f6f5a72d59f690eb6,17.952925991266966,138.09133414179087,21.606629947200418,5.363806150853634,0.06458302959799767,138.2503481581807,0.7969338912516832,322.1265613101423,0.0,0.0,8054.3401192408055,72.1318090800196,125000,125000,,7.3473173386245945,False,False,ok
Schirrmeister2017,hgd_support_calibration,normalized_update,resampled_uniform_N5000,resampled,uniform,3,6398,26,100,5000,0.0,128,8256,0.00011158469545623704,0.010563365725763595,,,,,1.0448136544225624e-05,7.3473173386245945,0.00011158469545623704,9.283241108429679e-05,0.00117511321260687,1.5908519308496373e-05,8.51719319141624,4999.999999999999,0.0002,0.001,6723.0,d0697003cf5ae79969cec1cc30dceb38b61a6ed201bfedd3b682030d21f833a8,three_row_sha256,9a1552d38af615a7db919cd6e7c771b5d5811d64e05c93bc1ef90435ca13e08b,fa66d19baacaf6e69156c6de01dc8e4c07b1dc63c9d907414be5465835ec8e95,e86426c9fc39789e18f6d34424282846a53a79b76839f12f6f5a72d59f690eb6,17.952290829271078,138.10804695822299,21.598279010504484,5.372085142880678,0.06375391967594624,138.2765208836645,0.7953639142215252,322.1663406584412,0.0,0.0,8376.506459899247,72.1318090800196,130000,130000,,7.3473173386245945,False,False,ok
Schirrmeister2017,hgd_support_calibration,normalized_update,resampled_uniform_N5000,resampled,uniform,3,6398,27,100,5000,0.0,128,8256,0.00010712174181222838,0.010349963372506609,,,,,1.0100254222962997e-05,7.347317338624595,0.00010712174181222838,9.41899431914201e-05,0.001485806554788226,1.3511107159545392e-05,8.51719319141624,4999.999999999999,0.0002,0.001,6749.0,997d24ead0bf3d8998dd57e5125d727590fc8cc12c3943a923258a3a140216b2,three_row_sha256,33b1d77ad23650356cb671eba9d3e4d94448ed5f3f0ffcc7b694b554c7b197b5,fa66d19baacaf6e69156c6de01dc8e4c07b1dc63c9d907414be5465835ec8e95,e86426c9fc39789e18f6d34424282846a53a79b76839f12f6f5a72d59f690eb6,17.94219180010259,138.10286787338555,21.594441030174494,5.368378944694996,0.08581392467021942,138.07486300356686,0.7878749165683985,321.9564314931631,0.0,0.0,8698.46289139241,72.1318090800196,135000,135000,,7.3473173386245945,False,False,ok
Schirrmeister2017,hgd_support_calibration,normalized_update,resampled_uniform_N5000,resampled,uniform,3,6398,28,100,5000,0.0,128,8256,0.00010461991803690657,0.010228387851313938,,,,,9.965479378765587e-06,7.3473173386245945,0.00010461991803690657,8.951945855459872e-05,0.0012810357376234118,1.0194264056311973e-05,8.51719319141624,4999.999999999999,0.0002,0.001,6776.0,ec2e36570210c889ba826b543919c3124e7f7839b2deecb565dfa366ba1c73d4,three_row_sha256,f0c1106de67b2e0051fd42429b9aa06a81a10a6074de3ce97aae524afc19b5fb,fa66d19baacaf6e69156c6de01dc8e4c07b1dc63c9d907414be5465835ec8e95,e86426c9fc39789e18f6d34424282846a53a79b76839f12f6f5a72d59f690eb6,17.94407796114683,138.1004999857396,21.58398716710508,5.355263827368617,0.06013317033648491,138.4105528704822,0.7884560618549585,322.24297104403377,0.0,0.0,9020.705862436444,72.1318090800196,140000,140000,,7.3473173386245945,False,False,ok
Schirrmeister2017,hgd_support_calibration,normalized_update,resampled_uniform_N5000,resampled,uniform,3,6398,29,100,5000,0.0,128,8256,9.934947897067035e-05,0.00996742087857588,,,,,9.650427627530777e-06,7.3473173386245945,9.934947897067035e-05,8.330566083671128e-05,0.0008245259742381138,1.4411281284030662e-05,8.51719319141624,4999.999999999999,0.0002,0.001,6804.0,d9d75908832582b26ee0ed67c334806ee3d8df83d6613ab0281ad5e67cbb205e,three_row_sha256,c4490976399fbe39ac51b57d3d919dcee21dc230db9e03b6e0f7eb8b06bb8687,fa66d19baacaf6e69156c6de01dc8e4c07b1dc63c9d907414be5465835ec8e95,e86426c9fc39789e18f6d34424282846a53a79b76839f12f6f5a72d59f690eb6,17.944470047950745,138.1128211505711,21.57920808531344,5.382328061386943,0.060677994042634964,138.2473181001842,0.7935140747576952,322.12033751420677,0.0,0.0,9342.82619995065,72.1318090800196,145000,145000,,7.3473173386245945,False,False,ok
Schirrmeister2017,hgd_support_calibration,normalized_update,resampled_uniform_N5000,resampled,uniform,3,6398,30,100,5000,0.0,128,8256,9.813864586236549e-05,0.009906495135130563,,,,,9.567371404175833e-06,7.3473173386245945,9.813864586236549e-05,9.012220747382195e-05,0.0021604641174000887,1.3505030683553724e-05,8.51719319141624,4999.999999999999,0.0002,0.001,6833.0,bdbddf096c6da87ef1a2a35759e62a204de0c1dddf76a076d3b43261bc87626d,three_row_sha256,cbea0bf6b1e0e2d2f5b9408758f6dde069b267ebf32c6cc5f43ff44724be51d2,fa66d19baacaf6e69156c6de01dc8e4c07b1dc63c9d907414be5465835ec8e95,e86426c9fc39789e18f6d34424282846a53a79b76839f12f6f5a72d59f690eb6,17.947506858035922,138.07947793975472,21.58524584956467,5.3769240621477365,0.0609119888395071,138.24728410691023,0.8035500068217516,322.10090081207454,0.0,0.0,9664.927100762725,72.1318090800196,150000,150000,,7.3473173386245945,False,False,ok
Schirrmeister2017,hgd_support_calibration,normalized_update,resampled_uniform_N5000,resampled,uniform,3,6398,31,100,5000,0.0,128,8256,9.459093933967893e-05,0.009725787337777797,,,,,9.351012630945307e-06,7.3473173386245945,9.459093933967893e-05,7.825820031048483e-05,0.0012984910825618774,1.3385421622845479e-05,8.51719319141624,4999.999999999999,0.0002,0.001,6863.0,44c0e62228c45b9da192dbc80bb9041ff52b3b8ebb17762f9a349b2864ebec8b,three_row_sha256,ae24c233953dd3a5187095638319b3272335a6178386624f47365bbc0f3ab901,fa66d19baacaf6e69156c6de01dc8e4c07b1dc63c9d907414be5465835ec8e95,e86426c9fc39789e18f6d34424282846a53a79b76839f12f6f5a72d59f690eb6,17.951752990484238,138.09282681904733,21.595732076093554,5.3551229648292065,0.0598439946770668,138.26064602471888,0.7879028562456369,322.1038277260959,0.0,0.0,9987.03092848882,72.1318090800196,155000,155000,,7.3473173386245945,False,False,ok
Schirrmeister2017,hgd_support_calibration,normalized_update,resampled_uniform_N5000,resampled,uniform,3,6398,32,100,5000,0.0,128,8256,9.439164630083632e-05,0.009715536336241882,,,,,9.337863357960211e-06,7.3473173386245945,9.439164630083632e-05,8.337058049111721e-05,0.0014150549566933836,1.0718738732878104e-05,8.51719319141624,4999.999999999999,0.0002,0.001,6894.0,66ad0cf93b93e7316c3c8d8670ffd8a8caa9326ec47f65cbbec38356b933529f,three_row_sha256,e2d9b1725c54ed531103ccf7f7992c04247667a94e56070e2bcc3f97e9d2eb31,fa66d19baacaf6e69156c6de01dc8e4c07b1dc63c9d907414be5465835ec8e95,e86426c9fc39789e18f6d34424282846a53a79b76839f12f6f5a72d59f690eb6,17.94504700228572,138.09736794792116,21.571064135059714,5.370873026549816,0.059096841141581535,138.26285884715617,0.7873889990150928,322.09369679912925,0.0,0.0,10309.12462528795,72.1318090800196,160000,160000,,7.3473173386245945,False,False,ok
Schirrmeister2017,hgd_support_calibration,normalized_update,resampled_uniform_N5000,resampled,uniform,3,6398,33,100,5000,0.0,128,8256,9.416082946321584e-05,0.009703650316412677,,,,,9.302315235086097e-06,7.347317338624595,9.416082946321584e-05,7.911673274772639e-05,0.0008232113514478204,9.834817404878128e-06,8.51719319141624,4999.999999999999,0.0002,0.001,6926.0,0f79aa93c259e61cb2fa9a29943239a834818b4235a18a4888a559b6dc0fff20,three_row_sha256,82622d99a76e6cb04cbdf7cd36d31a6b44f60803f5564838f8b965006d55ce01,fa66d19baacaf6e69156c6de01dc8e4c07b1dc63c9d907414be5465835ec8e95,e86426c9fc39789e18f6d34424282846a53a79b76839f12f6f5a72d59f690eb6,17.94994785450399,138.1065279711038,21.575347986072302,5.401004804298282,0.06087915971875191,138.21437791921198,0.7926919497549534,322.10077764466405,0.0,0.0,10631.225402932614,72.1318090800196,165000,165000,,7.3473173386245945,False,False,ok
Schirrmeister2017,hgd_support_calibration,normalized_update,resampled_uniform_N5000,resampled,uniform,3,6398,34,100,5000,0.0,128,8256,9.21927268121469e-05,0.009601704370170272,,,,,9.19218593092608e-06,7.347317338624594,9.21927268121469e-05,8.358085221019085e-05,0.0015873420151014726,1.3709821993186032e-05,8.51719319141624,4999.999999999999,0.0002,0.001,6959.0,d9f3610242e2fbc04a31f5f9bd53e1855c10f3465629cb7bb25d2340b93f7aae,three_row_sha256,fdf566aa9d08dffe2a97fb5b50a5adcb708ba53a985691071adb5c7ec76f21e5,fa66d19baacaf6e69156c6de01dc8e4c07b1dc63c9d907414be5465835ec8e95,e86426c9fc39789e18f6d34424282846a53a79b76839f12f6f5a72d59f690eb6,17.94548612087965,138.1011181510985,21.58495713956654,5.397058092057705,0.06420095451176167,138.33785196766257,0.7890791166573763,322.2197515424341,0.0,0.0,10953.445154475048,72.1318090800196,170000,170000,,7.3473173386245945,False,False,ok
Schirrmeister2017,hgd_support_calibration,normalized_update,resampled_uniform_N5000,resampled,uniform,3,6398,35,100,5000,0.0,128,8256,9.171336496854846e-05,0.00957670950632567,,,,,9.17987069198654e-06,7.347317338624595,9.171336496854846e-05,7.938335202722353e-05,0.0009416133954342903,1.1045294993468562e-05,8.51719319141624,4999.999999999999,0.0002,0.001,6993.0,8f6ad4689b4b3fc4331b0bfda000ae8db837a92d32d5d4b29e16544cd0fb4033,three_row_sha256,f636a258087e76e4bf6d63872d8532f03541488b4472b6cec2dbcbff00beec9c,fa66d19baacaf6e69156c6de01dc8e4c07b1dc63c9d907414be5465835ec8e95,e86426c9fc39789e18f6d34424282846a53a79b76839f12f6f5a72d59f690eb6,17.949406057596207,138.10655614361167,21.58221579156816,5.383230978623033,0.06533600389957428,138.26635689474642,0.7955660112202168,322.1486678812653,0.0,0.0,11275.593822356313,72.1318090800196,175000,175000,,7.3473173386245945,False,False,ok
Schirrmeister2017,hgd_support_calibration,normalized_update,resampled_uniform_N5000,resampled,uniform,3,6398,36,100,5000,0.0,128,8256,9.09151900688493e-05,0.009534945729727531,,,,,9.122613860399847e-06,7.347317338624595,9.09151900688493e-05,7.774608850223089e-05,0.0011628001615639964,1.277909600960715e-05,8.51719319141624,4999.999999999999,0.0002,0.001,7028.0,04b22935eb5be131f839e1e57f8323dcdde4f61c4cc9a29f397367b61861d10a,three_row_sha256,22698eaec72a477051889903d991e5168c04d119717abc2429dbc4a5df523ce4,fa66d19baacaf6e69156c6de01dc8e4c07b1dc63c9d907414be5465835ec8e95,e86426c9fc39789e18f6d34424282846a53a79b76839f12f6f5a72d59f690eb6,17.95192016288638,138.13292002305388,21.600065054371953,5.348276812583208,0.06252503953874111,138.2463751360774,0.8019029628485441,322.1439851913601,0.0,0.0,11597.737807547674,72.1318090800196,180000,180000,,7.3473173386245945,False,False,ok
Schirrmeister2017,hgd_support_calibration,normalized_update,resampled_uniform_N5000,resampled,uniform,3,6398,37,100,5000,0.0,128,8256,8.978776304254672e-05,0.009475640508300572,,,,,9.06299262416698e-06,7.347317338624595,8.978776304254672e-05,7.435917467810352e-05,0.0010614415187921464,1.2525246264268377e-05,8.51719319141624,4999.999999999999,0.0002,0.001,7064.0,67eca9e4ba35d2bf60acf0f32a1219c6d45603bba4e4469147b39c86f3bf0674,three_row_sha256,ae2aa723481a47560ed38e9d49a960b4ff51f0486b08e8f05a9f353c6e3e841a,fa66d19baacaf6e69156c6de01dc8e4c07b1dc63c9d907414be5465835ec8e95,e86426c9fc39789e18f6d34424282846a53a79b76839f12f6f5a72d59f690eb6,17.95111712999642,138.1094919051975,21.601808024570346,5.37825608626008,0.06349501200020313,138.2896329741925,0.7922009099274874,322.18600204214454,0.0,0.0,11919.923809589818,72.1318090800196,185000,185000,,7.3473173386245945,False,False,ok
Schirrmeister2017,hgd_support_calibration,normalized_update,resampled_uniform_N5000,resampled,uniform,3,6398,38,100,5000,0.0,128,8256,8.897300335194451e-05,0.009432550204051104,,,,,9.017302302482272e-06,7.3473173386245945,8.897300335194451e-05,7.847512365323821e-05,0.0012528859348766774,1.324520386427257e-05,8.51719319141624,4999.999999999999,0.0002,0.001,7101.0,d650af5017a482b202d0e90ba016b56b40653bf129046eb3f1a5c7257a5e7cab,three_row_sha256,ad8c920b2a4074ed5e4d138a8e87397f1de8fc999b51664af3644df305313ac8,fa66d19baacaf6e69156c6de01dc8e4c07b1dc63c9d907414be5465835ec8e95,e86426c9fc39789e18f6d34424282846a53a79b76839f12f6f5a72d59f690eb6,17.949502915143967,138.10993009246886,21.590942982584238,5.379559937864542,0.07643597200512886,138.17540812306106,0.793942017480731,322.0757220406085,0.0,0.0,12241.999531630427,72.1318090800196,190000,190000,,7.3473173386245945,False,False,ok
Schirrmeister2017,hgd_support_calibration,normalized_update,resampled_uniform_N5000,resampled,uniform,3,6398,39,100,5000,0.0,128,8256,8.818147064648335e-05,0.009390498956204795,,,,,8.978087984079067e-06,7.347317338624595,8.818147064648335e-05,7.470295068941393e-05,0.0010547259402951216,1.0924951678213232e-05,8.51719319141624,4999.999999999999,0.0002,0.001,7139.0,d4f195fdad44def817562f8c80bab4fbd6084e621d51092a1d91a1659e004092,three_row_sha256,31e7bf45c976a9d0a74c288e1040ac03c372f638a71d3cccca8de0abc8c27c9c,fa66d19baacaf6e69156c6de01dc8e4c07b1dc63c9d907414be5465835ec8e95,e86426c9fc39789e18f6d34424282846a53a79b76839f12f6f5a72d59f690eb6,17.950261011719704,138.11278203502297,21.592895966023207,5.3921721410006285,0.0613960437476635,138.23080505244434,0.7896469905972481,322.12995924055576,0.0,0.0,12564.129490870982,72.1318090800196,195000,195000,,7.3473173386245945,False,False,ok
Schirrmeister2017,hgd_support_calibration,normalized_update,resampled_uniform_N5000,resampled,uniform,3,6398,40,100,5000,0.0,128,8256,8.854671508090961e-05,0.009409926412087908,,,,,9.005285020483209e-06,7.3473173386245945,8.854671508090961e-05,7.505399149767978e-05,0.001156891865765459,1.1773940089385781e-05,8.51719319141624,4999.999999999999,0.0002,0.001,7178.0,231fe67880f49cd1640ed2d149a2abfd4981cd4703ac7f5cb738eed94c466477,three_row_sha256,4961892a19ad212e798f789ac746e566dbe38661a4c6759f668d698954e55d36,fa66d19baacaf6e69156c6de01dc8e4c07b1dc63c9d907414be5465835ec8e95,e86426c9fc39789e18f6d34424282846a53a79b76839f12f6f5a72d59f690eb6,17.946891020983458,138.1065349560231,21.585210924968123,5.402215989306569,0.0625120010226965,138.25081195682287,0.7904318626970053,322.1446087118238,0.0,0.0,12886.274099582806,72.1318090800196,200000,200000,,7.3473173386245945,False,False,ok
Schirrmeister2017,hgd_support_calibration,normalized_update,resampled_uniform_N5000,resampled,uniform,3,6398,41,100,5000,0.0,128,8256,8.768661607811475e-05,0.009364113202974148,,,,,8.953753640294565e-06,7.347317338624595,8.768661607811475e-05,8.207467677960407e-05,0.001293151825133222,1.1632102247893969e-05,8.51719319141624,4999.999999999999,0.0002,0.001,7218.0,3fef1da9b1d2d69f77dfed4531b7acff8efa84cd85c8be83603f08333c4bace2,three_row_sha256,b0978611d3b4c90caa206eca63991f6714be90add15a4c26d977c09e7f74b6f5,fa66d19baacaf6e69156c6de01dc8e4c07b1dc63c9d907414be5465835ec8e95,e86426c9fc39789e18f6d34424282846a53a79b76839f12f6f5a72d59f690eb6,17.947338987141848,138.09735793620348,21.596156060695648,5.392702994868159,0.05905190482735634,138.27606197446585,0.790613004937768,322.1592828631401,0.0,0.0,13208.433382445946,72.1318090800196,205000,205000,,7.3473173386245945,False,False,ok
Schirrmeister2017,hgd_support_calibration,normalized_update,resampled_uniform_N5000,resampled,uniform,3,6398,42,100,5000,0.0,128,8256,8.709750351543129e-05,0.009332604326522758,,,,,8.913894739485287e-06,7.347317338624595,8.709750351543129e-05,7.202744754578097e-05,0.001441377641911244,1.1218151658212528e-05,8.51719319141624,4999.999999999999,0.0002,0.001,7259.0,17b692bf5e545f22dfe0cc4f85d22103cd0736960d9a347140d8ee9d0ea3f49a,three_row_sha256,6f76f2650a4572dbcc9d2a535189b07a98446c580b02cb07c44115dfa0255532,fa66d19baacaf6e69156c6de01dc8e4c07b1dc63c9d907414be5465835ec8e95,e86426c9fc39789e18f6d34424282846a53a79b76839f12f6f5a72d59f690eb6,17.95290596783161,138.08474713005126,21.58627286553383,5.380850052461028,0.06321980617940426,138.22428905405104,0.8072778582572937,322.09956273436546,0.0,0.0,13530.532945180312,72.1318090800196,210000,210000,,7.3473173386245945,False,False,ok
Schirrmeister2017,hgd_support_calibration,normalized_update,resampled_uniform_N5000,resampled,uniform,3,6398,43,100,5000,0.0,128,8256,8.547320587262213e-05,0.009245172030450386,,,,,8.833979469196737e-06,7.347317338624595,8.547320587262213e-05,6.869704719249566e-05,0.0008933360057473735,1.0110320614606219e-05,8.51719319141624,4999.999999999999,0.0002,0.001,7301.0,33ad0356f881f2dce8e03eec650a50c827fad61a171f6dba0fa04206af5b781a,three_row_sha256,dc5de26d9beadeb82c0cf5cd7e07271abab5a3bcd70e9a6a7581ff2692c95835,fa66d19baacaf6e69156c6de01dc8e4c07b1dc63c9d907414be5465835ec8e95,e86426c9fc39789e18f6d34424282846a53a79b76839f12f6f5a72d59f690eb6,17.947164131328464,138.0998808890581,21.577343810349703,5.38334297016263,0.06054597906768322,138.30436882562935,0.788222998380661,322.1608696039766,0.0,0.0,13852.693814784288,72.1318090800196,215000,215000,,7.3473173386245945,False,False,ok
Schirrmeister2017,hgd_support_calibration,normalized_update,resampled_uniform_N5000,resampled,uniform,3,6398,44,100,5000,0.0,128,8256,8.246751250162246e-05,0.009081162508270759,,,,,8.669632860953034e-06,7.3473173386245945,8.246751250162246e-05,6.376841018411815e-05,0.0007800886766943195,1.1859567748369639e-05,8.51719319141624,4999.999999999999,0.0002,0.001,7344.0,0f55a86b287a6a19eaa3675e089b0dff779a2af4279d4047810b77109022996f,three_row_sha256,ab46021b33c846a92bfb0a2a04d4f867c59855eb63d5aa3a4c53031d91817aaf,fa66d19baacaf6e69156c6de01dc8e4c07b1dc63c9d907414be5465835ec8e95,e86426c9fc39789e18f6d34424282846a53a79b76839f12f6f5a72d59f690eb6,17.94607611373067,138.11381696723402,21.57865115441382,5.38454600609839,0.06214296445250511,138.25036492198706,0.790333142504096,322.12593127042055,0.0,0.0,14174.819746054709,72.1318090800196,220000,220000,,7.3473173386245945,False,False,ok
Schirrmeister2017,hgd_support_calibration,normalized_update,resampled_uniform_N5000,resampled,uniform,3,6398,45,100,5000,0.0,128,8256,8.251083462121357e-05,0.009083547468980033,,,,,8.667080435782487e-06,7.347317338624595,8.251083462121357e-05,6.548668504121972e-05,0.000933458317788621,1.2713890580741111e-05,8.51719319141624,4999.999999999999,0.0002,0.001,7388.0,cfe1ba7419f63cc5c899c454d8cc8251c0cecbf892b5eebad8534a2c5dd592a8,three_row_sha256,2bdff8b886c5fb3448851eb3edd702d894f3deac3fadb464bc76114e10c71e78,fa66d19baacaf6e69156c6de01dc8e4c07b1dc63c9d907414be5465835ec8e95,e86426c9fc39789e18f6d34424282846a53a79b76839f12f6f5a72d59f690eb6,17.948221880942583,138.1079349666834,21.58501697704196,5.383780924603343,0.062447041273117065,138.1297088228166,0.794274965301156,322.01138557866216,0.0,0.0,14496.831131633371,72.1318090800196,225000,225000,,7.3473173386245945,False,False,ok
Schirrmeister2017,hgd_support_calibration,normalized_update,resampled_uniform_N5000,resampled,uniform,3,6398,46,100,5000,0.0,128,8256,8.095294589608049e-05,0.008997385503360433,,,,,8.580758192420689e-06,7.3473173386245945,8.095294589608049e-05,6.2774161846076e-05,0.0013265451556517575,1.1864092199381896e-05,8.51719319141624,4999.999999999999,0.0002,0.001,7433.0,00871b542671f4cbda9ed982b69b9dff525e3d213edf7adf548c96758af624ec,three_row_sha256,8243a014a7210588b64e8d5fb0b3ae90f4b194bbfbe6069431ca9f8a78a757f2,fa66d19baacaf6e69156c6de01dc8e4c07b1dc63c9d907414be5465835ec8e95,e86426c9fc39789e18f6d34424282846a53a79b76839f12f6f5a72d59f690eb6,17.953092930838466,138.1056639365852,21.600028965622187,5.368662998080254,0.06119394674897194,138.31806601956487,0.7987990975379944,322.2055078949779,0.0,0.0,14819.036639528349,72.1318090800196,230000,230000,,7.3473173386245945,False,False,ok
Schirrmeister2017,hgd_support_calibration,normalized_update,resampled_uniform_N5000,resampled,uniform,3,6398,47,100,5000,0.0,128,8256,8.177782113645176e-05,0.009043109041499598,,,,,8.630926703054272e-06,7.3473173386245945,8.177782113645176e-05,6.536120080000968e-05,0.0012805977961108253,1.1937144372133856e-05,8.51719319141624,4999.999999999999,0.0002,0.001,7479.0,5f9c4cf5fcc1bbccbdf75f275b4442c452742493642e6d0332054cae4a21ad98,three_row_sha256,885e2b0c96a3c939fa1adf87707689110f57a1068a9cff0589addfd0d90311ba,fa66d19baacaf6e69156c6de01dc8e4c07b1dc63c9d907414be5465835ec8e95,e86426c9fc39789e18f6d34424282846a53a79b76839f12f6f5a72d59f690eb6,17.94879394583404,138.11241509392858,21.593668963760138,5.364485085010529,0.061091966927051544,138.21938284672797,0.794361112639308,322.0941990148276,0.0,0.0,15141.130838543177,72.1318090800196,235000,235000,,7.3473173386245945,False,False,ok
Schirrmeister2017,hgd_support_calibration,normalized_update,resampled_uniform_N5000,resampled,uniform,3,6398,48,100,5000,0.0,128,8256,8.126185407265537e-05,0.009014535710321157,,,,,8.60516862989632e-06,7.347317338624595,8.126185407265537e-05,5.99821262697261e-05,0.0009942239676148771,1.1956266695573602e-05,8.51719319141624,4999.999999999999,0.0002,0.001,7526.0,d241497c30d730b326b57dc833190b07cfdb44d7537154a8537baf7953e7eb16,three_row_sha256,720e3334d5169d5589ac05df568a4a9986186d757461a0ce67ff23aa0e61b0ed,fa66d19baacaf6e69156c6de01dc8e4c07b1dc63c9d907414be5465835ec8e95,e86426c9fc39789e18f6d34424282846a53a79b76839f12f6f5a72d59f690eb6,17.945779021829367,138.079185038805,21.578292129561305,5.357282934710383,0.061603961512446404,138.2700668182224,0.7888861000537872,322.0810960046947,0.0,0.0,15463.211934547871,72.1318090800196,240000,240000,,7.3473173386245945,False,False,ok
Schirrmeister2017,hgd_support_calibration,normalized_update,resampled_uniform_N5000,resampled,uniform,3,6398,49,100,5000,0.0,128,8256,8.069070703214145e-05,0.008982800622976192,,,,,8.579227144650659e-06,7.3473173386245945,8.069070703214145e-05,5.7444309079558965e-05,0.0007572114815892152,1.3097293070829225e-05,8.51719319141624,4999.999999999999,0.0002,0.001,7574.0,2afee81ff243f357242cce1f4469011a83acdb520a24f9491c7a382797d7bdfa,three_row_sha256,e746e8972b240cca3bc5a421783c76824c7ff648ea161249341a692de6cdbee2,fa66d19baacaf6e69156c6de01dc8e4c07b1dc63c9d907414be5465835ec8e95,e86426c9fc39789e18f6d34424282846a53a79b76839f12f6f5a72d59f690eb6,17.95093691907823,138.10180802829564,21.597689017653465,5.410126177594066,0.0625690445303917,138.28705507330596,0.7915790192782879,322.20176327973604,0.0,0.0,15785.413697827607,72.1318090800196,245000,245000,,7.3473173386245945,False,False,ok
Schirrmeister2017,hgd_support_calibration,normalized_update,resampled_uniform_N5000,resampled,uniform,3,6398,50,100,5000,0.0,128,8256,7.847954372845234e-05,0.0088588680839288,51.11926663181393,0.7186745442336657,28.132545576633426,28.132545576633426,8.446886271129999e-06,7.3473173386245945,7.847954372845234e-05,5.9734007555158973e-05,0.0017055530362891833,1.157485953362334e-05,8.51719319141624,4999.999999999999,0.0002,0.001,7623.0,ebe4949bb98fe725ebaad53f7e64af45630cd374d283a18738a99e90b040874b,three_row_sha256,fa050c1b060c42bfb3c32584fe667998cff1751c396ba6639c61a9226c8ae5bc,fa66d19baacaf6e69156c6de01dc8e4c07b1dc63c9d907414be5465835ec8e95,e86426c9fc39789e18f6d34424282846a53a79b76839f12f6f5a72d59f690eb6,17.94638787396252,138.11218994669616,21.583617897704244,5.3747789934277534,0.06104493513703346,138.49620008841157,0.7952800951898098,322.3694998305291,0.0,0.0,16107.783197658136,106.2679581809789,250000,250000,,7.3473173386245945,False,False,ok
Schirrmeister2017,hgd_support_calibration,normalized_update,resampled_uniform_N5000,resampled,uniform,3,6398,51,100,5000,0.0,128,8256,7.977947714948081e-05,0.008931935800792615,,,,,8.519732926508553e-06,7.3473173386245945,7.977947714948081e-05,6.044388136812528e-05,0.0009658715966891535,1.1017399903519907e-05,8.51719319141624,4999.999999999999,0.0002,0.001,7673.0,7cf5a4e3aafb1ac25d2ecddd6d70d2106a3660f8b34c29c8333922b84aeb4883,three_row_sha256,3edc5d2ebfb5f2ecad7af5f588b0a278827954c8dfa93ed7740d88de807ce6fa,fa66d19baacaf6e69156c6de01dc8e4c07b1dc63c9d907414be5465835ec8e95,e86426c9fc39789e18f6d34424282846a53a79b76839f12f6f5a72d59f690eb6,17.945297993719578,138.11687799170613,21.584291011095047,5.378663772717118,0.06307009607553482,138.25110089965165,0.7920667994767427,322.1313685644418,0.0,0.0,16429.91456622258,106.2679581809789,255000,255000,,7.3473173386245945,False,False,ok
Schirrmeister2017,hgd_support_calibration,normalized_update,resampled_uniform_N5000,resampled,uniform,3,6398,52,100,5000,0.0,128,8256,7.727704661431507e-05,0.008790736409102202,,,,,8.390289358182837e-06,7.3473173386245945,7.727704661431507e-05,5.5600106196136984e-05,0.0009845355729641279,1.1842362247494509e-05,8.51719319141624,4999.999999999999,0.0002,0.001,7724.0,ec6af88d01346ea1577f9b84b58187e84d0e99b50b4de8998da7ec5f0570d26e,three_row_sha256,b343cdf18f9bd3b190e3344c449da22da87c36c7f32ec0245fd0f82fff2d44e9,fa66d19baacaf6e69156c6de01dc8e4c07b1dc63c9d907414be5465835ec8e95,e86426c9fc39789e18f6d34424282846a53a79b76839f12f6f5a72d59f690eb6,17.946147825568914,138.10099312104285,21.593987941741943,5.380637943744659,0.06008311174809933,138.24503310024738,0.7970868609845638,322.1239699050784,0.0,0.0,16752.038536127657,106.2679581809789,260000,260000,,7.3473173386245945,False,False,ok
Schirrmeister2017,hgd_support_calibration,normalized_update,resampled_uniform_N5000,resampled,uniform,3,6398,53,100,5000,0.0,128,8256,7.753352241983641e-05,0.008805312170493242,,,,,8.392071050815532e-06,7.3473173386245945,7.753352241983641e-05,5.658798202509572e-05,0.000651647654517437,1.0721533961341273e-05,8.51719319141624,4999.999999999999,0.0002,0.001,7776.0,d53bc43cf094a08cac33ed2131ff979a133226b574c82a983cdd8b17ccf24a6e,three_row_sha256,7a700d60305b4958b590b876be984c19d04745c4a3abe4414b287eb3699f672d,fa66d19baacaf6e69156c6de01dc8e4c07b1dc63c9d907414be5465835ec8e95,e86426c9fc39789e18f6d34424282846a53a79b76839f12f6f5a72d59f690eb6,17.943082144483924,138.11660092324018,21.577139850705862,5.339591996744275,0.05950499325990677,138.24018090963364,0.7944670505821705,322.07056786864996,0.0,0.0,17074.109103996307,106.2679581809789,265000,265000,,7.3473173386245945,False,False,ok
Schirrmeister2017,hgd_support_calibration,normalized_update,resampled_uniform_N5000,resampled,uniform,3,6398,54,100,5000,0.0,128,8256,7.854154441829886e-05,0.008862366750383266,,,,,8.449783612994132e-06,7.3473173386245945,7.854154441829886e-05,5.910241527619132e-05,0.0009811796765231587,1.3761990114349992e-05,8.51719319141624,4999.999999999999,0.0002,0.001,7829.0,9cf42b9f355217fe77434c4f1023bf3a66dff17463d5c5b94fa40373823dd0e4,three_row_sha256,b09dbd28c305878e7ceb12fa4917c9e072eb493f3544b519c42b2a1943df8a4d,fa66d19baacaf6e69156c6de01dc8e4c07b1dc63c9d907414be5465835ec8e95,e86426c9fc39789e18f6d34424282846a53a79b76839f12f6f5a72d59f690eb6,17.945209052413702,138.1003379356116,21.567010786384344,5.369629943743348,0.05973316729068756,138.13879201188684,0.7919708732515574,321.9726837705821,0.0,0.0,17396.08178776689,106.2679581809789,270000,270000,,7.3473173386245945,False,False,ok
Schirrmeister2017,hgd_support_calibration,normalized_update,resampled_uniform_N5000,resampled,uniform,3,6398,55,100,5000,0.0,128,8256,7.792843535066547e-05,0.008827708386136545,,,,,8.423807266098034e-06,7.3473173386245945,7.792843535066547e-05,5.7959925269687785e-05,0.0008277797263137591,9.180775898104088e-06,8.51719319141624,4999.999999999999,0.0002,0.001,7883.0,58c446632bedd742f52e012c86224c4bd45f8a9b532e273d6b38b405ef950fe3,three_row_sha256,ec625f41e671e7f0c0cfaa1d41880b6b982e0e6081fcab1b49d8d4abbe9e3cb1,fa66d19baacaf6e69156c6de01dc8e4c07b1dc63c9d907414be5465835ec8e95,e86426c9fc39789e18f6d34424282846a53a79b76839f12f6f5a72d59f690eb6,17.950263107195497,138.13812797889113,21.594436839222908,5.4234040435403585,0.06564799696207047,138.27549293637276,0.7947210688143969,322.2420939709991,0.0,0.0,17718.323881737888,106.2679581809789,275000,275000,,7.3473173386245945,False,False,ok
Schirrmeister2017,hgd_support_calibration,normalized_update,resampled_uniform_N5000,resampled,uniform,3,6398,56,100,5000,0.0,128,8256,7.670103707029301e-05,0.008757912826141455,,,,,8.354946528736974e-06,7.3473173386245945,7.670103707029301e-05,5.484128383447449e-05,0.0006143724968016243,1.0452452962046493e-05,8.51719319141624,4999.999999999999,0.0002,0.001,7938.0,1bd611dd49a691cbee603b0fb70eac4a523760f293e2fd34ed0cec1210e7bb37,three_row_sha256,610c5d06a58f4abcd8c7708ef1fb2a29b15282961ecbf44613129296901168ca,fa66d19baacaf6e69156c6de01dc8e4c07b1dc63c9d907414be5465835ec8e95,e86426c9fc39789e18f6d34424282846a53a79b76839f12f6f5a72d59f690eb6,17.953271977603436,138.1208710372448,21.596592850983143,5.3800600580871105,0.064491992816329,138.255731202662,0.797538086771965,322.16855720616877,0.0,0.0,18040.492438944057,106.2679581809789,280000,280000,,7.3473173386245945,False,False,ok
Schirrmeister2017,hgd_support_calibration,normalized_update,resampled_uniform_N5000,resampled,uniform,3,6398,57,100,5000,0.0,128,8256,7.498189947033614e-05,0.008659208940217123,,,,,8.253987878079765e-06,7.3473173386245945,7.498189947033614e-05,5.2617373575150545e-05,0.0006859527148584922,1.3499233858729383e-05,8.51719319141624,4999.999999999999,0.0002,0.001,7994.0,f3ee2f3c211dc79144ec1546d0d91877881c6e58ea4913c399db17d10c7d13e4,three_row_sha256,78c1cf656dacdbd43396a55862ea82b030970b26f8e8540049253ce4f99f4aa3,fa66d19baacaf6e69156c6de01dc8e4c07b1dc63c9d907414be5465835ec8e95,e86426c9fc39789e18f6d34424282846a53a79b76839f12f6f5a72d59f690eb6,17.94552500359714,138.1055519450456,21.59176184795797,5.3861059714108706,0.06514997221529484,138.26766004785895,0.7961888331919909,322.1579436212778,0.0,0.0,18362.650382565334,106.2679581809789,285000,285000,,7.3473173386245945,False,False,ok
Schirrmeister2017,hgd_support_calibration,normalized_update,resampled_uniform_N5000,resampled,uniform,3,6398,58,100,5000,0.0,128,8256,7.510833227919179e-05,0.00866650634795774,,,,,8.258450862419232e-06,7.347317338624594,7.510833227919179e-05,5.2453888526332785e-05,0.0006480102853915269,1.3706828316472106e-05,8.51719319141624,4999.999999999999,0.0002,0.001,8051.0,cc46b8dfabdd91b77e6361d598305ed211c9aa4072f49763061fe63c3e5f3452,three_row_sha256,432b16559a7c2a1499d3cb639c3627a6ae38ca6582cfa088c2dc87b7496da92b,fa66d19baacaf6e69156c6de01dc8e4c07b1dc63c9d907414be5465835ec8e95,e86426c9fc39789e18f6d34424282846a53a79b76839f12f6f5a72d59f690eb6,17.94888311997056,138.12035089358687,21.59850299358368,5.401622038334608,0.06610900163650513,138.23055289685726,0.7948470301926136,322.1608679741621,0.0,0.0,18684.811250539497,106.2679581809789,290000,290000,,7.3473173386245945,False,False,ok
Schirrmeister2017,hgd_support_calibration,normalized_update,resampled_uniform_N5000,resampled,uniform,3,6398,59,100,5000,0.0,128,8256,7.534462174372771e-05,0.008680127979685997,,,,,8.27353131570837e-06,7.347317338624595,7.534462174372771e-05,5.106611097217473e-05,0.0006642045656483735,1.0696154381678621e-05,8.51719319141624,4999.999999999999,0.0002,0.001,8109.0,a70912b1c9c8f8e425b38084619ff09f816db0c3d3f30adde9491bc426adeb25,three_row_sha256,d5c91d0b7f2ccd976cb6c5b6e9d10017bed3e9287fc9f6351c2d9e00368a7434,fa66d19baacaf6e69156c6de01dc8e4c07b1dc63c9d907414be5465835ec8e95,e86426c9fc39789e18f6d34424282846a53a79b76839f12f6f5a72d59f690eb6,17.94695691205561,138.1142670288682,21.60254307091236,5.3890368435531855,0.062003033235669136,138.19811190478504,0.7963709067553282,322.1092897001654,0.0,0.0,19006.920540239662,106.2679581809789,295000,295000,,7.3473173386245945,False,False,ok
Schirrmeister2017,hgd_support_calibration,normalized_update,resampled_uniform_N5000,resampled,uniform,3,6398,60,100,5000,0.0,128,8256,7.383252196913151e-05,0.008592585290186621,,,,,8.19213849848972e-06,7.3473173386245945,7.383252196913151e-05,4.924112635439732e-05,0.000656139529376053,1.1705730955030066e-05,8.51719319141624,4999.999999999999,0.0002,0.001,8168.0,a0d8234e1f1659dee64a614d44dd5a1c00f093299deef622b51010e95bb90832,three_row_sha256,d45f780d549aba1e71d5e42ae8b03606db75366c86d0575fa9eae921c26477d2,fa66d19baacaf6e69156c6de01dc8e4c07b1dc63c9d907414be5465835ec8e95,e86426c9fc39789e18f6d34424282846a53a79b76839f12f6f5a72d59f690eb6,17.948301974684,138.1057978142053,21.590432850643992,5.388126941397786,0.0628940761089325,138.17313686013222,0.7969550788402557,322.0656455960125,0.0,0.0,19328.986185835674,106.2679581809789,300000,300000,,7.3473173386245945,False,False,ok
Schirrmeister2017,hgd_support_calibration,normalized_update,resampled_uniform_N5000,resampled,uniform,3,6398,61,100,5000,0.0,128,8256,7.382273665950531e-05,0.008592015867042222,,,,,8.188642832482617e-06,7.3473173386245945,7.382273665950531e-05,5.040095230273526e-05,0.0006894116932386628,9.009355359280633e-06,8.51719319141624,4999.999999999999,0.0002,0.001,8228.0,f818362f1eea811417e36cc68b3f4de1eeaadb675231d3af65be48dde001fdb7,three_row_sha256,b77965b9219a5f5c785773baaa9aa11f1bde1c0ffcb2b7f4ea6ada605d55623f,fa66d19baacaf6e69156c6de01dc8e4c07b1dc63c9d907414be5465835ec8e95,e86426c9fc39789e18f6d34424282846a53a79b76839f12f6f5a72d59f690eb6,17.95008289627731,138.12213111668825,21.604784997180104,5.43184787966311,0.0654030591249466,138.26053589582443,0.7870250847190619,322.2218109294772,0.0,0.0,19651.20799676515,106.2679581809789,305000,305000,,7.3473173386245945,False,False,ok
Schirrmeister2017,hgd_support_calibration,normalized_update,resampled_uniform_N5000,resampled,uniform,3,6398,62,100,5000,0.0,128,8256,7.52880650518452e-05,0.008676869542170448,,,,,8.269853649545945e-06,7.3473173386245945,7.52880650518452e-05,5.092699991602661e-05,0.00089516868378091,1.2764640045145473e-05,8.51719319141624,4999.999999999999,0.0002,0.001,8289.0,1ed7a41c2f2f128393554acccf08b2cf3a56f5ee32436ecbd441e0f87fb81acb,three_row_sha256,243c561d5ef7e63af5c4baf3520f75b6d5caec1c2285559b7fdc5b41aad54771,fa66d19baacaf6e69156c6de01dc8e4c07b1dc63c9d907414be5465835ec8e95,e86426c9fc39789e18f6d34424282846a53a79b76839f12f6f5a72d59f690eb6,17.952162073925138,138.11582094058394,21.603046916425228,5.34849613904953,0.06177881732583046,138.26618110761046,0.7912840228527784,322.1387700177729,0.0,0.0,19973.346766782925,106.2679581809789,310000,310000,,7.3473173386245945,False,False,ok
Schirrmeister2017,hgd_support_calibration,normalized_update,resampled_uniform_N5000,resampled,uniform,3,6398,63,100,5000,0.0,128,8256,7.32814448320637e-05,0.008560458213907928,,,,,8.154655865288014e-06,7.3473173386245945,7.32814448320637e-05,4.5885743991958575e-05,0.0004564945930262952,1.2650401126503516e-05,8.51719319141624,4999.999999999999,0.0002,0.001,8351.0,8b92308934749332e518f5ced80838daadd657f6579ae33ac8a3ae61c4250e13,three_row_sha256,4a0dc0e932e32f63591c4f94aa59ea8e6d3c6ede1dc746f58bc9f09377f5da0b,fa66d19baacaf6e69156c6de01dc8e4c07b1dc63c9d907414be5465835ec8e95,e86426c9fc39789e18f6d34424282846a53a79b76839f12f6f5a72d59f690eb6,17.94979488477111,138.10678804293275,21.586004877462983,5.384537158533931,0.060851918533444405,138.33766989409924,0.7932540029287338,322.2189007792622,0.0,0.0,20295.565667562187,106.2679581809789,315000,315000,,7.3473173386245945,False,False,ok
Schirrmeister2017,hgd_support_calibration,normalized_update,resampled_uniform_N5000,resampled,uniform,3,6398,64,100,5000,0.0,128,8256,7.422103601647869e-05,0.008615163145087775,,,,,8.208443448458973e-06,7.3473173386245945,7.422103601647869e-05,4.8856707707133986e-05,0.0005396172712832334,1.2477824937043994e-05,8.51719319141624,4999.999999999999,0.0002,0.001,8414.0,41b0700c47be6c7f7ae190ffe89313ab4832656161d251015dfccb90634ce3fd,three_row_sha256,7a6d65f0f1b5bb15ff3141a5028095a1b8bad280413f9ae284b8c99c19422828,fa66d19baacaf6e69156c6de01dc8e4c07b1dc63c9d907414be5465835ec8e95,e86426c9fc39789e18f6d34424282846a53a79b76839f12f6f5a72d59f690eb6,17.955872928723693,138.14880698919296,21.604160079732537,5.4139369167387486,0.06301491521298885,138.28528206795454,0.79400185495615,322.2650757525116,0.0,0.0,20617.8307433147,106.2679581809789,320000,320000,,7.3473173386245945,False,False,ok
Schirrmeister2017,hgd_support_calibration,normalized_update,resampled_uniform_N5000,resampled,uniform,3,6398,65,100,5000,0.0,128,8256,7.096317206593293e-05,0.008423964153884614,,,,,8.011343589916049e-06,7.3473173386245945,7.096317206593293e-05,4.373916150478807e-05,0.0006342292034028031,1.0530886891602492e-05,8.51719319141624,4999.999999999999,0.0002,0.001,8478.0,0756323a69f496e597561596a940841c094eda159de594660141a368ae92d253,three_row_sha256,36ed21a6d9875f59fa04619f0b764810c83228dd7ae89b51210947913c2b5e22,fa66d19baacaf6e69156c6de01dc8e4c07b1dc63c9d907414be5465835ec8e95,e86426c9fc39789e18f6d34424282846a53a79b76839f12f6f5a72d59f690eb6,17.952955095097423,138.13018496148288,21.59346709959209,5.373667925596237,0.059309881180524826,138.32355197519064,0.7951839361339808,322.2283208742738,0.0,0.0,20940.059064188972,106.2679581809789,325000,325000,,7.3473173386245945,False,False,ok
Schirrmeister2017,hgd_support_calibration,normalized_update,resampled_uniform_N5000,resampled,uniform,3,6398,66,100,5000,0.0,128,8256,7.237822358868011e-05,0.008507539220519651,,,,,8.10344102650803e-06,7.3473173386245945,7.237822358868011e-05,4.810596261369425e-05,0.0006518404274180313,1.203264873221578e-05,8.51719319141624,4999.999999999999,0.0002,0.001,8543.0,b1ea55f279e7a108316900747f154a69ac3d37ba629f2f22cdab7691068bec78,three_row_sha256,8fc0e9bf64ab95a8fa766f288b1a0d8a318ca1ab9047663ecdb1d35c14bccc1b,fa66d19baacaf6e69156c6de01dc8e4c07b1dc63c9d907414be5465835ec8e95,e86426c9fc39789e18f6d34424282846a53a79b76839f12f6f5a72d59f690eb6,17.95462006703019,138.11312709003687,21.598172141239047,5.336906062439084,0.05845492705702782,138.19650397635996,0.7901699282228947,322.0479541923851,0.0,0.0,21262.107018381357,106.2679581809789,330000,330000,,7.3473173386245945,False,False,ok
Schirrmeister2017,hgd_support_calibration,normalized_update,resampled_uniform_N5000,resampled,uniform,3,6398,67,100,5000,0.0,128,8256,7.152862155650728e-05,0.008457459521422924,,,,,8.050210362730118e-06,7.347317338624596,7.152862155650728e-05,4.633191577232592e-05,0.0006876358606876483,1.1306125860283058e-05,8.51719319141624,4999.999999999999,0.0002,0.001,8609.0,49a230bce1fd2d3a6e66149219ed02950d5b2d0455319ec650a7b597ddf63de5,three_row_sha256,62756b7e29340b28e2f41975009de5f1e235bac48f0c29eb20c4069b295f609f,fa66d19baacaf6e69156c6de01dc8e4c07b1dc63c9d907414be5465835ec8e95,e86426c9fc39789e18f6d34424282846a53a79b76839f12f6f5a72d59f690eb6,17.953165108338,138.1116861011833,21.587454015389085,5.364346085116267,0.05959486588835716,138.3122040424496,0.795064028352499,322.1835142467171,0.0,0.0,21584.290532628074,106.2679581809789,335000,335000,,7.3473173386245945,False,False,ok
Schirrmeister2017,hgd_support_calibration,normalized_update,resampled_uniform_N5000,resampled,uniform,3,6398,68,100,5000,0.0,128,8256,7.084413160080239e-05,0.008416895603534737,,,,,8.019417600936282e-06,7.347317338624595,7.084413160080239e-05,4.4336130720531225e-05,0.0006230729486955676,1.161623117587847e-05,8.51719319141624,4999.999999999999,0.0002,0.001,8676.0,a8bd08103aab1c597b9a95f8552fce52407d980805cdba2bb948dd7757aa9b18,three_row_sha256,64be64dc8ad7983c6eef96b572f76a22d28deb1c8171dd3eb80510d926d73b38,fa66d19baacaf6e69156c6de01dc8e4c07b1dc63c9d907414be5465835ec8e95,e86426c9fc39789e18f6d34424282846a53a79b76839f12f6f5a72d59f690eb6,17.95295299962163,138.09760008007288,21.587166003882885,5.328397965058684,0.057658879086375237,138.2782249711454,0.7932959124445915,322.09529681131244,0.0,0.0,21906.385829439387,106.2679581809789,340000,340000,,7.3473173386245945,False,False,ok
Schirrmeister2017,hgd_support_calibration,normalized_update,resampled_uniform_N5000,resampled,uniform,3,6398,69,100,5000,0.0,128,8256,7.078146113735478e-05,0.008413171883264646,,,,,8.014553102329816e-06,7.3473173386245945,7.078146113735478e-05,4.519289946462743e-05,0.0006366821958799024,9.737923865553792e-06,8.51719319141624,4999.999999999999,0.0002,0.001,8744.0,e407bc79add137d97e9d1682b41fb17ce95de59efbf9be5020e07b7c5fb38f5d,three_row_sha256,abd50a9ca06761e5107b9fd953f12d2de6d7f2f3746fc6abb8f218f3fb33c07a,fa66d19baacaf6e69156c6de01dc8e4c07b1dc63c9d907414be5465835ec8e95,e86426c9fc39789e18f6d34424282846a53a79b76839f12f6f5a72d59f690eb6,17.946555046364665,138.10242898762226,21.589048905298114,5.375782959163189,0.060057034716010094,138.20569682866335,0.7923808880150318,322.0719506498426,0.0,0.0,22228.45778008923,106.2679581809789,345000,345000,,7.3473173386245945,False,False,ok
Schirrmeister2017,hgd_support_calibration,normalized_update,resampled_uniform_N5000,resampled,uniform,3,6398,70,100,5000,0.0,128,8256,6.952509943290175e-05,0.008338171228327093,,,,,7.936792861837706e-06,7.3473173386245945,6.952509943290175e-05,4.1654391070958736e-05,0.0004696659401788941,1.214315903135485e-05,8.51719319141624,4999.999999999999,0.0002,0.001,8813.0,0f167c1d05269bd9829a4323d653cb6cc2ffed312f3c2c400cdaf596f5900eab,three_row_sha256,261a3780095e5a2b5d3017068253b39afe3426141e472f4dc5933167c10e047c,fa66d19baacaf6e69156c6de01dc8e4c07b1dc63c9d907414be5465835ec8e95,e86426c9fc39789e18f6d34424282846a53a79b76839f12f6f5a72d59f690eb6,17.943024868145585,138.11493408866227,21.57883602194488,5.377724999561906,0.06072712130844593,138.22291721589863,0.7899620104581118,322.08812632597983,0.0,0.0,22550.54590641521,106.2679581809789,350000,350000,,7.3473173386245945,False,False,ok
Schirrmeister2017,hgd_support_calibration,normalized_update,resampled_uniform_N5000,resampled,uniform,3,6398,71,100,5000,0.0,128,8256,7.122216344426765e-05,0.00843932245172962,,,,,8.033416965018637e-06,7.3473173386245945,7.122216344426765e-05,4.481367798741739e-05,0.0005405666620582017,1.3443371374739586e-05,8.51719319141624,4999.999999999999,0.0002,0.001,8883.0,a3a25b087ffa6c6062254f16adae224235f5197f840af140b8c96e52c1a74721,three_row_sha256,028a31c5e2a929c2c1c748685ae4964ca04a3aeb51aa742f2a886e2839750299,fa66d19baacaf6e69156c6de01dc8e4c07b1dc63c9d907414be5465835ec8e95,e86426c9fc39789e18f6d34424282846a53a79b76839f12f6f5a72d59f690eb6,17.945708008483052,138.10951705090702,21.581646986305714,5.358916940167546,0.059507088735699654,138.25206109322608,0.7871619891375303,322.09451915696263,0.0,0.0,22872.64042557217,106.2679581809789,355000,355000,,7.3473173386245945,False,False,ok
Schirrmeister2017,hgd_support_calibration,normalized_update,resampled_uniform_N5000,resampled,uniform,3,6398,72,100,5000,0.0,128,8256,6.961549012393622e-05,0.008343589762442555,,,,,7.931328422002797e-06,7.3473173386245945,6.961549012393622e-05,4.490400543313624e-05,0.0005395671273369721,1.2670682682455074e-05,8.51719319141624,4999.999999999999,0.0002,0.001,8954.0,11fd78587e213f667af401c467eb703927da9ada455333d6fce21ae1b49ae240,three_row_sha256,ed9a85821753fd1459256faccc8baec7443375022f0d1613a22357626603bf74,fa66d19baacaf6e69156c6de01dc8e4c07b1dc63c9d907414be5465835ec8e95,e86426c9fc39789e18f6d34424282846a53a79b76839f12f6f5a72d59f690eb6,17.94595504179597,138.10876104980707,21.59323892556131,5.367120960727334,0.06076181307435036,138.318310957402,0.7949559949338436,322.18910474330187,0.0,0.0,23194.829530315474,106.2679581809789,360000,360000,,7.3473173386245945,False,False,ok
Schirrmeister2017,hgd_support_calibration,normalized_update,resampled_uniform_N5000,resampled,uniform,3,6398,73,100,5000,0.0,128,8256,6.949370135307042e-05,0.008336288223968173,,,,,7.929902029784408e-06,7.3473173386245945,6.949370135307042e-05,4.438560196423715e-05,0.0009195026233625576,1.1908993440065591e-05,8.51719319141624,4999.999999999999,0.0002,0.001,9026.0,80e28bd876a4ffa50233afe2f8f34a87ae71047adbcef86b12fbc5a9bc1a157a,three_row_sha256,13f119ac24a38529ddc5faa3c18d05d15e8da63a992e16a79fe4dbc4e8ed18b7,fa66d19baacaf6e69156c6de01dc8e4c07b1dc63c9d907414be5465835ec8e95,e86426c9fc39789e18f6d34424282846a53a79b76839f12f6f5a72d59f690eb6,17.944552935659885,138.10341199859977,21.58868801780045,5.381464026868343,0.06252899765968323,138.20297690108418,0.7950919680297375,322.07871484570205,0.0,0.0,23516.908245161176,106.2679581809789,365000,365000,,7.3473173386245945,False,False,ok
Schirrmeister2017,hgd_support_calibration,normalized_update,resampled_uniform_N5000,resampled,uniform,3,6398,74,100,5000,0.0,128,8256,6.76723629113872e-05,0.008226321347442441,,,,,7.826756397504052e-06,7.3473173386245945,6.76723629113872e-05,4.002920676185703e-05,0.0005110918626648923,1.1616477781867652e-05,8.51719319141624,4999.999999999999,0.0002,0.001,9099.0,0559fba40917fcbe0a074d88709a42ce7cbe68e7f86bbdeabd46d08b70958aa3,three_row_sha256,dc38b2fb3dabe6eba8628ddbd59f21d5930473a1a6931941806b78a21ccb2552,fa66d19baacaf6e69156c6de01dc8e4c07b1dc63c9d907414be5465835ec8e95,e86426c9fc39789e18f6d34424282846a53a79b76839f12f6f5a72d59f690eb6,17.945951083675027,138.10878712683916,21.591187920421362,5.365230143070221,0.06075901910662651,138.24274390935898,0.7954691536724567,322.11012835614383,0.0,0.0,23839.01837351732,106.2679581809789,370000,370000,,7.3473173386245945,False,False,ok
Schirrmeister2017,hgd_support_calibration,normalized_update,resampled_uniform_N5000,resampled,uniform,3,6398,75,100,5000,0.0,128,8256,6.811421578222463e-05,0.008253133694677714,49.78188771749398,0.699872627753932,30.012737224606795,30.012737224606795,7.852476160567964e-06,7.3473173386245945,6.811421578222463e-05,4.212142118190495e-05,0.000594081150314348,9.96692263772982e-06,8.51719319141624,4999.999999999999,0.0002,0.001,9173.0,783474ff37593d831bfdc240e9c374d7f389de7bea99ca9d4788631f0f86b6cb,three_row_sha256,5ddc597259d00cae03c5545b1e864dff38f26702a13e136d1e40dc4565f18cca,fa66d19baacaf6e69156c6de01dc8e4c07b1dc63c9d907414be5465835ec8e95,e86426c9fc39789e18f6d34424282846a53a79b76839f12f6f5a72d59f690eb6,17.947956919670105,138.12156789936125,21.590571152046323,5.371424136683345,0.06500002928078175,138.26491800136864,0.793056096881628,322.1544942352921,0.0,0.0,24161.17286775261,139.36557318083942,375000,375000,,7.3473173386245945,False,False,ok
Schirrmeister2017,hgd_support_calibration,normalized_update,resampled_uniform_N5000,resampled,uniform,3,6398,76,100,5000,0.0,128,8256,6.803564452447721e-05,0.008248372234839867,,,,,7.849789714539012e-06,7.3473173386245945,6.803564452447721e-05,4.140788339916835e-05,0.0005831694622085895,1.0187904570580098e-05,8.51719319141624,4999.999999999999,0.0002,0.001,9248.0,6e04a349aeec85aea1b50c36d68b23ef299ba0c1575c72a9af3725a254d9159d,three_row_sha256,346284216e94628046c5fd7d54594e5ff68261e7af7d54e964170781d508a656,fa66d19baacaf6e69156c6de01dc8e4c07b1dc63c9d907414be5465835ec8e95,e86426c9fc39789e18f6d34424282846a53a79b76839f12f6f5a72d59f690eb6,17.9571439512074,138.12937098555267,21.608889801427722,5.3838989697396755,0.06270594894886017,138.34754610434175,0.7946689147502184,322.2842246759683,0.0,0.0,24483.45709242858,139.36557318083942,380000,380000,,7.3473173386245945,False,False,ok
Schirrmeister2017,hgd_support_calibration,normalized_update,resampled_uniform_N5000,resampled,uniform,3,6398,77,100,5000,0.0,128,8256,6.872379286435284e-05,0.00828998147551325,,,,,7.889534160282565e-06,7.3473173386245945,6.872379286435284e-05,4.367314531984364e-05,0.0008387105520078926,1.3066455176535535e-05,8.51719319141624,4999.999999999999,0.0002,0.001,9324.0,f13ed4f50ce996cedbf26f4e4d468b62135fb96c7b8a58b607854cc87a8e14b3,three_row_sha256,7b31b16e5aa3653a7af69f4c380abd3433f0c3757d3eeec00dcea64c488d8298,fa66d19baacaf6e69156c6de01dc8e4c07b1dc63c9d907414be5465835ec8e95,e86426c9fc39789e18f6d34424282846a53a79b76839f12f6f5a72d59f690eb6,17.95223681256175,138.1392979528755,21.595799829810858,5.383964162319899,0.0626840628683567,138.3412790019065,0.7877401076257229,322.2630019299686,0.0,0.0,24805.72009435855,139.36557318083942,385000,385000,,7.3473173386245945,False,False,ok
Schirrmeister2017,hgd_support_calibration,normalized_update,resampled_uniform_N5000,resampled,uniform,3,6398,78,100,5000,0.0,128,8256,6.742548039000628e-05,0.008211301991158666,,,,,7.81172265758475e-06,7.347317338624595,6.742548039000628e-05,3.8731478477596966e-05,0.0004288753712613847,1.0747331283159722e-05,8.51719319141624,4999.999999999999,0.0002,0.001,9401.0,7447c08c02174d565afc864164e90eca36b2d5fcc28af8f3fe918d40f89617b2,three_row_sha256,afe8528953e47350ba009df8ab194247b3d6018ec3a308269f8a4b5659ee1a40,fa66d19baacaf6e69156c6de01dc8e4c07b1dc63c9d907414be5465835ec8e95,e86426c9fc39789e18f6d34424282846a53a79b76839f12f6f5a72d59f690eb6,17.971911933273077,138.11492593958974,21.599909057840705,5.366661818698049,0.05878601223230362,138.26762582175434,0.7920050993561745,322.1718256827444,0.0,0.0,25127.891920041293,139.36557318083942,390000,390000,,7.3473173386245945,False,False,ok
Schirrmeister2017,hgd_support_calibration,normalized_update,resampled_uniform_N5000,resampled,uniform,3,6398,79,100,5000,0.0,128,8256,6.70520883324415e-05,0.008188533955015483,,,,,7.788841185052238e-06,7.347317338624595,6.70520883324415e-05,3.87573583699654e-05,0.0004647110096245246,1.0546883314234555e-05,8.51719319141624,4999.999999999999,0.0002,0.001,9479.0,c611eb3a5b5a78d3de379569ec9b9cf84058aaaa7cea83b031dbc35228ce7846,three_row_sha256,aa3ddcfcf6b6a5b023a6e97b72e40affd7a919b980b7d8b8fbfbc34aa411cf03,fa66d19baacaf6e69156c6de01dc8e4c07b1dc63c9d907414be5465835ec8e95,e86426c9fc39789e18f6d34424282846a53a79b76839f12f6f5a72d59f690eb6,17.94849894940853,138.11319903470576,21.585032111033797,5.38709806278348,0.062037957832217216,138.23795900680125,0.7952619343996048,322.12908705696464,0.0,0.0,25450.021007098258,139.36557318083942,395000,395000,,7.3473173386245945,False,False,ok
Schirrmeister2017,hgd_support_calibration,normalized_update,resampled_uniform_N5000,resampled,uniform,3,6398,80,100,5000,0.0,128,8256,6.686143840857517e-05,0.008176884394962128,,,,,7.770828373465134e-06,7.3473173386245945,6.686143840857517e-05,4.012875804629899e-05,0.0005879504557425536,1.2142950339928544e-05,8.51719319141624,4999.999999999999,0.0002,0.001,9558.0,6186f4c6a070eead7faef2eb95d23ffabb7abcbf947ec5416ec1bd9b5eabd628,three_row_sha256,f0079b268b3757c12509c16aa97ebe49f04c0dff68651dfc7805451ee9ce90bb,fa66d19baacaf6e69156c6de01dc8e4c07b1dc63c9d907414be5465835ec8e95,e86426c9fc39789e18f6d34424282846a53a79b76839f12f6f5a72d59f690eb6,17.951933899894357,138.1240461487323,21.58528217114508,5.379003006964922,0.06279093213379383,138.30137392506003,0.7922959048300982,322.1967259887606,0.0,0.0,25772.217733087018,139.36557318083942,400000,400000,,7.3473173386245945,False,False,ok
Schirrmeister2017,hgd_support_calibration,normalized_update,resampled_uniform_N5000,resampled,uniform,3,6398,81,100,5000,0.0,128,8256,6.72489773558179e-05,0.008200547381475087,,,,,7.79767158048349e-06,7.347317338624595,6.72489773558179e-05,3.895787009856723e-05,0.0005278883624809157,1.2547775621388554e-05,8.51719319141624,4999.999999999999,0.0002,0.001,9638.0,ee985f43843b69050b74d63dd90b1d6368cffe8967eb6421cec53aedd255f2dc,three_row_sha256,0039078eaa6f11388d913f6b08203238caa4fccbf0fc338ac37ba63fb64b899a,fa66d19baacaf6e69156c6de01dc8e4c07b1dc63c9d907414be5465835ec8e95,e86426c9fc39789e18f6d34424282846a53a79b76839f12f6f5a72d59f690eb6,17.948039108887315,138.1184549536556,21.5770669747144,5.384635180234909,0.05966098979115486,138.23736691847444,0.7911589927971363,322.11638311855495,0.0,0.0,26094.334116205573,139.36557318083942,405000,405000,,7.3473173386245945,False,False,ok
Schirrmeister2017,hgd_support_calibration,normalized_update,resampled_uniform_N5000,resampled,uniform,3,6398,82,100,5000,0.0,128,8256,6.580272482625347e-05,0.00811188787066571,,,,,7.708480007819579e-06,7.3473173386245945,6.580272482625347e-05,3.943210582788094e-05,0.0006357787677454336,1.1477977562426053e-05,8.51719319141624,4999.999999999999,0.0002,0.001,9719.0,724153e65e091b58bff51b80dcc30b5038acd57616a0c4121e17cf12f6a03f32,three_row_sha256,515e8e1c2004d1e0422b2bc5eba4c66126772b912520e0a3e1146f584bde754c,fa66d19baacaf6e69156c6de01dc8e4c07b1dc63c9d907414be5465835ec8e95,e86426c9fc39789e18f6d34424282846a53a79b76839f12f6f5a72d59f690eb6,17.947820015251637,138.11875809915364,21.575325867161155,5.384518997743726,0.05981908179819584,138.22769303806126,0.7974451873451471,322.11138028651476,0.0,0.0,26416.445496492088,139.36557318083942,410000,410000,,7.3473173386245945,False,False,ok
Schirrmeister2017,hgd_support_calibration,normalized_update,resampled_uniform_N5000,resampled,uniform,3,6398,83,100,5000,0.0,128,8256,6.560443262125205e-05,0.008099656327354392,,,,,7.703470427346102e-06,7.3473173386245945,6.560443262125205e-05,3.7427596335199604e-05,0.00047599070492221015,1.0644894154025132e-05,8.51719319141624,4999.999999999999,0.0002,0.001,9801.0,31f84fced56ad8c98597b3515857f87857c6099544122c2ea39dbc2c844d381a,three_row_sha256,93144e19d6be0c6bf45714f617f190ba704ecf1ae473cbd52dd85c8f545836e4,fa66d19baacaf6e69156c6de01dc8e4c07b1dc63c9d907414be5465835ec8e95,e86426c9fc39789e18f6d34424282846a53a79b76839f12f6f5a72d59f690eb6,17.950115958228707,138.12701706774533,21.589471958577633,5.412273108959198,0.0640740618109703,138.26423790305853,0.7886169478297234,322.1958070062101,0.0,0.0,26738.641303498298,139.36557318083942,415000,415000,,7.3473173386245945,False,False,ok
Schirrmeister2017,hgd_support_calibration,normalized_update,resampled_uniform_N5000,resampled,uniform,3,6398,84,100,5000,0.0,128,8256,6.540548093072243e-05,0.008087365512373138,,,,,7.692368702574124e-06,7.3473173386245945,6.540548093072243e-05,3.785681358198934e-05,0.00043312639811142933,1.0128139508137224e-05,8.51719319141624,4999.999999999999,0.0002,0.001,9884.0,f1113a37601ddb598ed97212f910b71766762b7ad4ccfdc1478f352995956ee7,three_row_sha256,09cc2fa742ffa1c1ef77b221ad94fc08045b4e8531b88826fe258eab241f71fb,fa66d19baacaf6e69156c6de01dc8e4c07b1dc63c9d907414be5465835ec8e95,e86426c9fc39789e18f6d34424282846a53a79b76839f12f6f5a72d59f690eb6,17.94664212502539,138.1238338071853,21.584239089861512,5.390150938183069,0.060276128351688385,138.2314870133996,0.7944570388644934,322.13108614087105,0.0,0.0,27060.77238963917,139.36557318083942,420000,420000,,7.3473173386245945,False,False,ok
Schirrmeister2017,hgd_support_calibration,normalized_update,resampled_uniform_N5000,resampled,uniform,3,6398,85,100,5000,0.0,128,8256,6.478348280944586e-05,0.008048818721368116,,,,,7.650245141509273e-06,7.3473173386245945,6.478348280944586e-05,3.566724445813042e-05,0.0004229007308965072,9.827023739059468e-06,8.51719319141624,4999.999999999999,0.0002,0.001,9968.0,355ad9f2eaa8e05fdb060b98e59ae3a3339539697a25c88b693244ae8cf3729e,three_row_sha256,1070519ebb0bcf3c54ee65e6f17cf914a2914df3c8167a1e6eeda58bc822ea3c,fa66d19baacaf6e69156c6de01dc8e4c07b1dc63c9d907414be5465835ec8e95,e86426c9fc39789e18f6d34424282846a53a79b76839f12f6f5a72d59f690eb6,17.949589993804693,138.1158628500998,21.585669135674834,5.388443823903799,0.06476906128227711,138.22474400512874,0.7931990548968315,322.122277924791,0.0,0.0,27382.89466756396,139.36557318083942,425000,425000,,7.3473173386245945,False,False,ok
Schirrmeister2017,hgd_support_calibration,normalized_update,resampled_uniform_N5000,resampled,uniform,3,6398,86,100,5000,0.0,128,8256,6.54672201821092e-05,0.008091181630769958,,,,,7.688102100880274e-06,7.347317338624594,6.54672201821092e-05,3.8614431942947576e-05,0.0005727489236067929,1.0504850354811693e-05,8.51719319141624,4999.999999999999,0.0002,0.001,10053.0,09ed0c92185be08d0c3f88c5c72e08ea33541b4b136cb70d62d25b8e26abebbf,three_row_sha256,40c7067179a7fb96372e1e432db6de24562944323c93eb22b33efd6fd7fac66f,fa66d19baacaf6e69156c6de01dc8e4c07b1dc63c9d907414be5465835ec8e95,e86426c9fc39789e18f6d34424282846a53a79b76839f12f6f5a72d59f690eb6,17.948471009731293,138.12454417347908,21.576418075710535,5.358107155188918,0.060042133554816246,138.19933403283358,0.794209074229002,322.0611256547272,0.0,0.0,27704.955793218687,139.36557318083942,430000,430000,,7.3473173386245945,False,False,ok
Schirrmeister2017,hgd_support_calibration,normalized_update,resampled_uniform_N5000,resampled,uniform,3,6398,87,100,5000,0.0,128,8256,6.580178880781665e-05,0.008111830176218967,,,,,7.713045254774748e-06,7.3473173386245945,6.580178880781665e-05,3.974312776232573e-05,0.0009245589635653189,1.3855797830362575e-05,8.51719319141624,4999.999999999999,0.0002,0.001,10139.0,8579d1ff5b13187cb7a8350c290cb6c21795f950eea6e46986311abd1ac9d38d,three_row_sha256,72d7338ec632d67a66cd4622db9d3ffcc901db3f613f9b938a9eddd010341a5d,fa66d19baacaf6e69156c6de01dc8e4c07b1dc63c9d907414be5465835ec8e95,e86426c9fc39789e18f6d34424282846a53a79b76839f12f6f5a72d59f690eb6,17.942925915122032,138.1184640340507,21.576940082013607,5.389546975493431,0.059009063988924026,138.23240902274847,0.7969420403242111,322.1162371337414,0.0,0.0,28027.07203035243,139.36557318083942,435000,435000,,7.3473173386245945,False,False,ok
Schirrmeister2017,hgd_support_calibration,normalized_update,resampled_uniform_N5000,resampled,uniform,3,6398,88,100,5000,0.0,128,8256,6.487170074293267e-05,0.008054297035926392,,,,,7.656054116459804e-06,7.3473173386245945,6.487170074293267e-05,3.750675955019125e-05,0.0005619852332490067,1.05796322518828e-05,8.51719319141624,4999.999999999999,0.0002,0.001,10226.0,8e2bb4fa138fd8b6ba54fd67c54e87fd8d3f518221847d2c9f53e74931871a18,three_row_sha256,ce967fbb995b91f0e2322dd30d10c4c8e9f15a678027a1a1ba120a0f2b40bed3,fa66d19baacaf6e69156c6de01dc8e4c07b1dc63c9d907414be5465835ec8e95,e86426c9fc39789e18f6d34424282846a53a79b76839f12f6f5a72d59f690eb6,17.949890112504363,138.11026816256344,21.58805401995778,5.387031938880682,0.05907798185944557,138.18049896508455,0.7877459283918142,322.0625671092421,0.0,0.0,28349.13459746167,139.36557318083942,440000,440000,,7.3473173386245945,False,False,ok
Schirrmeister2017,hgd_support_calibration,normalized_update,resampled_uniform_N5000,resampled,uniform,3,6398,89,100,5000,0.0,128,8256,6.446541684516747e-05,0.008029035860249192,,,,,7.629774452789537e-06,7.3473173386245945,6.446541684516747e-05,3.745080783908912e-05,0.0004820919085770008,1.0985493760891239e-05,8.51719319141624,4999.999999999999,0.0002,0.001,10314.0,bf7250f07cbe77cb9e57678e9b592fc44d389fbba6b98410646624ee61c85b7e,three_row_sha256,9bff5b78d8cfc904a7c4a547eb9feb7f37bc47fd4d0a1dbf25af8af4d283e66e,fa66d19baacaf6e69156c6de01dc8e4c07b1dc63c9d907414be5465835ec8e95,e86426c9fc39789e18f6d34424282846a53a79b76839f12f6f5a72d59f690eb6,17.957139061763883,138.1298010237515,21.589099895209074,5.370155908167362,0.05967589095234871,138.24376999400556,0.7941529620438814,322.1437947358936,0.0,0.0,28671.278392197564,139.36557318083942,445000,445000,,7.3473173386245945,False,False,ok
Schirrmeister2017,hgd_support_calibration,normalized_update,resampled_uniform_N5000,resampled,uniform,3,6398,90,100,5000,0.0,128,8256,6.397824329731494e-05,0.007998640090497567,,,,,7.5994635853715775e-06,7.3473173386245945,6.397824329731494e-05,3.586941674941323e-05,0.00039151413009615117,9.23639932907857e-06,8.51719319141624,4999.999999999999,0.0002,0.001,10403.0,d587ccc70425885d33e4438f1f642fe8606bd6945619d23dfe2e45f4f49353ff,three_row_sha256,5ac92ee5c048229976a054c8b602b1d280a7da78df031e1c164425a683d6b7e6,fa66d19baacaf6e69156c6de01dc8e4c07b1dc63c9d907414be5465835ec8e95,e86426c9fc39789e18f6d34424282846a53a79b76839f12f6f5a72d59f690eb6,17.94444606639445,138.12967715784907,21.587277064099908,5.37899904884398,0.06697583012282848,138.19541013799608,0.7931541185826063,322.0959394238889,0.0,0.0,28993.374331621453,139.36557318083942,450000,450000,,7.3473173386245945,False,False,ok
Schirrmeister2017,hgd_support_calibration,normalized_update,resampled_uniform_N5000,resampled,uniform,3,6398,91,100,5000,0.0,128,8256,6.41195433758931e-05,0.008007467975327351,,,,,7.60886143904302e-06,7.347317338624595,6.41195433758931e-05,3.5751745359877006e-05,0.0004797820625419202,9.328136264488579e-06,8.51719319141624,4999.999999999999,0.0002,0.001,10493.0,0a2ea25eac9e4e6502b5b8007f48c553f7aa59e654c74b197ba9881e75b606f0,three_row_sha256,f59d7758db1855c1bcdb42862a0b4c49fe64e67f1b8b03f7b16713587ae32331,fa66d19baacaf6e69156c6de01dc8e4c07b1dc63c9d907414be5465835ec8e95,e86426c9fc39789e18f6d34424282846a53a79b76839f12f6f5a72d59f690eb6,17.939626006409526,138.11488798819482,21.58419298939407,5.337185924872756,0.05949498154222965,138.18628201261163,0.7935930043458939,322.0152629073709,0.0,0.0,29315.389594528824,139.36557318083942,455000,455000,,7.3473173386245945,False,False,ok
Schirrmeister2017,hgd_support_calibration,normalized_update,resampled_uniform_N5000,resampled,uniform,3,6398,92,100,5000,0.0,128,8256,6.488481116319412e-05,0.00805511087218507,,,,,7.653818136925746e-06,7.3473173386245945,6.488481116319412e-05,3.7524077255186896e-05,0.0006696815640256457,1.2039664064948468e-05,8.51719319141624,4999.999999999999,0.0002,0.001,10584.0,6cbb25fdc9d5865d0c570566e191986c1de2fbc16c8e828c07f8a76360eeaf40,three_row_sha256,74f24301b3ae1f41ac5b30b1e3b49213359c50ab4b5bfcf2b65b4a3a4a557dc0,fa66d19baacaf6e69156c6de01dc8e4c07b1dc63c9d907414be5465835ec8e95,e86426c9fc39789e18f6d34424282846a53a79b76839f12f6f5a72d59f690eb6,17.9486689157784,138.1173401605338,21.59155299887061,5.377862835302949,0.06263307295739651,138.26877321116626,0.7914588786661625,322.15829007327557,0.0,0.0,29637.5478846021,139.36557318083942,460000,460000,,7.3473173386245945,False,False,ok
Schirrmeister2017,hgd_support_calibration,normalized_update,resampled_uniform_N5000,resampled,uniform,3,6398,93,100,5000,0.0,128,8256,6.365790283265925e-05,0.007978590278530364,,,,,7.583522715316866e-06,7.3473173386245945,6.365790283265925e-05,3.524542317230612e-05,0.0003267492975364793,1.1047564931399083e-05,8.51719319141624,4999.999999999999,0.0002,0.001,10676.0,f3708ad64922c589b59e062390e88adc979ddfc747286434bbac058cd782d0d5,three_row_sha256,a7d3ce593ac4ed1dc1c916f2860e52d42c34659a01c8cd7b9e4a9bc187b58de4,fa66d19baacaf6e69156c6de01dc8e4c07b1dc63c9d907414be5465835ec8e95,e86426c9fc39789e18f6d34424282846a53a79b76839f12f6f5a72d59f690eb6,17.946616979315877,138.10703693889081,21.593607030808926,5.409374134615064,0.061681028455495834,138.23331613093615,0.7914521265774965,322.1430843695998,0.0,0.0,29959.6909689717,139.36557318083942,465000,465000,,7.3473173386245945,False,False,ok
Schirrmeister2017,hgd_support_calibration,normalized_update,resampled_uniform_N5000,resampled,uniform,3,6398,94,100,5000,0.0,128,8256,6.350630822142656e-05,0.0079690845284403,,,,,7.581485870589628e-06,7.3473173386245945,6.350630822142656e-05,3.4722516838451686e-05,0.00045735523737788157,1.2608709462423815e-05,8.51719319141624,4999.999999999999,0.0002,0.001,10769.0,9cfd73030721fe0d4f5528df8344a694cfab97bf950599fb3422359c78374c53,three_row_sha256,76f06e934d78f51179c4dff198b92ea9a56e5e925423d5403ba5d50157b082e1,fa66d19baacaf6e69156c6de01dc8e4c07b1dc63c9d907414be5465835ec8e95,e86426c9fc39789e18f6d34424282846a53a79b76839f12f6f5a72d59f690eb6,17.943957122042775,138.11658299528062,21.584856091067195,5.401303991675377,0.06318395026028156,138.42292199842632,0.7931219879537821,322.32592813670635,0.0,0.0,30282.016897108406,139.36557318083942,470000,470000,,7.3473173386245945,False,False,ok
Schirrmeister2017,hgd_support_calibration,normalized_update,resampled_uniform_N5000,resampled,uniform,3,6398,95,100,5000,0.0,128,8256,6.324302881161175e-05,0.007952548573357584,,,,,7.555242097104542e-06,7.3473173386245945,6.324302881161175e-05,3.643329516495022e-05,0.0008020603853449663,1.0900555858984296e-05,8.51719319141624,4999.999999999999,0.0002,0.001,10863.0,5009dbbb72a0b6ad233e2cd7e51049e34a0b6d533f951fe4e681ad71f1e37b83,three_row_sha256,3212f8e5e7c18cf17dd7bd5f3b1c6368f95e755bbd71b0fc37aa570c1d2e693d,fa66d19baacaf6e69156c6de01dc8e4c07b1dc63c9d907414be5465835ec8e95,e86426c9fc39789e18f6d34424282846a53a79b76839f12f6f5a72d59f690eb6,17.943795071914792,138.123877113685,21.58792898990214,5.391247104853392,0.06162794306874275,138.19271605461836,0.795300118625164,322.0964923966676,0.0,0.0,30604.113389505073,139.36557318083942,475000,475000,,7.3473173386245945,False,False,ok
Schirrmeister2017,hgd_support_calibration,normalized_update,resampled_uniform_N5000,resampled,uniform,3,6398,96,100,5000,0.0,128,8256,6.269626171591585e-05,0.007918097101950433,,,,,7.524158072472945e-06,7.3473173386245945,6.269626171591585e-05,3.377576017544403e-05,0.0003564439640786351,1.1891146584609599e-05,8.51719319141624,4999.999999999999,0.0002,0.001,10958.0,7b12627ff654b026ef38bf81b2a749d7b93183c2be8b49471405d757b0e90f80,three_row_sha256,9d7a7935a934604b7a97e84c0856194e118341a73c17e4129d9e6e6ff735448b,fa66d19baacaf6e69156c6de01dc8e4c07b1dc63c9d907414be5465835ec8e95,e86426c9fc39789e18f6d34424282846a53a79b76839f12f6f5a72d59f690eb6,17.945394152775407,138.1150761153549,21.592803997918963,5.3737279959023,0.061475904658436775,138.3335820864886,0.7924840319901705,322.2145442850888,0.0,0.0,30926.327933790162,139.36557318083942,480000,480000,,7.3473173386245945,False,False,ok
Schirrmeister2017,hgd_support_calibration,normalized_update,resampled_uniform_N5000,resampled,uniform,3,6398,97,100,5000,0.0,128,8256,6.265011933866947e-05,0.007915182836717638,,,,,7.519612022503776e-06,7.3473173386245945,6.265011933866947e-05,3.400875771906989e-05,0.00032171752300021736,1.1646148719559276e-05,8.51719319141624,4999.999999999999,0.0002,0.001,11054.0,b9051bf9523fe7b6aa8e674a3bf4ee7d9e3b1172ac71ca13701ca28114751833,three_row_sha256,c8e4dc72c1d4e5edbfb022ab3348dbae49744ce9767a4f09c270bc08d19b99d5,fa66d19baacaf6e69156c6de01dc8e4c07b1dc63c9d907414be5465835ec8e95,e86426c9fc39789e18f6d34424282846a53a79b76839f12f6f5a72d59f690eb6,17.949563916772604,138.10696313157678,21.58360183238983,5.395825020968914,0.06544101051986217,138.21010198444128,0.7950868457555771,322.10658374242485,0.0,0.0,31248.434517532587,139.36557318083942,485000,485000,,7.3473173386245945,False,False,ok
Schirrmeister2017,hgd_support_calibration,normalized_update,resampled_uniform_N5000,resampled,uniform,3,6398,98,100,5000,0.0,128,8256,6.206700423273459e-05,0.007878261498118388,,,,,7.478925110752684e-06,7.3473173386245945,6.206700423273459e-05,3.204255380848624e-05,0.0003609757216766796,1.012541660403699e-05,8.51719319141624,4999.999999999999,0.0002,0.001,11151.0,acbb411f61963949894c68b92fffd353cfee1dcc2eb098e0f408687f3b492ade,three_row_sha256,53d22b08bf986999a9eb32f5b9d5c531a7628324c80c95b48b11f885968fde68,fa66d19baacaf6e69156c6de01dc8e4c07b1dc63c9d907414be5465835ec8e95,e86426c9fc39789e18f6d34424282846a53a79b76839f12f6f5a72d59f690eb6,17.95163401402533,138.12469108961523,21.585306152701378,5.393410800024867,0.06231199949979782,138.2394100073725,0.7938251364976168,322.1505891997367,0.0,0.0,31570.585106732324,139.36557318083942,490000,490000,,7.3473173386245945,False,False,ok
Schirrmeister2017,hgd_support_calibration,normalized_update,resampled_uniform_N5000,resampled,uniform,3,6398,99,100,5000,0.0,128,8256,6.25874116268248e-05,0.007911220615481836,,,,,7.515741895928208e-06,7.3473173386245945,6.25874116268248e-05,3.441051549555194e-05,0.0004199342637163806,1.0998059996078366e-05,8.51719319141624,4999.999999999999,0.0002,0.001,11249.0,09cfac91ee394d856342c2d54ac4fa4feb3b78a5bfddb8f1237ff1a2faa50f03,three_row_sha256,76a521b813d8a3da10b1b565806960c7cd2e35b61609d5a6c17fa15241077b62,fa66d19baacaf6e69156c6de01dc8e4c07b1dc63c9d907414be5465835ec8e95,e86426c9fc39789e18f6d34424282846a53a79b76839f12f6f5a72d59f690eb6,17.946233972907066,138.10517289675772,21.587612805888057,5.382572999224067,0.06358185783028603,138.27002700418234,0.7991220336407423,322.1543235704303,0.0,0.0,31892.739430302754,139.36557318083942,495000,495000,,7.3473173386245945,False,False,ok
Schirrmeister2017,hgd_support_calibration,normalized_update,resampled_uniform_N5000,resampled,uniform,3,6398,100,100,5000,0.0,128,8256,6.208955300692753e-05,0.007879692443676183,48.666589188616435,0.6841928906462265,31.580710935377354,31.580710935377354,7.475230448115204e-06,7.3473173386245945,6.208955300692753e-05,3.361832606783973e-05,0.0003532880504783398,1.077178197827192e-05,8.51719319141624,4999.999999999999,0.0002,0.001,11348.0,ab8c4937c8f1b57d5c36277ea514d7c8fb1d72fa3a7c4069e9f78976389eca37,three_row_sha256,e4f6013ebb60c5cdc7bfabc15e24490dec9e9926ce60825ddb24b372bf65ef14,fa66d19baacaf6e69156c6de01dc8e4c07b1dc63c9d907414be5465835ec8e95,e86426c9fc39789e18f6d34424282846a53a79b76839f12f6f5a72d59f690eb6,17.948478925973177,138.11760395765305,21.584257017821074,5.389031022787094,0.06304704584181309,138.24867783114314,0.7910430431365967,322.14213884435594,0.0,0.0,32214.88156914711,171.58354306593537,500000,500000,,7.3473173386245945,False,False,ok
